codigo_ibge,municipio,ano,produtividade_ton_ha_ibge,previsao
3500105,Adamantina (SP),2001,80.0,61.52480577901185
3500105,Adamantina (SP),2002,76.311,78.12335307410889
3500105,Adamantina (SP),2003,77.794,79.43578275180944
3500105,Adamantina (SP),2004,80.0,79.24014071036694
3500105,Adamantina (SP),2005,81.307,82.07264280516705
3500105,Adamantina (SP),2006,75.0,82.11561844907122
3500105,Adamantina (SP),2007,100.0,83.94163615646053
3500105,Adamantina (SP),2008,90.0,96.02926267367357
3500105,Adamantina (SP),2009,80.0,92.14222951031238
3500105,Adamantina (SP),2010,80.0,80.0471332765077
3500105,Adamantina (SP),2011,75.0,78.934464467542
3500105,Adamantina (SP),2012,60.0,67.58476117874471
3500105,Adamantina (SP),2013,70.0,73.30874717937658
3500105,Adamantina (SP),2014,60.0,61.46084346789082
3500105,Adamantina (SP),2015,80.0,70.93615181387356
3500105,Adamantina (SP),2016,80.0,78.7339787544001
3500105,Adamantina (SP),2017,80.0,78.85450144279872
3500105,Adamantina (SP),2018,70.0,75.64791663629042
3500105,Adamantina (SP),2019,75.0,70.64816999409753
3500105,Adamantina (SP),2020,70.0,72.09999083088624
3500105,Adamantina (SP),2021,65.0,63.805397832276356
3500105,Adamantina (SP),2022,65.0,66.87382517567232
3500105,Adamantina (SP),2023,71.111,70.81711079752135
3500105,Adamantina (SP),2024,71.481,71.73743235107113
3500204,Adolfo (SP),2004,120.0,97.88492374744074
3500204,Adolfo (SP),2005,89.009,93.23593363910399
3500204,Adolfo (SP),2006,100.0,105.88048179839423
3500204,Adolfo (SP),2007,100.0,102.38572021854532
3500204,Adolfo (SP),2008,80.0,86.46478988180414
3500204,Adolfo (SP),2009,90.0,84.7980304277747
3500204,Adolfo (SP),2010,90.0,89.63205042822648
3500204,Adolfo (SP),2011,90.0,88.66190085489326
3500204,Adolfo (SP),2012,90.0,85.60838515768901
3500204,Adolfo (SP),2013,90.0,86.3547114982212
3500204,Adolfo (SP),2014,70.0,74.75686586943532
3500204,Adolfo (SP),2015,70.0,76.72924560550504
3500204,Adolfo (SP),2016,80.0,77.57989821685784
3500204,Adolfo (SP),2017,90.0,82.39382267891062
3500204,Adolfo (SP),2018,90.0,86.81081769884474
3500204,Adolfo (SP),2019,90.0,81.3346120684649
3500204,Adolfo (SP),2020,90.0,87.54981088031327
3500204,Adolfo (SP),2021,90.0,80.11728697193082
3500204,Adolfo (SP),2022,90.0,88.59405711815252
3500204,Adolfo (SP),2023,90.0,92.63170695757921
3500204,Adolfo (SP),2024,90.0,84.06072647702007
3500303,Aguaí (SP),2002,87.0,83.18292909530368
3500303,Aguaí (SP),2003,86.089,86.71448720504046
3500303,Aguaí (SP),2004,86.0,86.06064861611507
3500303,Aguaí (SP),2005,85.434,84.60752443152813
3500303,Aguaí (SP),2006,85.0,85.73587145271162
3500303,Aguaí (SP),2007,85.0,86.88959746055811
3500303,Aguaí (SP),2008,89.08,87.14843542838031
3500303,Aguaí (SP),2009,90.0,91.9187981515264
3500303,Aguaí (SP),2010,95.0,95.43370309660129
3500303,Aguaí (SP),2011,90.0,90.88189198090828
3500303,Aguaí (SP),2012,90.0,87.84878864896423
3500303,Aguaí (SP),2013,100.0,91.55417984993042
3500303,Aguaí (SP),2014,100.0,93.96313756757132
3500303,Aguaí (SP),2015,80.0,89.59225600398614
3500303,Aguaí (SP),2016,90.0,82.88224950682061
3500303,Aguaí (SP),2017,90.0,89.41242757661733
3500303,Aguaí (SP),2018,85.0,87.20875238490012
3500303,Aguaí (SP),2019,85.0,83.8730576211356
3500303,Aguaí (SP),2020,85.0,84.9006400732082
3500303,Aguaí (SP),2021,90.0,82.50750083473469
3500303,Aguaí (SP),2022,85.556,87.55798761820215
3500303,Aguaí (SP),2023,90.0,87.23578753175066
3500303,Aguaí (SP),2024,90.0,87.04019812750361
3500402,Águas da Prata (SP),2010,120.0,110.14598550634167
3500402,Águas da Prata (SP),2011,60.0,83.9467148830267
3500402,Águas da Prata (SP),2012,90.0,62.040737432858826
3500402,Águas da Prata (SP),2013,90.0,88.18549846366336
3500402,Águas da Prata (SP),2014,90.0,87.73505831381654
3500550,Águas de Santa Bárbara (SP),2007,80.0,80.31673644421754
3500550,Águas de Santa Bárbara (SP),2008,82.0,80.50219467976403
3500550,Águas de Santa Bárbara (SP),2009,61.651,76.362049633728
3500550,Águas de Santa Bárbara (SP),2010,85.0,66.43108441268916
3500550,Águas de Santa Bárbara (SP),2011,80.0,78.86377206469389
3500550,Águas de Santa Bárbara (SP),2012,100.0,85.03252792729947
3500550,Águas de Santa Bárbara (SP),2013,100.0,94.37439778907337
3500550,Águas de Santa Bárbara (SP),2014,100.0,89.94553189736106
3500550,Águas de Santa Bárbara (SP),2015,90.0,93.5732026532003
3500550,Águas de Santa Bárbara (SP),2016,63.0,82.0627726208838
3500550,Águas de Santa Bárbara (SP),2017,80.0,77.58815404225231
3500550,Águas de Santa Bárbara (SP),2018,70.0,77.0274054348173
3500550,Águas de Santa Bárbara (SP),2019,75.0,71.13923507599675
3500550,Águas de Santa Bárbara (SP),2020,55.0,68.50101593626192
3500550,Águas de Santa Bárbara (SP),2021,74.3,65.6607391180972
3500550,Águas de Santa Bárbara (SP),2022,70.0,76.28968501973705
3500550,Águas de Santa Bárbara (SP),2023,100.0,79.60623196608394
3500550,Águas de Santa Bárbara (SP),2024,133.5,99.4861902668998
3500709,Agudos (SP),2001,70.0,71.76227590953039
3500709,Agudos (SP),2002,70.0,76.80647781417635
3500709,Agudos (SP),2003,70.0,71.54177187909653
3500709,Agudos (SP),2004,77.996,74.638746930131
3500709,Agudos (SP),2005,77.723,79.24732376029846
3500709,Agudos (SP),2006,80.0,81.0457881463445
3500709,Agudos (SP),2007,88.669,83.87401793376903
3500709,Agudos (SP),2008,80.0,84.99173795210669
3500709,Agudos (SP),2009,80.0,80.49976447838453
3500709,Agudos (SP),2010,80.0,80.49871575195078
3500709,Agudos (SP),2011,79.5,80.38629308231846
3500709,Agudos (SP),2012,79.5,77.3870524236089
3500709,Agudos (SP),2013,79.5,79.85294081606438
3500709,Agudos (SP),2014,60.004,68.00399748428069
3500709,Agudos (SP),2015,64.794,69.04311730486097
3500709,Agudos (SP),2016,61.0,68.50677880425279
3500709,Agudos (SP),2017,70.0,67.35808542254969
3500709,Agudos (SP),2018,61.0,71.95374418975308
3500709,Agudos (SP),2019,70.0,69.1475580081385
3500709,Agudos (SP),2020,70.0,69.99572872193083
3500709,Agudos (SP),2021,73.0,68.69281276760742
3500709,Agudos (SP),2022,74.0,75.69514654737402
3500709,Agudos (SP),2023,70.0,78.55578333506026
3500709,Agudos (SP),2024,72.0,68.60304125233755
3500758,Alambari (SP),2009,88.888,82.05573661589298
3500758,Alambari (SP),2010,100.0,90.15289101075923
3500758,Alambari (SP),2011,92.3,92.01496284787129
3500758,Alambari (SP),2012,70.0,80.85266727436431
3500758,Alambari (SP),2013,80.0,72.83151892299092
3500758,Alambari (SP),2014,72.8,74.46939911303971
3500758,Alambari (SP),2015,80.0,77.74129404700136
3500758,Alambari (SP),2016,80.0,69.29660598371936
3500758,Alambari (SP),2017,80.0,80.14459898443235
3500758,Alambari (SP),2018,80.0,79.25934838896134
3500758,Alambari (SP),2019,80.0,79.53081238533434
3500758,Alambari (SP),2020,80.0,80.17017639258682
3500758,Alambari (SP),2021,56.0,70.33425193233151
3500758,Alambari (SP),2022,80.0,69.00891998606255
3500758,Alambari (SP),2023,80.0,80.0031045681634
3500758,Alambari (SP),2024,80.0,78.05398023464518
3500907,Altair (SP),2001,75.0,75.63892067143087
3500907,Altair (SP),2002,75.0,76.79950198238646
3500907,Altair (SP),2003,75.0,76.58160411964704
3500907,Altair (SP),2004,75.0,75.36323849236948
3500907,Altair (SP),2005,74.501,77.30811941104615
3500907,Altair (SP),2006,75.0,78.31747932777051
3500907,Altair (SP),2007,80.0,81.13383572450245
3500907,Altair (SP),2008,75.0,78.75345876519349
3500907,Altair (SP),2009,75.0,75.96463213851112
3500907,Altair (SP),2010,80.0,77.80320297376768
3500907,Altair (SP),2011,93.0,82.12407973087024
3500907,Altair (SP),2012,93.0,89.1045962552233
3500907,Altair (SP),2013,75.1,83.75408808415874
3500907,Altair (SP),2014,68.182,75.6501726207229
3500907,Altair (SP),2015,75.1,75.70933394128895
3500907,Altair (SP),2016,80.0,81.9031245401844
3500907,Altair (SP),2017,80.0,80.06159644280045
3500907,Altair (SP),2018,80.0,77.15419796151565
3500907,Altair (SP),2019,80.0,79.26919759758337
3500907,Altair (SP),2020,75.0,78.7845469948197
3500907,Altair (SP),2021,80.0,74.75785872965919
3500907,Altair (SP),2022,80.0,79.70384171688224
3500907,Altair (SP),2023,80.0,81.24468464028617
3500907,Altair (SP),2024,80.0,79.38812321323239
3501004,Altinópolis (SP),2001,75.0,72.55053168841124
3501004,Altinópolis (SP),2002,65.0,71.58462494424099
3501004,Altinópolis (SP),2003,65.0,72.24405989534233
3501004,Altinópolis (SP),2004,65.0,68.87285667880681
3501004,Altinópolis (SP),2005,69.536,70.32487483744463
3501004,Altinópolis (SP),2006,75.0,75.3521142313108
3501004,Altinópolis (SP),2007,75.0,76.61569352015995
3501004,Altinópolis (SP),2008,75.0,75.64035694019833
3501004,Altinópolis (SP),2009,70.0,73.71448989360493
3501004,Altinópolis (SP),2010,80.0,76.12146067924736
3501004,Altinópolis (SP),2011,78.0,79.23414159793903
3501004,Altinópolis (SP),2012,86.957,80.96608226244135
3501004,Altinópolis (SP),2013,80.0,83.05983963359793
3501004,Altinópolis (SP),2014,74.1,73.99081380937119
3501004,Altinópolis (SP),2015,82.0,75.1372321637797
3501004,Altinópolis (SP),2016,74.0,79.10453885744695
3501004,Altinópolis (SP),2017,74.0,74.57036591160377
3501004,Altinópolis (SP),2018,74.0,75.38862587193177
3501004,Altinópolis (SP),2019,74.0,75.53390350646482
3501004,Altinópolis (SP),2020,74.0,75.16660713648918
3501004,Altinópolis (SP),2021,74.0,73.98121296418226
3501004,Altinópolis (SP),2022,74.0,73.48935687600004
3501004,Altinópolis (SP),2023,74.0,75.84339505776683
3501004,Altinópolis (SP),2024,74.0,75.52107975795403
3501103,Alto Alegre (SP),2002,70.0,73.30359513971412
3501103,Alto Alegre (SP),2003,56.0,66.78477103619831
3501103,Alto Alegre (SP),2004,70.0,70.9733492533268
3501103,Alto Alegre (SP),2005,79.0,77.85088569647542
3501103,Alto Alegre (SP),2006,80.0,80.98047492103022
3501103,Alto Alegre (SP),2007,80.0,79.78952633106564
3501103,Alto Alegre (SP),2008,75.0,81.10997294505161
3501103,Alto Alegre (SP),2010,70.0,73.4711371320102
3501103,Alto Alegre (SP),2011,65.0,69.85938419256678
3501103,Alto Alegre (SP),2012,80.0,67.36864690510208
3501103,Alto Alegre (SP),2013,80.0,80.00424761507007
3501103,Alto Alegre (SP),2014,65.43,67.00475201415946
3501103,Alto Alegre (SP),2015,56.49,62.106401392459695
3501103,Alto Alegre (SP),2016,74.23,72.23455602855807
3501103,Alto Alegre (SP),2017,65.69,69.55415614785319
3501103,Alto Alegre (SP),2018,65.69,66.75032840967617
3501103,Alto Alegre (SP),2019,80.0,71.99940335425232
3501103,Alto Alegre (SP),2020,70.0,77.10132540011709
3501103,Alto Alegre (SP),2021,70.0,70.6185698933042
3501103,Alto Alegre (SP),2022,75.0,77.15444596104369
3501103,Alto Alegre (SP),2023,80.0,81.00013423409088
3501103,Alto Alegre (SP),2024,80.0,79.20831414602026
3501152,Alumínio (SP),2003,50.0,50.013445613955476
3501152,Alumínio (SP),2004,60.0,53.134766767662875
3501152,Alumínio (SP),2005,50.134,55.638248058413765
3501152,Alumínio (SP),2006,50.135,50.83576160187035
3501152,Alumínio (SP),2007,50.0,50.89143017095407
3501152,Alumínio (SP),2008,50.0,50.80143946564872
3501152,Alumínio (SP),2010,10.0,40.42015527710116
3501152,Alumínio (SP),2011,90.0,46.88594101390971
3501152,Alumínio (SP),2012,90.0,87.33800200893405
3501152,Alumínio (SP),2013,100.0,94.72488562000497
3501152,Alumínio (SP),2014,100.0,96.98733257977601
3501152,Alumínio (SP),2015,100.0,98.79443135220782
3501152,Alumínio (SP),2016,100.0,91.10515739366875
3501152,Alumínio (SP),2017,100.0,98.89323867173722
3501152,Alumínio (SP),2018,100.0,95.72822965649344
3501152,Alumínio (SP),2019,85.0,84.82272584291297
3501152,Alumínio (SP),2020,100.0,85.25442454649516
3501152,Alumínio (SP),2021,100.0,95.97847391291403
3501152,Alumínio (SP),2022,100.0,97.5837946516948
3501202,Álvares Florence (SP),2007,100.0,93.07512156401144
3501202,Álvares Florence (SP),2008,100.0,94.56764915971755
3501202,Álvares Florence (SP),2009,80.0,88.15724256628584
3501202,Álvares Florence (SP),2010,80.0,81.08223309871396
3501202,Álvares Florence (SP),2011,79.231,75.7869602639524
3501202,Álvares Florence (SP),2012,80.0,76.9485744864312
3501202,Álvares Florence (SP),2013,74.754,79.35706439700644
3501202,Álvares Florence (SP),2014,71.604,72.2120669247711
3501202,Álvares Florence (SP),2015,70.004,71.52410805028885
3501202,Álvares Florence (SP),2016,83.798,76.21476969845173
3501202,Álvares Florence (SP),2017,80.0,81.38402837514128
3501202,Álvares Florence (SP),2018,75.002,75.38302367156736
3501202,Álvares Florence (SP),2019,75.002,70.10005285524886
3501202,Álvares Florence (SP),2020,75.0,72.4071908683341
3501202,Álvares Florence (SP),2021,65.0,67.2669271163697
3501202,Álvares Florence (SP),2022,71.29,72.13300185383689
3501202,Álvares Florence (SP),2023,75.0,77.62012034820128
3501202,Álvares Florence (SP),2024,72.0,69.77768585729918
3501301,Álvares Machado (SP),2015,75.0,76.32426212978257
3501301,Álvares Machado (SP),2016,75.0,75.96242734207141
3501301,Álvares Machado (SP),2017,80.0,77.39180227977994
3501301,Álvares Machado (SP),2018,100.0,87.33035974101291
3501301,Álvares Machado (SP),2019,100.0,96.71790912633566
3501301,Álvares Machado (SP),2020,100.0,96.38557140793917
3501301,Álvares Machado (SP),2021,93.1,94.19034972557996
3501301,Álvares Machado (SP),2022,97.778,88.21414234992321
3501301,Álvares Machado (SP),2023,98.616,93.07187249541818
3501301,Álvares Machado (SP),2024,98.798,89.1066912262946
3501608,Americana (SP),2001,75.0,62.55395111774854
3501608,Americana (SP),2002,75.0,76.20217884277949
3501608,Americana (SP),2003,75.0,75.71361102813137
3501608,Americana (SP),2004,75.0,79.06122286731743
3501608,Americana (SP),2005,74.497,75.18756864512241
3501608,Americana (SP),2006,75.0,74.6873239048871
3501608,Americana (SP),2007,80.0,76.73670520428132
3501608,Americana (SP),2008,80.0,80.34556483374371
3501608,Americana (SP),2009,78.26,80.1619730409473
3501608,Americana (SP),2010,75.0,77.75350989449935
3501608,Americana (SP),2011,93.75,81.70643092813965
3501608,Americana (SP),2012,56.0,87.02097721639771
3501608,Americana (SP),2013,76.8,68.26232744462142
3501608,Americana (SP),2014,80.269,69.10425407249693
3501608,Americana (SP),2015,77.36,78.3904236768604
3501608,Americana (SP),2016,80.0,80.62934479658804
3501608,Americana (SP),2017,80.0,80.11125720861045
3501608,Americana (SP),2018,80.0,79.90198362319836
3501608,Americana (SP),2019,80.0,80.18985907847951
3501608,Americana (SP),2020,80.0,79.72394143601909
3501608,Americana (SP),2021,80.0,81.0072841569472
3501608,Americana (SP),2022,80.0,82.44025702642985
3501608,Americana (SP),2023,80.0,82.94212761298162
3501608,Americana (SP),2024,80.0,80.39276732812597
3501707,Américo Brasiliense (SP),2001,80.0,82.13826640604418
3501707,Américo Brasiliense (SP),2002,71.6,79.93983145666748
3501707,Américo Brasiliense (SP),2003,71.6,70.1407387217988
3501707,Américo Brasiliense (SP),2004,80.0,77.76883300123987
3501707,Américo Brasiliense (SP),2005,81.759,81.79324500283869
3501707,Américo Brasiliense (SP),2006,81.76,80.86439556199517
3501707,Américo Brasiliense (SP),2007,80.0,81.40603166037205
3501707,Américo Brasiliense (SP),2008,100.0,87.31216872518797
3501707,Américo Brasiliense (SP),2009,100.0,97.74286710059634
3501707,Américo Brasiliense (SP),2010,83.895,88.59729963907967
3501707,Américo Brasiliense (SP),2011,83.895,82.67832375037604
3501707,Américo Brasiliense (SP),2012,84.0,80.01619261589855
3501707,Américo Brasiliense (SP),2013,84.0,83.95850999686328
3501707,Américo Brasiliense (SP),2014,84.0,76.25792850251136
3501707,Américo Brasiliense (SP),2015,75.0,85.24015407043156
3501707,Américo Brasiliense (SP),2016,80.0,78.365719605834
3501707,Américo Brasiliense (SP),2017,80.0,80.7732095052577
3501707,Américo Brasiliense (SP),2018,80.0,83.97083396198695
3501707,Américo Brasiliense (SP),2019,80.0,79.76978022756222
3501707,Américo Brasiliense (SP),2020,80.0,79.21067036570592
3501707,Américo Brasiliense (SP),2021,80.0,78.41510738961036
3501707,Américo Brasiliense (SP),2022,79.0,80.28364382456309
3501707,Américo Brasiliense (SP),2023,80.0,84.2094541216552
3501707,Américo Brasiliense (SP),2024,74.0,77.49814319521327
3501806,Américo de Campos (SP),2009,62.0,67.98741864383068
3501806,Américo de Campos (SP),2010,60.0,67.00961161071655
3501806,Américo de Campos (SP),2011,79.688,82.00853355502832
3501806,Américo de Campos (SP),2012,72.0,77.07518978857712
3501806,Américo de Campos (SP),2013,72.0,74.22043152879638
3501806,Américo de Campos (SP),2014,61.0,67.85906253262391
3501806,Américo de Campos (SP),2015,70.0,73.35988018744287
3501806,Américo de Campos (SP),2016,78.0,75.52574813049608
3501806,Américo de Campos (SP),2017,78.0,78.1235598791346
3501806,Américo de Campos (SP),2018,70.0,73.81005962817382
3501806,Américo de Campos (SP),2019,70.0,69.68411249077877
3501806,Américo de Campos (SP),2020,71.944,72.1733730175693
3501806,Américo de Campos (SP),2021,72.0,68.355859245782
3501806,Américo de Campos (SP),2022,75.0,75.96266617795436
3501806,Américo de Campos (SP),2023,75.0,77.43539991115642
3501806,Américo de Campos (SP),2024,75.0,69.77385880174363
3501905,Amparo (SP),2001,90.0,89.22679306250417
3501905,Amparo (SP),2002,100.0,92.23773573363063
3501905,Amparo (SP),2003,100.0,96.34102434129528
3501905,Amparo (SP),2004,90.0,98.27686833037386
3501905,Amparo (SP),2005,99.36,89.31499511703572
3501905,Amparo (SP),2006,110.0,94.93278765066782
3501905,Amparo (SP),2007,110.0,96.24226906959827
3501905,Amparo (SP),2008,110.0,103.73688448608333
3501905,Amparo (SP),2009,110.0,105.64587770753927
3501905,Amparo (SP),2010,110.0,77.42296185108398
3501905,Amparo (SP),2011,100.0,98.9093005229879
3501905,Amparo (SP),2012,80.0,84.59046799333846
3501905,Amparo (SP),2013,80.0,81.32801516225902
3501905,Amparo (SP),2014,72.628,72.9261404221057
3501905,Amparo (SP),2015,60.0,72.6757185309955
3501905,Amparo (SP),2016,60.0,62.37289450409372
3501905,Amparo (SP),2017,60.0,60.80860840398827
3501905,Amparo (SP),2018,60.0,61.32564335669822
3501905,Amparo (SP),2019,60.0,61.58616050314776
3501905,Amparo (SP),2020,60.0,61.257972584489046
3501905,Amparo (SP),2021,60.0,62.22750078800364
3501905,Amparo (SP),2022,60.0,63.418498370069976
3501905,Amparo (SP),2023,59.556,64.42295925115593
3501905,Amparo (SP),2024,91.364,66.70401574841131
3502002,Analândia (SP),2001,85.0,83.61267594337941
3502002,Analândia (SP),2002,85.0,85.84396863329988
3502002,Analândia (SP),2003,85.0,85.74959332521519
3502002,Analândia (SP),2004,85.0,85.55697865381919
3502002,Analândia (SP),2005,84.43,85.92441912823817
3502002,Analândia (SP),2006,85.0,84.18953241700733
3502002,Analândia (SP),2007,85.0,85.14942030536048
3502002,Analândia (SP),2008,85.0,85.8889601749709
3502002,Analândia (SP),2009,85.0,84.00732682926419
3502002,Analândia (SP),2010,85.0,85.03428843780635
3502002,Analândia (SP),2011,85.0,85.64964470406011
3502002,Analândia (SP),2012,63.143,75.86976835663029
3502002,Analândia (SP),2013,85.0,76.81830501190116
3502002,Analândia (SP),2014,85.0,74.91425793471811
3502002,Analândia (SP),2015,85.0,87.59030855506822
3502002,Analândia (SP),2016,85.0,84.75034974507311
3502002,Analândia (SP),2017,85.0,83.48017687457063
3502002,Analândia (SP),2018,85.0,83.86210088964981
3502002,Analândia (SP),2019,85.0,84.46707835836781
3502002,Analândia (SP),2020,85.0,85.03553720257733
3502002,Analândia (SP),2021,80.0,80.32252687899029
3502002,Analândia (SP),2022,80.0,84.96467294918382
3502002,Analândia (SP),2023,80.0,81.09400241756529
3502002,Analândia (SP),2024,80.0,79.75335263620275
3502101,Andradina (SP),2001,80.0,82.00615115023108
3502101,Andradina (SP),2002,80.0,78.68173780365537
3502101,Andradina (SP),2003,80.0,80.45683334459862
3502101,Andradina (SP),2004,80.0,79.65803221575325
3502101,Andradina (SP),2005,80.423,75.50382608684957
3502101,Andradina (SP),2006,80.0,81.02204381134308
3502101,Andradina (SP),2007,80.0,83.72260519156889
3502101,Andradina (SP),2008,80.0,82.12762316627558
3502101,Andradina (SP),2009,67.114,76.77907055445947
3502101,Andradina (SP),2010,80.0,79.91719859585804
3502101,Andradina (SP),2011,90.0,83.89683461371446
3502101,Andradina (SP),2012,80.0,78.26899349715154
3502101,Andradina (SP),2013,80.0,79.51866012869189
3502101,Andradina (SP),2014,70.0,68.99404164131566
3502101,Andradina (SP),2015,70.0,71.84856857505925
3502101,Andradina (SP),2016,70.0,71.85160692162339
3502101,Andradina (SP),2017,70.0,70.10393677471095
3502101,Andradina (SP),2018,75.0,71.89567624085727
3502101,Andradina (SP),2019,70.0,70.83095102107613
3502101,Andradina (SP),2020,70.0,71.18266147058677
3502101,Andradina (SP),2021,70.0,68.55319355166813
3502101,Andradina (SP),2022,70.0,71.38761725803532
3502101,Andradina (SP),2023,70.0,71.47958609627072
3502101,Andradina (SP),2024,70.016,72.0194333240291
3502200,Angatuba (SP),2003,82.271,88.89821784419647
3502200,Angatuba (SP),2004,83.0,82.38950885445497
3502200,Angatuba (SP),2005,74.732,76.56479024397818
3502200,Angatuba (SP),2006,70.152,73.90491997062249
3502200,Angatuba (SP),2007,75.0,72.29533555384856
3502200,Angatuba (SP),2008,75.0,74.6313275933272
3502200,Angatuba (SP),2009,84.615,82.11020744922631
3502200,Angatuba (SP),2010,95.0,89.76521510999828
3502200,Angatuba (SP),2011,88.6,83.18464166690514
3502200,Angatuba (SP),2012,85.0,83.67413140841485
3502200,Angatuba (SP),2013,100.0,89.5448516211468
3502200,Angatuba (SP),2014,78.0,90.47642626375118
3502200,Angatuba (SP),2015,100.0,86.8183505572549
3502200,Angatuba (SP),2016,100.0,94.54580969226417
3502200,Angatuba (SP),2017,100.0,92.87625881459661
3502200,Angatuba (SP),2018,85.0,92.60762417422998
3502200,Angatuba (SP),2019,85.0,84.89381010657632
3502200,Angatuba (SP),2020,90.0,88.03558766695393
3502200,Angatuba (SP),2021,85.5,84.78677505852366
3502309,Anhembi (SP),2001,60.0,63.56036742213498
3502309,Anhembi (SP),2002,60.0,63.04012952754861
3502309,Anhembi (SP),2003,60.0,61.535036607367545
3502309,Anhembi (SP),2004,60.0,61.81263451532067
3502309,Anhembi (SP),2005,54.639,59.98612283897841
3502309,Anhembi (SP),2006,65.0,66.23407948688772
3502309,Anhembi (SP),2007,85.0,72.01345347946884
3502309,Anhembi (SP),2008,85.0,85.02819985026657
3502309,Anhembi (SP),2009,85.0,81.99900224111491
3502309,Anhembi (SP),2010,75.0,76.54960508587284
3502309,Anhembi (SP),2011,75.0,76.34476045613506
3502309,Anhembi (SP),2012,75.0,75.49373750103896
3502309,Anhembi (SP),2013,80.0,80.49186498785907
3502309,Anhembi (SP),2014,62.0,73.18606701997304
3502309,Anhembi (SP),2015,85.0,74.58416164479416
3502309,Anhembi (SP),2016,70.0,77.18449327400823
3502309,Anhembi (SP),2017,80.0,74.82298749038691
3502309,Anhembi (SP),2018,80.0,79.63684146301833
3502309,Anhembi (SP),2019,79.259,79.52359709596436
3502309,Anhembi (SP),2020,79.259,79.34127731429399
3502309,Anhembi (SP),2021,72.592,76.68930070529471
3502309,Anhembi (SP),2022,79.403,77.20224656415967
3502309,Anhembi (SP),2023,79.306,79.63110507543341
3502309,Anhembi (SP),2024,83.134,79.04244933172386
3502408,Anhumas (SP),2004,70.0,69.0606897019747
3502408,Anhumas (SP),2005,69.529,71.9980830323229
3502408,Anhumas (SP),2006,70.0,71.35475447989307
3502408,Anhumas (SP),2007,75.0,72.61674884548904
3502408,Anhumas (SP),2008,70.0,73.58860741942064
3502408,Anhumas (SP),2009,70.0,74.1806396553668
3502408,Anhumas (SP),2010,80.0,74.94992381010802
3502408,Anhumas (SP),2011,70.0,76.0124039600871
3502408,Anhumas (SP),2012,71.0,70.76872613540091
3502408,Anhumas (SP),2013,80.0,76.68818769865078
3502408,Anhumas (SP),2014,77.0,75.6802528201191
3502408,Anhumas (SP),2015,70.0,77.2042846006657
3502408,Anhumas (SP),2016,60.0,76.46263530539717
3502408,Anhumas (SP),2017,75.0,72.68713278833133
3502408,Anhumas (SP),2018,75.0,74.16689377456807
3502408,Anhumas (SP),2019,75.0,74.74939265612312
3502408,Anhumas (SP),2020,73.475,72.95570158445842
3502408,Anhumas (SP),2021,74.541,70.72148296059495
3502408,Anhumas (SP),2022,74.817,75.31552746916444
3502408,Anhumas (SP),2023,74.483,75.86741503792764
3502408,Anhumas (SP),2024,74.584,72.46488328861268
3502606,Aparecida d'Oeste (SP),2004,60.0,67.57030954655642
3502606,Aparecida d'Oeste (SP),2005,59.599,64.44295237690011
3502606,Aparecida d'Oeste (SP),2006,120.0,82.52633900115515
3502606,Aparecida d'Oeste (SP),2007,140.0,120.32966601734381
3502606,Aparecida d'Oeste (SP),2008,14.0,73.12037065123401
3502606,Aparecida d'Oeste (SP),2009,120.0,91.88636946943333
3502606,Aparecida d'Oeste (SP),2010,100.0,112.45380308456821
3502606,Aparecida d'Oeste (SP),2011,100.0,87.88020912799695
3502606,Aparecida d'Oeste (SP),2012,90.0,82.28648976499807
3502606,Aparecida d'Oeste (SP),2013,90.0,88.11307777215147
3502606,Aparecida d'Oeste (SP),2014,80.0,83.3987051338966
3502606,Aparecida d'Oeste (SP),2015,80.0,83.85963548886397
3502606,Aparecida d'Oeste (SP),2016,80.0,80.59682449944663
3502606,Aparecida d'Oeste (SP),2017,80.0,79.43480997130241
3502606,Aparecida d'Oeste (SP),2018,80.0,81.11894387552555
3502606,Aparecida d'Oeste (SP),2019,85.0,79.8018979579885
3502606,Aparecida d'Oeste (SP),2020,85.0,83.25996723370669
3502606,Aparecida d'Oeste (SP),2021,85.0,74.17580093228914
3502606,Aparecida d'Oeste (SP),2022,85.0,86.98853303854743
3502606,Aparecida d'Oeste (SP),2023,85.0,84.41596527496625
3502606,Aparecida d'Oeste (SP),2024,76.5,79.0348909254801
3502705,Apiaí (SP),2004,60.0,67.82582527064122
3502705,Apiaí (SP),2005,39.759,49.87566970332445
3502705,Apiaí (SP),2006,40.0,46.27512710343821
3502705,Apiaí (SP),2007,100.0,48.82201657554946
3502705,Apiaí (SP),2008,100.0,86.85601113387852
3502705,Apiaí (SP),2009,35.0,80.49581872621825
3502705,Apiaí (SP),2011,70.0,43.92493684254553
3502754,Araçariguama (SP),2001,60.0,61.819946833055845
3502754,Araçariguama (SP),2002,70.0,66.03980789557664
3502754,Araçariguama (SP),2003,70.0,69.85176947405867
3502754,Araçariguama (SP),2004,60.0,60.888789675977414
3502754,Araçariguama (SP),2005,59.595,60.334470298705575
3502754,Araçariguama (SP),2006,59.595,59.78318163080404
3502754,Araçariguama (SP),2007,44.285,56.456974741529294
3502754,Araçariguama (SP),2008,59.595,44.399348260322995
3502804,Araçatuba (SP),2001,71.82,77.85106273878652
3502804,Araçatuba (SP),2002,80.0,78.06363492970456
3502804,Araçatuba (SP),2003,81.0,82.68451122282048
3502804,Araçatuba (SP),2004,80.0,81.3071089809125
3502804,Araçatuba (SP),2005,82.278,81.87348290545587
3502804,Araçatuba (SP),2006,80.0,81.38992088733401
3502804,Araçatuba (SP),2007,100.0,84.05593541246553
3502804,Araçatuba (SP),2008,100.0,91.43376434229717
3502804,Araçatuba (SP),2009,90.0,94.10346720255035
3502804,Araçatuba (SP),2010,100.0,93.32105553599006
3502804,Araçatuba (SP),2011,80.0,86.31627641766136
3502804,Araçatuba (SP),2012,80.0,76.59382961400769
3502804,Araçatuba (SP),2013,80.0,81.13553098551002
3502804,Araçatuba (SP),2014,60.0,65.24608644658225
3502804,Araçatuba (SP),2015,75.0,79.1816522569249
3502804,Araçatuba (SP),2016,68.354,74.83708363563237
3502804,Araçatuba (SP),2017,65.0,71.25962608789952
3502804,Araçatuba (SP),2018,80.0,71.75891871525035
3502804,Araçatuba (SP),2019,75.0,76.47358180437395
3502804,Araçatuba (SP),2020,80.0,75.75747004969537
3502804,Araçatuba (SP),2021,80.0,74.76515351945109
3502804,Araçatuba (SP),2022,70.0,75.44235942694115
3502804,Araçatuba (SP),2023,76.667,74.69245177269347
3502804,Araçatuba (SP),2024,80.0,78.10653325486318
3502903,Araçoiaba da Serra (SP),2001,70.0,71.70159631762195
3502903,Araçoiaba da Serra (SP),2002,70.0,74.20611995128405
3502903,Araçoiaba da Serra (SP),2003,70.0,70.86708661720584
3502903,Araçoiaba da Serra (SP),2004,70.0,69.63415772934475
3502903,Araçoiaba da Serra (SP),2005,99.328,80.70614560394343
3502903,Araçoiaba da Serra (SP),2006,100.0,97.55513983998972
3502903,Araçoiaba da Serra (SP),2008,90.0,96.94583295291515
3502903,Araçoiaba da Serra (SP),2009,81.176,86.68777365102588
3502903,Araçoiaba da Serra (SP),2010,100.0,87.86042311045854
3502903,Araçoiaba da Serra (SP),2011,90.0,90.19805499866582
3502903,Araçoiaba da Serra (SP),2012,90.0,87.01642227062321
3502903,Araçoiaba da Serra (SP),2013,100.0,96.3553296911185
3502903,Araçoiaba da Serra (SP),2014,100.0,95.85994962315071
3502903,Araçoiaba da Serra (SP),2015,100.0,98.9195002008407
3502903,Araçoiaba da Serra (SP),2016,80.0,90.31435573111743
3502903,Araçoiaba da Serra (SP),2017,80.0,80.03616548046998
3502903,Araçoiaba da Serra (SP),2018,80.0,79.4952809879897
3502903,Araçoiaba da Serra (SP),2019,80.0,79.2353906656379
3502903,Araçoiaba da Serra (SP),2020,80.0,81.24928559885605
3502903,Araçoiaba da Serra (SP),2021,80.0,79.15921755568263
3502903,Araçoiaba da Serra (SP),2022,80.0,79.76326703198377
3502903,Araçoiaba da Serra (SP),2023,90.0,82.35188027865395
3502903,Araçoiaba da Serra (SP),2024,90.0,88.99878427973862
3503000,Aramina (SP),2001,70.0,72.85784364684646
3503000,Aramina (SP),2002,70.0,76.28476965277973
3503000,Aramina (SP),2003,70.0,80.15573792296786
3503000,Aramina (SP),2004,75.0,76.47592249504514
3503000,Aramina (SP),2005,74.503,76.99928845645728
3503000,Aramina (SP),2006,76.0,74.60345059342677
3503000,Aramina (SP),2007,70.0,75.09937979553929
3503000,Aramina (SP),2008,120.0,82.68979746459672
3503000,Aramina (SP),2009,90.0,98.03075894575602
3503000,Aramina (SP),2010,90.0,90.0623086501242
3503000,Aramina (SP),2011,90.0,90.00770760591513
3503000,Aramina (SP),2012,75.0,86.93136983260983
3503000,Aramina (SP),2013,80.0,76.67298025470708
3503000,Aramina (SP),2014,70.0,73.60463377861225
3503000,Aramina (SP),2015,75.0,72.7617059355856
3503000,Aramina (SP),2016,80.0,77.05281199277317
3503000,Aramina (SP),2017,80.0,80.76270129850421
3503000,Aramina (SP),2018,80.0,79.18911927088274
3503000,Aramina (SP),2019,75.0,73.95926212223206
3503000,Aramina (SP),2020,75.0,79.24440126254143
3503000,Aramina (SP),2021,65.0,71.34659355711773
3503000,Aramina (SP),2022,65.0,67.10747338509402
3503000,Aramina (SP),2023,71.667,74.64942308151768
3503000,Aramina (SP),2024,80.995,75.43368094625917
3503109,Arandu (SP),2004,70.0,71.66155945850697
3503109,Arandu (SP),2005,69.648,69.89382334204821
3503109,Arandu (SP),2006,70.0,71.15846144359234
3503109,Arandu (SP),2007,100.0,78.80228835357099
3503109,Arandu (SP),2008,70.0,86.36805991255929
3503109,Arandu (SP),2009,100.0,78.95279997245395
3503109,Arandu (SP),2010,100.0,93.44744481581682
3503109,Arandu (SP),2011,100.0,89.52707216880076
3503109,Arandu (SP),2012,70.0,90.16705775128341
3503109,Arandu (SP),2013,70.0,70.18141409888993
3503109,Arandu (SP),2014,70.0,73.12621850263275
3503109,Arandu (SP),2015,70.0,72.87677646023117
3503109,Arandu (SP),2016,60.0,67.23892466361232
3503109,Arandu (SP),2017,60.0,66.84459066026896
3503109,Arandu (SP),2018,55.0,58.24392377206524
3503109,Arandu (SP),2020,60.0,58.61145151880756
3503109,Arandu (SP),2021,60.0,60.42612919182207
3503109,Arandu (SP),2022,50.0,55.91399154177764
3503109,Arandu (SP),2023,60.0,57.02044959007663
3503109,Arandu (SP),2024,60.0,61.20145190226441
3503158,Arapeí (SP),2003,50.0,50.44871764291589
3503158,Arapeí (SP),2004,50.0,48.33139105236264
3503158,Arapeí (SP),2005,50.134,55.53792142683706
3503158,Arapeí (SP),2006,50.135,51.69327521496563
3503158,Arapeí (SP),2008,50.0,48.57755354513376
3503158,Arapeí (SP),2009,40.0,44.617756611830956
3503158,Arapeí (SP),2010,50.0,49.01251017610168
3503158,Arapeí (SP),2011,65.0,57.773886844058694
3503158,Arapeí (SP),2012,65.0,65.40971623018646
3503158,Arapeí (SP),2013,65.0,65.92095948791489
3503158,Arapeí (SP),2014,65.0,64.73271189886502
3503158,Arapeí (SP),2015,59.322,66.36882603952995
3503158,Arapeí (SP),2017,65.0,62.81376346669425
3503158,Arapeí (SP),2018,65.0,64.93040725763127
3503158,Arapeí (SP),2019,65.0,65.53821618131867
3503158,Arapeí (SP),2020,65.0,65.58567248002
3503158,Arapeí (SP),2021,65.0,65.41651006150795
3503158,Arapeí (SP),2022,65.0,65.4057062292707
3503158,Arapeí (SP),2023,76.7,70.09993687694254
3503158,Arapeí (SP),2024,65.0,70.15591924339464
3503208,Araraquara (SP),2001,70.0,73.32475342678305
3503208,Araraquara (SP),2002,71.6,72.97707350428882
3503208,Araraquara (SP),2003,69.5,69.19225747973923
3503208,Araraquara (SP),2004,75.952,72.57546818349427
3503208,Araraquara (SP),2005,82.865,79.64690565593129
3503208,Araraquara (SP),2006,75.0,79.48874256832205
3503208,Araraquara (SP),2007,80.0,77.18773685403951
3503208,Araraquara (SP),2008,90.0,84.61848966112905
3503208,Araraquara (SP),2009,90.0,89.70322083315898
3503208,Araraquara (SP),2010,130.156,98.60417926460389
3503208,Araraquara (SP),2011,88.016,104.07997290517815
3503208,Araraquara (SP),2012,72.0,78.61398660639433
3503208,Araraquara (SP),2013,80.0,78.47584468866111
3503208,Araraquara (SP),2014,80.0,70.14248327027671
3503208,Araraquara (SP),2015,75.0,78.68220157438735
3503208,Araraquara (SP),2016,80.0,78.670357955296
3503208,Araraquara (SP),2017,80.0,79.09935896127394
3503208,Araraquara (SP),2018,80.0,79.22750020412907
3503208,Araraquara (SP),2019,80.0,80.54381529332258
3503208,Araraquara (SP),2020,80.0,79.17412466336606
3503208,Araraquara (SP),2021,80.0,77.07945913368572
3503208,Araraquara (SP),2022,80.0,80.68750245212226
3503208,Araraquara (SP),2023,80.0,80.49741955741356
3503208,Araraquara (SP),2024,70.0,74.84754096442451
3503307,Araras (SP),2001,77.931,72.84369843950722
3503307,Araras (SP),2002,90.0,80.51491710694734
3503307,Araras (SP),2003,90.0,88.28679500827701
3503307,Araras (SP),2004,90.0,85.09145907833057
3503307,Araras (SP),2005,92.411,89.00742937375597
3503307,Araras (SP),2006,83.0,89.12928384240806
3503307,Araras (SP),2007,83.0,80.17348805244164
3503307,Araras (SP),2008,90.0,86.16245673052248
3503307,Araras (SP),2009,87.735,86.4674418829499
3503307,Araras (SP),2010,93.0,90.57338410223109
3503307,Araras (SP),2011,90.0,87.5610353077705
3503307,Araras (SP),2012,78.0,84.57033391363271
3503307,Araras (SP),2013,69.333,77.8350265058129
3503307,Araras (SP),2015,68.0,73.49430674170782
3503307,Araras (SP),2016,80.0,80.1328856703861
3503307,Araras (SP),2017,80.0,80.317124727342
3503307,Araras (SP),2018,76.444,78.39717851679768
3503307,Araras (SP),2019,80.0,78.04236290201945
3503307,Araras (SP),2020,80.0,79.42556010487561
3503307,Araras (SP),2021,90.0,82.4704233704919
3503307,Araras (SP),2022,75.0,86.10292928199937
3503307,Araras (SP),2023,80.0,77.60022852651161
3503307,Araras (SP),2024,85.0,81.1951342807263
3503356,Arco-Íris (SP),2003,75.19,81.47470116557024
3503356,Arco-Íris (SP),2004,91.939,81.41250748991642
3503356,Arco-Íris (SP),2005,91.552,88.25828554917749
3503356,Arco-Íris (SP),2006,90.0,83.27921776057141
3503356,Arco-Íris (SP),2007,90.0,88.86194231536638
3503356,Arco-Íris (SP),2008,75.0,87.2714119752143
3503356,Arco-Íris (SP),2009,72.0,76.5239211022419
3503356,Arco-Íris (SP),2010,72.0,75.0670048988436
3503356,Arco-Íris (SP),2011,80.0,76.77791972936097
3503356,Arco-Íris (SP),2012,80.0,79.98908593461398
3503356,Arco-Íris (SP),2013,76.0,71.86749797189968
3503356,Arco-Íris (SP),2014,61.0,68.78651390850818
3503356,Arco-Íris (SP),2015,75.0,72.80472331007569
3503356,Arco-Íris (SP),2016,75.0,78.83138345343652
3503356,Arco-Íris (SP),2017,61.0,73.10088101464399
3503356,Arco-Íris (SP),2018,82.8,74.75752678127064
3503356,Arco-Íris (SP),2019,70.0,75.84187418510261
3503356,Arco-Íris (SP),2020,75.0,72.05330379766079
3503356,Arco-Íris (SP),2021,70.0,68.58993518346934
3503356,Arco-Íris (SP),2022,65.0,70.00407740825155
3503356,Arco-Íris (SP),2023,70.65,70.76058753588802
3503356,Arco-Íris (SP),2024,60.0,66.25949456388751
3503406,Arealva (SP),2001,80.0,80.38372947122929
3503406,Arealva (SP),2002,80.0,81.93079043161656
3503406,Arealva (SP),2003,80.0,83.64861288521354
3503406,Arealva (SP),2004,80.0,83.96327784584626
3503406,Arealva (SP),2005,79.463,81.7308050818569
3503406,Arealva (SP),2006,80.0,84.0082627651996
3503406,Arealva (SP),2007,90.0,85.02791990575658
3503406,Arealva (SP),2008,80.0,87.17641247799946
3503406,Arealva (SP),2009,80.0,82.29801229847904
3503406,Arealva (SP),2010,80.0,79.72423701157199
3503406,Arealva (SP),2011,81.5,81.3759661246466
3503406,Arealva (SP),2012,81.5,80.57310470363873
3503406,Arealva (SP),2013,81.5,80.4484867787919
3503406,Arealva (SP),2014,76.297,76.00285605828165
3503406,Arealva (SP),2015,76.248,75.45448009784545
3503406,Arealva (SP),2016,72.125,76.72790783702162
3503406,Arealva (SP),2017,75.0,75.73284391206415
3503406,Arealva (SP),2018,80.0,76.96526909884486
3503406,Arealva (SP),2019,77.0,78.36252472590762
3503406,Arealva (SP),2020,72.0,76.38238356167687
3503406,Arealva (SP),2021,50.0,64.38565104444169
3503406,Arealva (SP),2022,75.0,72.64677142691335
3503406,Arealva (SP),2023,75.0,79.65007556812797
3503406,Arealva (SP),2024,65.0,65.39680839674219
3503505,Areias (SP),2002,80.0,75.85833825434432
3503505,Areias (SP),2003,80.0,71.22217179549617
3503505,Areias (SP),2004,80.0,68.1938618570388
3503505,Areias (SP),2005,60.173,66.18881908827977
3503505,Areias (SP),2006,60.0,63.45932133786593
3503505,Areias (SP),2008,60.0,64.875199255994
3503505,Areias (SP),2009,60.0,59.362498091061696
3503505,Areias (SP),2010,60.0,60.06487121173272
3503505,Areias (SP),2011,60.0,62.026488509934524
3503505,Areias (SP),2012,60.0,60.49489515422075
3503505,Areias (SP),2013,60.0,61.969785647005764
3503505,Areias (SP),2014,60.0,60.11455347705072
3503505,Areias (SP),2015,60.0,58.48220747510822
3503505,Areias (SP),2017,60.0,60.926766755758074
3503505,Areias (SP),2018,60.0,61.71450656915993
3503505,Areias (SP),2019,65.0,62.30762837502202
3503505,Areias (SP),2020,60.0,64.62629231550395
3503505,Areias (SP),2021,60.0,60.10497960260244
3503505,Areias (SP),2022,60.0,61.48244537714738
3503505,Areias (SP),2023,72.0,68.6620305405983
3503505,Areias (SP),2024,60.0,66.79335903305031
3503604,Areiópolis (SP),2001,90.0,86.65616706136571
3503604,Areiópolis (SP),2002,79.411,81.59188590639116
3503604,Areiópolis (SP),2003,80.0,82.8712760717621
3503604,Areiópolis (SP),2004,81.212,80.78651248252535
3503604,Areiópolis (SP),2005,89.409,80.6501198837111
3503604,Areiópolis (SP),2006,90.0,86.91583207372308
3503604,Areiópolis (SP),2007,90.0,88.04522473485386
3503604,Areiópolis (SP),2008,90.0,88.71084302160786
3503604,Areiópolis (SP),2009,90.0,89.50917402871262
3503604,Areiópolis (SP),2010,91.836,88.58999688013641
3503604,Areiópolis (SP),2011,90.0,87.04493413180309
3503604,Areiópolis (SP),2012,80.0,84.5737885416069
3503604,Areiópolis (SP),2013,80.0,81.05241513340731
3503604,Areiópolis (SP),2014,68.0,69.71494561764041
3503604,Areiópolis (SP),2015,76.0,76.67780352207792
3503604,Areiópolis (SP),2016,88.0,83.24352461844254
3503604,Areiópolis (SP),2017,83.0,85.02814007184456
3503604,Areiópolis (SP),2018,83.0,81.68778779884144
3503604,Areiópolis (SP),2019,84.438,81.6402140527781
3503604,Areiópolis (SP),2020,84.444,84.63964696035913
3503604,Areiópolis (SP),2021,85.148,80.14870418969919
3503604,Areiópolis (SP),2022,90.0,86.48667205535074
3503604,Areiópolis (SP),2023,84.714,87.14325924810646
3503604,Areiópolis (SP),2024,88.801,79.57104024956288
3503703,Ariranha (SP),2001,70.0,76.0789483979942
3503703,Ariranha (SP),2002,85.555,83.33071114033652
3503703,Ariranha (SP),2003,85.0,85.53070556127761
3503703,Ariranha (SP),2004,85.0,85.93168753030218
3503703,Ariranha (SP),2005,84.438,84.89455579526266
3503703,Ariranha (SP),2006,80.0,75.66231142905228
3503703,Ariranha (SP),2007,80.0,83.06934752533962
3503703,Ariranha (SP),2008,80.0,83.70790184262532
3503703,Ariranha (SP),2009,80.0,81.32639215786187
3503703,Ariranha (SP),2010,80.0,81.01709428644521
3503703,Ariranha (SP),2011,80.0,80.17500656024409
3503703,Ariranha (SP),2012,80.0,78.94738378424758
3503703,Ariranha (SP),2013,80.0,81.2041244235562
3503703,Ariranha (SP),2014,64.0,67.69948164027028
3503703,Ariranha (SP),2015,70.0,68.71203507139236
3503703,Ariranha (SP),2016,89.247,79.62465484501006
3503703,Ariranha (SP),2017,85.0,91.60462250236631
3503703,Ariranha (SP),2018,85.0,82.31129163723244
3503703,Ariranha (SP),2019,73.0,75.77244916626431
3503703,Ariranha (SP),2020,73.0,74.88720981223186
3503703,Ariranha (SP),2021,65.0,69.59937383377488
3503703,Ariranha (SP),2022,62.0,68.96422595723033
3503703,Ariranha (SP),2023,80.0,76.18997229869713
3503703,Ariranha (SP),2024,80.0,70.60926751541514
3503802,Artur Nogueira (SP),2001,75.0,71.2709873272422
3503802,Artur Nogueira (SP),2002,77.0,75.88103137526615
3503802,Artur Nogueira (SP),2003,77.0,79.40283290942612
3503802,Artur Nogueira (SP),2004,77.0,80.99155578388098
3503802,Artur Nogueira (SP),2005,76.484,82.2911584110623
3503802,Artur Nogueira (SP),2006,90.0,82.94469221419178
3503802,Artur Nogueira (SP),2007,90.0,87.74468075010114
3503802,Artur Nogueira (SP),2008,90.0,86.63360500038826
3503802,Artur Nogueira (SP),2009,90.0,90.4705287756568
3503802,Artur Nogueira (SP),2010,80.0,83.54730723247478
3503802,Artur Nogueira (SP),2011,80.0,80.1178818114022
3503802,Artur Nogueira (SP),2012,80.0,80.45054133720613
3503802,Artur Nogueira (SP),2013,80.0,81.221969392057
3503802,Artur Nogueira (SP),2014,73.0,72.45690320648797
3503802,Artur Nogueira (SP),2015,80.0,74.2193341163289
3503802,Artur Nogueira (SP),2016,80.0,78.89811772460733
3503802,Artur Nogueira (SP),2017,80.0,80.4674489948678
3503802,Artur Nogueira (SP),2018,77.667,77.74278779421
3503802,Artur Nogueira (SP),2019,78.4,78.70903249953672
3503802,Artur Nogueira (SP),2020,80.0,80.80843220719197
3503802,Artur Nogueira (SP),2021,90.0,79.86877856835402
3503802,Artur Nogueira (SP),2022,90.0,88.98013792330552
3503802,Artur Nogueira (SP),2023,80.0,82.4550010756452
3503802,Artur Nogueira (SP),2024,80.0,78.78696899269393
3503950,Aspásia (SP),2010,101.0,98.26741401001625
3503950,Aspásia (SP),2011,90.0,94.37841891232834
3503950,Aspásia (SP),2012,85.0,85.9842681211703
3503950,Aspásia (SP),2013,85.0,83.3957197041822
3503950,Aspásia (SP),2014,85.0,81.706244659983
3503950,Aspásia (SP),2015,85.0,86.2616239236855
3503950,Aspásia (SP),2016,85.0,87.96287179403959
3503950,Aspásia (SP),2017,85.0,88.91206442598865
3503950,Aspásia (SP),2018,85.0,81.61439863338374
3503950,Aspásia (SP),2019,90.0,84.01958650856496
3503950,Aspásia (SP),2020,90.0,88.31074498389962
3503950,Aspásia (SP),2021,60.0,80.12300256616994
3503950,Aspásia (SP),2022,90.0,79.65474514205671
3503950,Aspásia (SP),2023,78.75,89.91244079746124
3503950,Aspásia (SP),2024,82.0,77.34724829103976
3504008,Assis (SP),2001,88.698,78.9721078388194
3504008,Assis (SP),2002,75.0,80.02352846449624
3504008,Assis (SP),2003,78.708,77.32241363177633
3504008,Assis (SP),2004,78.0,82.55854728054724
3504008,Assis (SP),2005,74.5,80.50362328518271
3504008,Assis (SP),2006,75.0,72.72065501482489
3504008,Assis (SP),2007,77.0,77.10215985959806
3504008,Assis (SP),2008,75.0,78.66442772877747
3504008,Assis (SP),2009,92.28,82.74833557170022
3504008,Assis (SP),2010,83.699,83.80124825969843
3504008,Assis (SP),2011,70.5,72.9529577479198
3504008,Assis (SP),2012,75.0,73.01897510805377
3504008,Assis (SP),2013,75.0,74.67344769101246
3504008,Assis (SP),2014,70.0,73.4329938839668
3504008,Assis (SP),2015,80.0,75.9385806077362
3504008,Assis (SP),2016,75.0,77.18972838344226
3504008,Assis (SP),2017,95.0,86.32068156599863
3504008,Assis (SP),2018,85.0,89.33457027831126
3504008,Assis (SP),2019,85.0,83.39188505146485
3504008,Assis (SP),2020,85.0,86.45297407607794
3504008,Assis (SP),2021,77.0,78.9467595455484
3504008,Assis (SP),2022,85.0,84.04308537560861
3504008,Assis (SP),2023,85.0,85.91974127118218
3504008,Assis (SP),2024,78.0,77.57497401076701
3504107,Atibaia (SP),2003,41.0,41.66628235349373
3504107,Atibaia (SP),2004,42.0,43.4360299389075
3504107,Atibaia (SP),2005,40.354,41.26759191754693
3504107,Atibaia (SP),2006,40.0,40.49443943628187
3504107,Atibaia (SP),2007,40.0,41.196468538720275
3504107,Atibaia (SP),2008,50.0,45.79251293458625
3504107,Atibaia (SP),2009,50.0,47.481158139608745
3504107,Atibaia (SP),2010,55.0,53.49674271361972
3504107,Atibaia (SP),2011,90.0,77.07188063437661
3504107,Atibaia (SP),2012,75.0,74.56855521753948
3504107,Atibaia (SP),2013,90.0,73.25192573193677
3504107,Atibaia (SP),2014,70.0,78.91780314190224
3504107,Atibaia (SP),2015,70.0,70.83740341387762
3504107,Atibaia (SP),2016,70.0,71.05268520262167
3504107,Atibaia (SP),2017,70.0,69.81022336689396
3504107,Atibaia (SP),2018,70.0,69.44173287058767
3504107,Atibaia (SP),2019,70.0,67.82996334434868
3504107,Atibaia (SP),2020,70.0,69.33315113323158
3504107,Atibaia (SP),2021,70.0,69.82882454381088
3504107,Atibaia (SP),2022,70.0,68.59007697656091
3504107,Atibaia (SP),2023,70.0,66.37251128232738
3504107,Atibaia (SP),2024,70.0,69.17577597073783
3504206,Auriflama (SP),2002,85.083,80.86774052128987
3504206,Auriflama (SP),2003,88.05,87.66947763456315
3504206,Auriflama (SP),2004,84.536,87.02765336697989
3504206,Auriflama (SP),2005,79.451,81.15215519263084
3504206,Auriflama (SP),2006,120.0,93.65303010782887
3504206,Auriflama (SP),2007,120.0,120.12581475681262
3504206,Auriflama (SP),2008,81.0,80.78410287489925
3504206,Auriflama (SP),2010,80.0,80.66792022774044
3504206,Auriflama (SP),2011,80.0,76.79152968733288
3504206,Auriflama (SP),2012,79.781,73.28208623139177
3504206,Auriflama (SP),2013,74.223,82.09326918395061
3504206,Auriflama (SP),2014,74.223,72.49604256276733
3504206,Auriflama (SP),2015,66.36,71.3911244153686
3504206,Auriflama (SP),2016,70.0,69.31821002633663
3504206,Auriflama (SP),2017,70.0,72.95489566551917
3504206,Auriflama (SP),2018,70.0,68.45648941760642
3504206,Auriflama (SP),2019,75.0,75.42586630866263
3504206,Auriflama (SP),2020,70.0,73.40902061324783
3504206,Auriflama (SP),2021,64.0,67.22857652246361
3504206,Auriflama (SP),2022,70.0,69.58831408314757
3504206,Auriflama (SP),2023,75.0,77.18402179977618
3504206,Auriflama (SP),2024,68.5,69.2279191757777
3504305,Avaí (SP),2001,70.0,73.1181285205989
3504305,Avaí (SP),2002,65.0,70.3751451270464
3504305,Avaí (SP),2003,92.113,73.80589855683644
3504305,Avaí (SP),2004,62.82,79.25111138724188
3504305,Avaí (SP),2005,62.387,69.28667948782335
3504305,Avaí (SP),2006,70.0,70.17456651477778
3504305,Avaí (SP),2007,70.0,71.95660117420266
3504305,Avaí (SP),2008,62.387,70.4018394051166
3504305,Avaí (SP),2009,62.387,69.44021083444837
3504305,Avaí (SP),2010,62.388,66.02831199267402
3504305,Avaí (SP),2011,68.9,70.15646205468616
3504305,Avaí (SP),2012,68.9,70.46596203595665
3504305,Avaí (SP),2013,68.9,71.8671388842141
3504305,Avaí (SP),2014,75.823,72.68707026297304
3504305,Avaí (SP),2015,75.823,75.42018000326391
3504305,Avaí (SP),2016,61.68,72.92630914574818
3504305,Avaí (SP),2017,61.68,63.74213759976578
3504305,Avaí (SP),2018,70.0,69.61515280038113
3504305,Avaí (SP),2019,70.0,72.84617291599855
3504305,Avaí (SP),2020,75.0,70.11089144016113
3504305,Avaí (SP),2021,75.0,75.31515197302005
3504305,Avaí (SP),2022,85.0,80.35180400284118
3504305,Avaí (SP),2023,85.0,85.14284140094064
3504305,Avaí (SP),2024,85.0,78.89481328695162
3504404,Avanhandava (SP),2002,78.892,79.1588592977591
3504404,Avanhandava (SP),2003,67.806,76.31389357398119
3504404,Avanhandava (SP),2004,82.0,77.3967951500603
3504404,Avanhandava (SP),2005,73.0,76.79319364662793
3504404,Avanhandava (SP),2006,100.0,82.27871061911078
3504404,Avanhandava (SP),2007,100.0,94.01717055049818
3504404,Avanhandava (SP),2008,80.0,84.97382143760453
3504404,Avanhandava (SP),2009,80.0,84.13986114456996
3504404,Avanhandava (SP),2010,83.0,81.71467725503732
3504404,Avanhandava (SP),2011,83.0,82.63581521796428
3504404,Avanhandava (SP),2012,80.0,81.54269640559443
3504404,Avanhandava (SP),2013,85.0,81.11429323065039
3504404,Avanhandava (SP),2014,65.43,69.7387281414766
3504404,Avanhandava (SP),2015,50.0,61.033626573389846
3504404,Avanhandava (SP),2016,76.53,71.93140131898653
3504404,Avanhandava (SP),2017,61.9,71.4949192553586
3504404,Avanhandava (SP),2018,61.9,65.59326743994156
3504404,Avanhandava (SP),2019,75.0,73.0209361029483
3504404,Avanhandava (SP),2020,66.0,71.14432530504482
3504404,Avanhandava (SP),2021,70.0,69.07001222493939
3504404,Avanhandava (SP),2022,75.0,76.42240411160114
3504404,Avanhandava (SP),2023,80.0,80.81034224176375
3504404,Avanhandava (SP),2024,80.0,79.31863894634493
3504503,Avaré (SP),2001,84.285,75.95857427702767
3504503,Avaré (SP),2002,70.0,77.0314614929418
3504503,Avaré (SP),2003,70.0,71.30474005775062
3504503,Avaré (SP),2004,70.0,71.47271955441639
3504503,Avaré (SP),2005,69.541,70.1017029480098
3504503,Avaré (SP),2006,70.0,71.0937865758236
3504503,Avaré (SP),2007,70.0,72.34090972255501
3504503,Avaré (SP),2008,70.0,70.95338068168148
3504503,Avaré (SP),2009,70.0,75.89002887902271
3504503,Avaré (SP),2010,70.0,74.06497481089013
3504503,Avaré (SP),2011,70.0,71.82542958174696
3504503,Avaré (SP),2012,70.0,70.92817324187226
3504503,Avaré (SP),2013,70.0,71.09211668207745
3504503,Avaré (SP),2014,70.0,72.01710169065551
3504503,Avaré (SP),2015,70.0,71.74390669468362
3504503,Avaré (SP),2016,70.0,69.93109042346696
3504503,Avaré (SP),2017,70.0,76.72219303536046
3504503,Avaré (SP),2018,70.0,71.31811629828844
3504503,Avaré (SP),2019,70.0,70.68667843935218
3504503,Avaré (SP),2020,72.5,70.26620517675299
3504503,Avaré (SP),2021,51.0,65.36171352151786
3504503,Avaré (SP),2022,60.0,66.83022584670488
3504503,Avaré (SP),2023,66.667,66.32996549773152
3504503,Avaré (SP),2024,70.0,68.41770839093545
3504602,Bady Bassitt (SP),2002,80.0,75.84665437732548
3504602,Bady Bassitt (SP),2003,80.0,78.44975674549524
3504602,Bady Bassitt (SP),2004,100.0,95.76919938493634
3504602,Bady Bassitt (SP),2005,80.104,88.97641628802728
3504602,Bady Bassitt (SP),2006,90.0,88.21897295729859
3504602,Bady Bassitt (SP),2007,80.0,86.8914547349228
3504602,Bady Bassitt (SP),2008,80.0,82.97232280434613
3504602,Bady Bassitt (SP),2009,80.0,84.26588398939698
3504602,Bady Bassitt (SP),2010,80.0,80.34603315939657
3504602,Bady Bassitt (SP),2011,80.0,79.4527017337496
3504602,Bady Bassitt (SP),2012,80.0,80.64335706326037
3504602,Bady Bassitt (SP),2013,80.0,81.43496863875049
3504602,Bady Bassitt (SP),2014,80.0,74.45049307887618
3504602,Bady Bassitt (SP),2015,80.0,82.38308500592716
3504602,Bady Bassitt (SP),2016,90.0,87.49777792552901
3504602,Bady Bassitt (SP),2017,90.0,88.97171283471855
3504602,Bady Bassitt (SP),2018,90.0,88.27423362937645
3504602,Bady Bassitt (SP),2019,85.0,81.39827521031486
3504602,Bady Bassitt (SP),2020,85.0,85.22162626531689
3504602,Bady Bassitt (SP),2021,70.0,75.8879324102258
3504602,Bady Bassitt (SP),2022,85.0,79.02088586360999
3504602,Bady Bassitt (SP),2023,90.0,88.1061882334616
3504602,Bady Bassitt (SP),2024,85.0,81.50716230017207
3504701,Balbinos (SP),2008,70.0,69.00510923259762
3504701,Balbinos (SP),2009,70.0,69.6808595581093
3504701,Balbinos (SP),2010,70.0,70.91279104095693
3504701,Balbinos (SP),2011,73.0,72.3145932348771
3504701,Balbinos (SP),2012,73.0,73.78898339622229
3504701,Balbinos (SP),2013,75.0,75.36732530948784
3504701,Balbinos (SP),2014,65.0,68.84184426680712
3504701,Balbinos (SP),2015,70.0,69.83083561751363
3504701,Balbinos (SP),2016,85.019,79.35196984595018
3504701,Balbinos (SP),2017,80.0,82.78013008659073
3504701,Balbinos (SP),2018,90.0,83.19577877540308
3504701,Balbinos (SP),2019,90.0,89.40147331907905
3504701,Balbinos (SP),2020,90.0,82.97180127586874
3504701,Balbinos (SP),2021,90.0,78.72346228306414
3504701,Balbinos (SP),2022,90.0,89.45407088614861
3504701,Balbinos (SP),2023,90.0,90.1051416950462
3504701,Balbinos (SP),2024,90.0,85.17038307274666
3504800,Bálsamo (SP),2001,60.0,68.33010108259796
3504800,Bálsamo (SP),2002,80.0,78.83527966675018
3504800,Bálsamo (SP),2003,80.0,79.39507987872827
3504800,Bálsamo (SP),2004,80.0,80.04280387381509
3504800,Bálsamo (SP),2005,79.464,82.23183386019194
3504800,Bálsamo (SP),2006,100.0,93.85225934448763
3504800,Bálsamo (SP),2007,100.0,94.22273087542888
3504800,Bálsamo (SP),2008,100.0,95.72183430528365
3504800,Bálsamo (SP),2009,90.0,92.96058290090708
3504800,Bálsamo (SP),2010,90.0,89.45294136664741
3504800,Bálsamo (SP),2011,90.0,88.1414923477332
3504800,Bálsamo (SP),2012,89.024,87.83567982699925
3504800,Bálsamo (SP),2013,99.6,94.00372870842396
3504800,Bálsamo (SP),2014,70.0,79.88912574351163
3504800,Bálsamo (SP),2015,70.0,73.0746987451412
3504800,Bálsamo (SP),2016,70.0,75.58071111993976
3504800,Bálsamo (SP),2017,80.0,76.25604115854439
3504800,Bálsamo (SP),2018,70.0,73.64639693076748
3504800,Bálsamo (SP),2019,80.0,74.60940894632388
3504800,Bálsamo (SP),2020,80.0,79.43915766311243
3504800,Bálsamo (SP),2021,70.0,74.23959245414471
3504800,Bálsamo (SP),2022,80.0,78.16198842208944
3504800,Bálsamo (SP),2023,100.0,87.5581310025281
3504800,Bálsamo (SP),2024,80.0,85.47569254056181
3504909,Bananal (SP),2001,72.0,66.55590931061658
3504909,Bananal (SP),2002,50.0,63.11578671388
3504909,Bananal (SP),2003,50.0,50.44871764291589
3504909,Bananal (SP),2004,50.0,48.33139105236264
3504909,Bananal (SP),2005,50.134,55.53792142683706
3504909,Bananal (SP),2006,50.0,51.776431084471106
3504909,Bananal (SP),2007,50.0,50.52442013765399
3504909,Bananal (SP),2008,50.0,48.23937663125597
3504909,Bananal (SP),2009,49.107,44.702879669731395
3504909,Bananal (SP),2010,50.0,53.88077100250076
3504909,Bananal (SP),2011,65.0,57.93249341114766
3504909,Bananal (SP),2012,65.0,65.56627987105948
3504909,Bananal (SP),2013,65.0,66.12718368614719
3504909,Bananal (SP),2014,65.0,64.70293750402375
3504909,Bananal (SP),2015,65.0,66.41014469275173
3504909,Bananal (SP),2016,65.0,65.90726853024756
3504909,Bananal (SP),2017,65.0,66.06099236742423
3504909,Bananal (SP),2018,65.0,65.09167641924742
3504909,Bananal (SP),2019,65.0,65.5801599213009
3504909,Bananal (SP),2020,65.0,65.60637048001999
3504909,Bananal (SP),2021,65.0,65.45220806150796
3504909,Bananal (SP),2022,65.0,65.4213312292707
3504909,Bananal (SP),2023,65.0,69.9527553694639
3504909,Bananal (SP),2024,65.0,66.07615212089597
3505005,Barão de Antonina (SP),2011,60.0,62.53896168763181
3505104,Barbosa (SP),2001,80.0,79.83583600383349
3505104,Barbosa (SP),2002,73.439,78.35211710744893
3505104,Barbosa (SP),2003,75.117,83.5892207971509
3505104,Barbosa (SP),2004,70.0,74.89910952102522
3505104,Barbosa (SP),2005,70.0,77.66776223219243
3505104,Barbosa (SP),2006,81.831,77.1427284724541
3505104,Barbosa (SP),2007,75.0,78.96996988008928
3505104,Barbosa (SP),2008,80.0,78.30174872639991
3505104,Barbosa (SP),2009,80.0,85.90696834938014
3505104,Barbosa (SP),2010,80.0,81.34509673547036
3505104,Barbosa (SP),2011,80.0,80.03720569006899
3505104,Barbosa (SP),2012,80.0,81.76476674988902
3505104,Barbosa (SP),2013,80.0,80.57594409696395
3505104,Barbosa (SP),2014,65.43,67.58048381814022
3505104,Barbosa (SP),2015,54.46,60.141389113067504
3505104,Barbosa (SP),2016,74.36,70.79638057925739
3505104,Barbosa (SP),2017,70.22,69.86866820713027
3505104,Barbosa (SP),2018,70.22,68.29751130861332
3505104,Barbosa (SP),2019,50.0,71.10994472756964
3505104,Barbosa (SP),2020,70.0,70.2484776802426
3505104,Barbosa (SP),2021,70.0,70.22336597768339
3505104,Barbosa (SP),2022,75.0,76.30769051819986
3505104,Barbosa (SP),2023,80.0,80.92172236134556
3505104,Barbosa (SP),2024,80.0,79.32235085390265
3505203,Bariri (SP),2001,70.0,71.4190942884273
3505203,Bariri (SP),2002,81.25,77.07677250123119
3505203,Bariri (SP),2003,80.0,82.56250796739828
3505203,Bariri (SP),2004,80.0,82.17124361166614
3505203,Bariri (SP),2005,79.469,79.92214846995309
3505203,Bariri (SP),2006,80.0,83.57434993049836
3505203,Bariri (SP),2007,80.0,83.98088783659082
3505203,Bariri (SP),2008,80.0,81.65811274971135
3505203,Bariri (SP),2009,80.0,82.31331729036218
3505203,Bariri (SP),2010,80.0,79.72262519609579
3505203,Bariri (SP),2011,80.0,80.72561100383707
3505203,Bariri (SP),2012,75.0,79.03228588885624
3505203,Bariri (SP),2013,80.0,77.54137331022727
3505203,Bariri (SP),2014,75.0,74.05415523588177
3505203,Bariri (SP),2015,77.0,76.70835998783767
3505203,Bariri (SP),2016,80.0,78.835946525655
3505203,Bariri (SP),2017,82.0,80.98132892874557
3505203,Bariri (SP),2018,75.0,78.47930905147221
3505203,Bariri (SP),2019,78.0,76.72198731611546
3505203,Bariri (SP),2020,75.0,76.41659357460709
3505203,Bariri (SP),2021,74.0,71.99107905283915
3505203,Bariri (SP),2022,75.0,74.99801790468545
3505203,Bariri (SP),2023,75.0,79.12615121588084
3505203,Bariri (SP),2024,63.0,67.02916785723998
3505302,Barra Bonita (SP),2001,90.0,86.78314477238473
3505302,Barra Bonita (SP),2002,78.888,81.6177426863644
3505302,Barra Bonita (SP),2003,90.0,84.42096160438273
3505302,Barra Bonita (SP),2004,90.0,88.23969180008017
3505302,Barra Bonita (SP),2005,89.406,87.80167890428658
3505302,Barra Bonita (SP),2006,85.0,86.7523839122374
3505302,Barra Bonita (SP),2007,85.0,84.51416130323268
3505302,Barra Bonita (SP),2008,88.0,85.72053520385626
3505302,Barra Bonita (SP),2009,88.0,87.60868401818932
3505302,Barra Bonita (SP),2010,88.0,88.3397350315151
3505302,Barra Bonita (SP),2011,88.0,86.15499040237832
3505302,Barra Bonita (SP),2012,75.0,74.9936211507936
3505302,Barra Bonita (SP),2013,83.0,79.16933630977911
3505302,Barra Bonita (SP),2014,72.0,70.35226774322315
3505302,Barra Bonita (SP),2015,86.0,80.54390625127543
3505302,Barra Bonita (SP),2016,85.0,81.50944837213773
3505302,Barra Bonita (SP),2017,85.0,84.01192977351118
3505302,Barra Bonita (SP),2018,85.0,82.85892143078206
3505302,Barra Bonita (SP),2019,75.0,82.1672879153624
3505302,Barra Bonita (SP),2020,75.0,73.99311106469072
3505302,Barra Bonita (SP),2021,74.0,72.2502589434551
3505302,Barra Bonita (SP),2022,75.0,75.69237773586569
3505302,Barra Bonita (SP),2023,88.0,81.08913069147587
3505302,Barra Bonita (SP),2024,70.0,75.88547785384749
3505351,Barra do Chapéu (SP),2020,50.0,55.37082842207791
3505351,Barra do Chapéu (SP),2021,25.0,43.933546247132774
3505351,Barra do Chapéu (SP),2022,50.0,40.26743823914282
3505351,Barra do Chapéu (SP),2023,50.0,51.403036313353326
3505351,Barra do Chapéu (SP),2024,50.0,51.759600165612184
3505401,Barra do Turvo (SP),2010,45.0,42.69503118549506
3505401,Barra do Turvo (SP),2011,35.0,40.02271579507993
3505401,Barra do Turvo (SP),2018,20.0,32.04350632549397
3505401,Barra do Turvo (SP),2019,46.0,32.29979906209556
3505401,Barra do Turvo (SP),2020,46.0,48.772345727605746
3505401,Barra do Turvo (SP),2021,46.0,45.390756006123794
3505401,Barra do Turvo (SP),2022,35.0,45.18719706394993
3505401,Barra do Turvo (SP),2023,42.333,39.58428009438274
3505401,Barra do Turvo (SP),2024,40.0,40.97867479015427
3505500,Barretos (SP),2001,90.0,90.99032111819798
3505500,Barretos (SP),2002,90.0,86.98830874185421
3505500,Barretos (SP),2003,90.0,89.35176838184645
3505500,Barretos (SP),2004,90.0,88.44531162304769
3505500,Barretos (SP),2005,92.001,89.75866741066197
3505500,Barretos (SP),2006,90.0,89.566019952619
3505500,Barretos (SP),2007,90.0,89.37878841773318
3505500,Barretos (SP),2008,90.0,89.88167803379656
3505500,Barretos (SP),2009,90.0,89.2106987589772
3505500,Barretos (SP),2010,90.0,87.95892413794401
3505500,Barretos (SP),2011,85.0,84.35416294504667
3505500,Barretos (SP),2012,70.0,76.91609337699948
3505500,Barretos (SP),2013,80.0,77.90392935883985
3505500,Barretos (SP),2014,80.0,76.85518897600282
3505500,Barretos (SP),2015,80.0,78.28565471190811
3505500,Barretos (SP),2016,90.0,85.95793846291708
3505500,Barretos (SP),2017,90.0,90.01493215550927
3505500,Barretos (SP),2018,81.0,82.43488329859181
3505500,Barretos (SP),2019,83.667,80.62729338826254
3505500,Barretos (SP),2020,84.889,82.30738275822856
3505500,Barretos (SP),2021,83.241,79.3948656019952
3505500,Barretos (SP),2022,83.932,82.5987146364215
3505500,Barretos (SP),2023,83.613,82.78072053067653
3505500,Barretos (SP),2024,81.525,81.05313264127541
3505609,Barrinha (SP),2001,80.0,83.31745403682493
3505609,Barrinha (SP),2002,80.0,82.73210959825651
3505609,Barrinha (SP),2003,90.0,86.89315266428015
3505609,Barrinha (SP),2004,90.0,89.73622989894453
3505609,Barrinha (SP),2005,89.404,89.97307047134616
3505609,Barrinha (SP),2006,90.0,90.73894483785729
3505609,Barrinha (SP),2007,90.0,89.67050870417069
3505609,Barrinha (SP),2008,90.0,88.08487711450795
3505609,Barrinha (SP),2009,90.0,89.30599409533328
3505609,Barrinha (SP),2010,90.0,91.17103647859687
3505609,Barrinha (SP),2011,79.0,81.80195862011495
3505609,Barrinha (SP),2012,75.0,77.00278607774445
3505609,Barrinha (SP),2013,80.0,77.41839490615438
3505609,Barrinha (SP),2014,75.0,70.21198642968143
3505609,Barrinha (SP),2015,75.0,76.85329509866959
3505609,Barrinha (SP),2016,80.0,79.01691637029693
3505609,Barrinha (SP),2017,85.0,82.15924995847504
3505609,Barrinha (SP),2018,85.0,84.56690394456707
3505609,Barrinha (SP),2019,85.0,84.64522173002244
3505609,Barrinha (SP),2020,85.0,85.02946665438712
3505609,Barrinha (SP),2021,85.0,83.8258874527262
3505609,Barrinha (SP),2022,85.0,83.41401988618487
3505609,Barrinha (SP),2023,85.0,84.78456881321583
3505609,Barrinha (SP),2024,82.0,80.7120802386258
3505807,Bastos (SP),2001,80.0,79.78103757959647
3505807,Bastos (SP),2002,67.234,70.71989909252333
3505807,Bastos (SP),2003,68.0,71.96374896021099
3505807,Bastos (SP),2004,73.201,71.88630974328903
3505807,Bastos (SP),2005,75.352,78.78850146807527
3505807,Bastos (SP),2006,68.0,72.65627328211733
3505807,Bastos (SP),2007,68.0,70.0396186184173
3505807,Bastos (SP),2008,68.0,71.14879475702926
3505807,Bastos (SP),2009,70.0,71.64050384828373
3505807,Bastos (SP),2010,80.0,77.61821118423546
3505807,Bastos (SP),2011,80.0,79.11685141775338
3505807,Bastos (SP),2012,80.0,79.6442262657967
3505807,Bastos (SP),2013,66.0,71.44459142507479
3505807,Bastos (SP),2014,67.0,67.34088530587563
3505807,Bastos (SP),2015,66.0,70.44461204594221
3505807,Bastos (SP),2016,75.0,75.14880063574996
3505807,Bastos (SP),2017,75.0,73.59145017185203
3505807,Bastos (SP),2018,68.0,72.91664368259094
3505807,Bastos (SP),2019,70.0,68.67430477133318
3505807,Bastos (SP),2020,71.0,71.61412251200619
3505807,Bastos (SP),2021,60.0,67.92786191460091
3505807,Bastos (SP),2022,65.0,68.06759592461175
3505807,Bastos (SP),2023,82.5,70.76058753588802
3505807,Bastos (SP),2024,62.0,66.86922958421232
3505906,Batatais (SP),2001,75.0,76.58876997844432
3505906,Batatais (SP),2002,83.87,73.920264361823
3505906,Batatais (SP),2003,85.0,84.0653429427346
3505906,Batatais (SP),2004,85.0,84.20115842507947
3505906,Batatais (SP),2005,86.891,85.26376114863893
3505906,Batatais (SP),2006,85.0,84.97378498218346
3505906,Batatais (SP),2007,84.915,84.92208322975665
3505906,Batatais (SP),2008,85.0,84.63778107554869
3505906,Batatais (SP),2009,85.0,85.08336018136092
3505906,Batatais (SP),2010,78.0,81.89303835517718
3505906,Batatais (SP),2011,85.0,80.48971219614576
3505906,Batatais (SP),2012,85.0,80.09915790759797
3505906,Batatais (SP),2013,85.0,83.60286887915436
3505906,Batatais (SP),2014,74.1,75.40871843578643
3505906,Batatais (SP),2015,85.0,76.69927808044854
3505906,Batatais (SP),2016,85.0,84.0753963815761
3505906,Batatais (SP),2017,85.0,84.32492785165908
3505906,Batatais (SP),2018,85.0,83.77579304804539
3505906,Batatais (SP),2019,85.0,84.69971628662638
3505906,Batatais (SP),2020,85.0,85.74062758765476
3505906,Batatais (SP),2021,85.0,83.3458050663471
3505906,Batatais (SP),2022,85.0,82.31893395829209
3505906,Batatais (SP),2023,85.0,84.60867720487182
3505906,Batatais (SP),2024,85.0,82.51405632552864
3506003,Bauru (SP),2001,70.0,70.30259416272938
3506003,Bauru (SP),2002,60.0,66.13900473951286
3506003,Bauru (SP),2003,49.075,64.51818959145021
3506003,Bauru (SP),2004,84.612,70.2586714446525
3506003,Bauru (SP),2005,87.553,85.46248098851702
3506003,Bauru (SP),2006,80.0,85.68210864188357
3506003,Bauru (SP),2007,86.937,81.99683662302432
3506003,Bauru (SP),2008,88.1,85.99355266612233
3506003,Bauru (SP),2009,88.1,87.94164485762597
3506003,Bauru (SP),2010,88.1,86.97032406620612
3506003,Bauru (SP),2011,70.0,79.84625516147752
3506003,Bauru (SP),2012,70.0,69.6962488337637
3506003,Bauru (SP),2013,70.0,69.46475302168187
3506003,Bauru (SP),2014,76.482,68.99008032804946
3506003,Bauru (SP),2015,70.0,72.76575587467568
3506003,Bauru (SP),2016,70.0,70.92403314135078
3506003,Bauru (SP),2017,70.0,67.84632170325465
3506003,Bauru (SP),2018,65.0,68.99488903520147
3506003,Bauru (SP),2019,65.0,69.41419850948945
3506003,Bauru (SP),2020,70.0,67.98331857871355
3506003,Bauru (SP),2021,64.0,66.12812853865802
3506003,Bauru (SP),2022,82.0,72.79108372391204
3506003,Bauru (SP),2023,80.0,81.54770632241505
3506003,Bauru (SP),2024,55.0,70.55121878062786
3506102,Bebedouro (SP),2001,87.906,88.73699162769535
3506102,Bebedouro (SP),2002,85.0,86.30341482338365
3506102,Bebedouro (SP),2003,90.0,86.44807143304193
3506102,Bebedouro (SP),2004,90.0,87.46231652058123
3506102,Bebedouro (SP),2005,92.405,90.40677881377985
3506102,Bebedouro (SP),2006,89.981,88.13545226171094
3506102,Bebedouro (SP),2007,90.0,89.83871076082663
3506102,Bebedouro (SP),2008,90.0,89.27777448828814
3506102,Bebedouro (SP),2009,90.0,88.46704267307626
3506102,Bebedouro (SP),2010,90.0,89.8466757510672
3506102,Bebedouro (SP),2011,65.0,80.03070076686794
3506102,Bebedouro (SP),2012,80.0,74.47054199901386
3506102,Bebedouro (SP),2013,80.0,81.38122124684419
3506102,Bebedouro (SP),2014,70.0,69.98023748746104
3506102,Bebedouro (SP),2015,78.0,78.49116393381752
3506102,Bebedouro (SP),2016,82.0,82.34663532259665
3506102,Bebedouro (SP),2017,82.0,81.56236361073572
3506102,Bebedouro (SP),2018,65.0,79.03788192310134
3506102,Bebedouro (SP),2019,75.0,72.91623632223806
3506102,Bebedouro (SP),2020,75.0,75.6304414851228
3506102,Bebedouro (SP),2021,70.0,74.32054741797785
3506102,Bebedouro (SP),2022,70.0,75.0149122446133
3506102,Bebedouro (SP),2023,90.0,83.74602845147669
3506102,Bebedouro (SP),2024,80.0,79.3388992369714
3506201,Bento de Abreu (SP),2001,78.461,83.37046281073174
3506201,Bento de Abreu (SP),2002,76.206,80.34447714441214
3506201,Bento de Abreu (SP),2003,85.0,81.43918199874201
3506201,Bento de Abreu (SP),2004,80.0,80.51277880823748
3506201,Bento de Abreu (SP),2005,84.437,82.69389196679512
3506201,Bento de Abreu (SP),2006,85.0,83.2144954573213
3506201,Bento de Abreu (SP),2007,90.0,86.49486513307643
3506201,Bento de Abreu (SP),2008,90.0,86.59346367194512
3506201,Bento de Abreu (SP),2009,80.0,97.30180931468136
3506201,Bento de Abreu (SP),2010,90.0,83.29076271086775
3506201,Bento de Abreu (SP),2011,80.0,84.13049070686661
3506201,Bento de Abreu (SP),2012,80.0,81.39747776525192
3506201,Bento de Abreu (SP),2013,75.955,77.7793860498172
3506201,Bento de Abreu (SP),2014,63.0,67.19473801307028
3506201,Bento de Abreu (SP),2015,75.0,69.73227053819133
3506201,Bento de Abreu (SP),2016,77.0,80.49270824845715
3506201,Bento de Abreu (SP),2017,77.0,75.89987840954537
3506201,Bento de Abreu (SP),2018,80.0,79.06882086885442
3506201,Bento de Abreu (SP),2019,71.656,74.46551279724522
3506201,Bento de Abreu (SP),2020,75.0,71.3125696519768
3506201,Bento de Abreu (SP),2021,75.0,73.82479891006247
3506201,Bento de Abreu (SP),2022,75.0,76.4925998518633
3506201,Bento de Abreu (SP),2023,75.0,81.75450456970368
3506201,Bento de Abreu (SP),2024,75.0,67.3865818029609
3506300,Bernardino de Campos (SP),2001,80.0,76.4313414050386
3506300,Bernardino de Campos (SP),2002,80.0,79.05953023444806
3506300,Bernardino de Campos (SP),2003,80.0,80.78559043415903
3506300,Bernardino de Campos (SP),2004,85.0,80.9296798868619
3506300,Bernardino de Campos (SP),2005,79.463,79.60249054256857
3506300,Bernardino de Campos (SP),2006,70.0,76.72014513537746
3506300,Bernardino de Campos (SP),2007,80.0,72.75073480889648
3506300,Bernardino de Campos (SP),2008,80.0,81.07787171090294
3506300,Bernardino de Campos (SP),2009,80.923,78.69048895154202
3506300,Bernardino de Campos (SP),2010,80.0,80.05225472473651
3506300,Bernardino de Campos (SP),2011,81.0,80.32107467830174
3506300,Bernardino de Campos (SP),2012,81.0,82.67230708289195
3506300,Bernardino de Campos (SP),2013,80.0,85.48038382166052
3506300,Bernardino de Campos (SP),2014,80.0,79.57544651384364
3506300,Bernardino de Campos (SP),2015,80.0,77.33055100664323
3506300,Bernardino de Campos (SP),2016,80.0,79.51588251436401
3506300,Bernardino de Campos (SP),2017,80.0,80.25791190424557
3506300,Bernardino de Campos (SP),2018,80.0,77.87085884362241
3506300,Bernardino de Campos (SP),2019,80.0,79.73011667008718
3506300,Bernardino de Campos (SP),2020,80.0,78.35646520588439
3506300,Bernardino de Campos (SP),2021,85.0,82.3548815932556
3506300,Bernardino de Campos (SP),2022,85.0,82.99132741222634
3506300,Bernardino de Campos (SP),2023,80.0,83.74703494882151
3506300,Bernardino de Campos (SP),2024,78.0,78.49229429776476
3506409,Bilac (SP),2001,100.0,82.96803417446043
3506409,Bilac (SP),2002,92.504,90.59257107816984
3506409,Bilac (SP),2003,84.141,83.14605832098789
3506409,Bilac (SP),2004,78.343,81.29271756901768
3506409,Bilac (SP),2005,92.182,86.97701903559692
3506409,Bilac (SP),2006,90.913,85.73987030745094
3506409,Bilac (SP),2007,91.0,89.29612552473144
3506409,Bilac (SP),2008,75.594,83.15331253700651
3506409,Bilac (SP),2009,91.0,84.3298519084017
3506409,Bilac (SP),2010,91.0,90.30029370807387
3506409,Bilac (SP),2011,85.35,85.11309741573419
3506409,Bilac (SP),2012,71.0,77.38469407387059
3506409,Bilac (SP),2013,78.673,77.36717461713117
3506409,Bilac (SP),2014,63.014,67.81663651339635
3506409,Bilac (SP),2015,64.0,67.11773654648897
3506409,Bilac (SP),2016,73.0,74.33351020549209
3506409,Bilac (SP),2017,74.0,72.27199443574078
3506409,Bilac (SP),2018,70.0,72.22546008667214
3506409,Bilac (SP),2019,70.0,75.2749841271225
3506409,Bilac (SP),2020,70.0,70.41074103034072
3506409,Bilac (SP),2021,75.0,71.64278282509026
3506409,Bilac (SP),2022,80.0,78.75566081271953
3506409,Bilac (SP),2023,80.0,83.92323617735494
3506409,Bilac (SP),2024,70.0,76.60902085428464
3506508,Birigui (SP),2001,70.0,74.6642346986239
3506508,Birigui (SP),2002,80.0,75.16482263371276
3506508,Birigui (SP),2003,80.0,79.0990520735208
3506508,Birigui (SP),2004,93.961,86.04905433602393
3506508,Birigui (SP),2005,95.575,83.11608498403679
3506508,Birigui (SP),2006,80.0,86.81181831928707
3506508,Birigui (SP),2007,80.0,81.05258329718245
3506508,Birigui (SP),2008,90.0,82.74347584669171
3506508,Birigui (SP),2009,133.0,100.68467229357249
3506508,Birigui (SP),2010,108.0,112.71916523581966
3506508,Birigui (SP),2011,76.33,82.5238823238063
3506508,Birigui (SP),2012,77.0,77.46834221009874
3506508,Birigui (SP),2013,77.725,77.67307216564761
3506508,Birigui (SP),2014,70.0,68.11128754823649
3506508,Birigui (SP),2015,70.0,73.77802907224824
3506508,Birigui (SP),2016,80.0,78.25289656393156
3506508,Birigui (SP),2017,80.0,78.01821918791786
3506508,Birigui (SP),2018,80.0,79.12231284165665
3506508,Birigui (SP),2019,60.0,73.70895905118572
3506508,Birigui (SP),2020,60.0,70.67389092106897
3506508,Birigui (SP),2021,70.0,67.18234177454804
3506508,Birigui (SP),2022,75.0,75.20356420391398
3506508,Birigui (SP),2023,100.0,82.7165120779238
3506508,Birigui (SP),2024,80.055,81.25848595705521
3506706,Boa Esperança do Sul (SP),2001,80.0,73.67861737161398
3506706,Boa Esperança do Sul (SP),2002,71.6,82.29461955748845
3506706,Boa Esperança do Sul (SP),2003,69.0,69.13566644077818
3506706,Boa Esperança do Sul (SP),2004,66.24,72.11950646099837
3506706,Boa Esperança do Sul (SP),2005,70.848,71.8005052092303
3506706,Boa Esperança do Sul (SP),2006,75.0,73.27728117169569
3506706,Boa Esperança do Sul (SP),2007,75.0,76.97127390051993
3506706,Boa Esperança do Sul (SP),2008,80.0,78.5078673376754
3506706,Boa Esperança do Sul (SP),2009,80.0,80.39964481433518
3506706,Boa Esperança do Sul (SP),2010,85.0,84.671493561614
3506706,Boa Esperança do Sul (SP),2011,85.0,85.8180117074512
3506706,Boa Esperança do Sul (SP),2012,85.0,79.88957720273113
3506706,Boa Esperança do Sul (SP),2013,85.0,84.46591204601107
3506706,Boa Esperança do Sul (SP),2014,85.0,77.68725979877759
3506706,Boa Esperança do Sul (SP),2015,80.0,84.45919939693907
3506706,Boa Esperança do Sul (SP),2016,80.0,79.74543052470948
3506706,Boa Esperança do Sul (SP),2017,75.0,79.01203197769304
3506706,Boa Esperança do Sul (SP),2018,75.0,75.83204352628121
3506706,Boa Esperança do Sul (SP),2019,78.333,75.1383916193489
3506706,Boa Esperança do Sul (SP),2020,77.0,78.65159404351603
3506706,Boa Esperança do Sul (SP),2021,70.0,74.52771124611496
3506706,Boa Esperança do Sul (SP),2022,76.0,74.0520179248901
3506706,Boa Esperança do Sul (SP),2023,77.0,78.15690723439937
3506706,Boa Esperança do Sul (SP),2024,62.0,73.68093438908322
3506805,Bocaina (SP),2001,81.0,79.55795409842261
3506805,Bocaina (SP),2002,95.0,85.22257656574025
3506805,Bocaina (SP),2003,90.0,90.81544152740642
3506805,Bocaina (SP),2004,90.0,87.99512513691674
3506805,Bocaina (SP),2005,89.404,89.98075595858913
3506805,Bocaina (SP),2006,90.0,89.02069518846028
3506805,Bocaina (SP),2007,90.0,89.73566253584063
3506805,Bocaina (SP),2008,90.0,87.74901450931645
3506805,Bocaina (SP),2009,90.0,90.02119127487353
3506805,Bocaina (SP),2010,90.0,90.53236635605691
3506805,Bocaina (SP),2011,90.0,88.82411637840855
3506805,Bocaina (SP),2012,90.0,87.29574951626327
3506805,Bocaina (SP),2013,90.0,89.16580996403543
3506805,Bocaina (SP),2014,90.0,87.21865957001332
3506805,Bocaina (SP),2015,80.0,81.5360944638107
3506805,Bocaina (SP),2016,80.0,79.81551069992773
3506805,Bocaina (SP),2017,80.0,80.79249729409011
3506805,Bocaina (SP),2018,80.0,79.07473754049192
3506805,Bocaina (SP),2019,75.0,78.09287375418326
3506805,Bocaina (SP),2020,75.0,76.54443564906046
3506805,Bocaina (SP),2021,74.0,71.96733188449215
3506805,Bocaina (SP),2022,75.0,75.11766913802364
3506805,Bocaina (SP),2023,76.0,79.27641915495089
3506805,Bocaina (SP),2024,63.0,67.47890483667031
3506904,Bofete (SP),2009,45.0,50.193080918401876
3506904,Bofete (SP),2010,45.918,54.645375032092936
3506904,Bofete (SP),2011,45.0,49.087166820998455
3506904,Bofete (SP),2013,70.0,56.33699345293599
3506904,Bofete (SP),2014,75.0,66.3491038598822
3506904,Bofete (SP),2015,60.0,68.82297254308389
3506904,Bofete (SP),2016,60.0,61.94186175977851
3506904,Bofete (SP),2017,80.0,67.9192609807541
3506904,Bofete (SP),2018,80.0,78.49075873593199
3506904,Bofete (SP),2019,71.875,75.51598138298688
3506904,Bofete (SP),2020,71.875,72.04558129289325
3506904,Bofete (SP),2021,62.221,65.1373658346466
3506904,Bofete (SP),2022,40.0,54.09551769967533
3506904,Bofete (SP),2023,69.0,62.06461309174161
3506904,Bofete (SP),2024,72.9,65.51578350151465
3507001,Boituva (SP),2001,80.0,72.80768299866018
3507001,Boituva (SP),2002,80.0,80.07218199259188
3507001,Boituva (SP),2003,80.0,77.95327222217165
3507001,Boituva (SP),2004,80.5,79.68975360762205
3507001,Boituva (SP),2005,79.475,79.70377109424822
3507001,Boituva (SP),2006,109.368,87.6485172083883
3507001,Boituva (SP),2007,109.733,101.3247457212579
3507001,Boituva (SP),2008,108.319,103.29530138666341
3507001,Boituva (SP),2009,100.0,91.80526282642359
3507001,Boituva (SP),2010,91.53,92.19694115329992
3507001,Boituva (SP),2011,91.53,85.5088800931902
3507001,Boituva (SP),2013,100.0,96.04531156442876
3507001,Boituva (SP),2014,83.333,91.97364527079728
3507001,Boituva (SP),2015,100.0,87.85897939912829
3507001,Boituva (SP),2016,100.0,90.30891749311462
3507001,Boituva (SP),2017,100.0,98.72058012466756
3507001,Boituva (SP),2018,80.0,89.61132757412315
3507001,Boituva (SP),2019,73.333,80.58769688326666
3507001,Boituva (SP),2020,100.0,88.85127859003565
3507001,Boituva (SP),2021,100.0,93.65147568183548
3507001,Boituva (SP),2022,100.0,96.44723086655287
3507001,Boituva (SP),2023,100.0,94.24213846160522
3507001,Boituva (SP),2024,100.0,93.62012965085356
3507159,Bom Sucesso de Itararé (SP),2011,40.0,41.47804957044263
3507209,Borá (SP),2001,70.0,86.82541445613585
3507209,Borá (SP),2002,62.16,68.40167234849847
3507209,Borá (SP),2004,77.0,72.41845941142485
3507209,Borá (SP),2005,99.347,86.01917500865399
3507209,Borá (SP),2006,80.0,87.23966679003712
3507209,Borá (SP),2007,80.0,82.9231265963879
3507209,Borá (SP),2008,82.758,81.14509717380938
3507209,Borá (SP),2009,77.279,83.8967138838482
3507209,Borá (SP),2010,80.0,80.6416478040497
3507209,Borá (SP),2011,72.0,76.14894668672149
3507209,Borá (SP),2012,80.0,75.04491457372188
3507209,Borá (SP),2013,94.242,85.92298161082786
3507209,Borá (SP),2014,80.0,81.32618232136676
3507209,Borá (SP),2015,63.008,74.03177676393094
3507209,Borá (SP),2016,59.69,70.44653132630563
3507209,Borá (SP),2017,56.01,67.44292295171988
3507209,Borá (SP),2018,65.0,70.86202157029572
3507209,Borá (SP),2019,68.0,68.37006992871815
3507209,Borá (SP),2020,70.0,70.74181275207508
3507209,Borá (SP),2021,65.0,68.02607592990196
3507209,Borá (SP),2022,60.0,69.63215315922886
3507209,Borá (SP),2023,70.0,70.73183530372322
3507209,Borá (SP),2024,65.0,69.9470313033535
3507308,Boracéia (SP),2001,67.5,80.49298626121814
3507308,Boracéia (SP),2002,90.0,78.16600159849364
3507308,Boracéia (SP),2003,100.0,91.17741916720011
3507308,Boracéia (SP),2004,92.857,95.17895246862892
3507308,Boracéia (SP),2005,98.9,92.94748008378141
3507308,Boracéia (SP),2006,100.0,94.10237985959247
3507308,Boracéia (SP),2007,90.0,88.90851363271389
3507308,Boracéia (SP),2008,90.0,88.27447855072646
3507308,Boracéia (SP),2009,90.0,89.93545823032917
3507308,Boracéia (SP),2010,90.0,90.45828124107544
3507308,Boracéia (SP),2011,90.0,88.82172854461824
3507308,Boracéia (SP),2012,90.0,86.85738908656414
3507308,Boracéia (SP),2013,90.0,89.49829452263697
3507308,Boracéia (SP),2014,90.0,87.31635291174103
3507308,Boracéia (SP),2015,85.0,81.51393833440949
3507308,Boracéia (SP),2016,85.0,84.16464642614812
3507308,Boracéia (SP),2017,85.0,83.05660664084813
3507308,Boracéia (SP),2018,85.0,83.39628451191271
3507308,Boracéia (SP),2019,80.0,80.8068413918224
3507308,Boracéia (SP),2020,75.0,77.5071290693365
3507308,Boracéia (SP),2021,74.0,72.13617203926331
3507308,Boracéia (SP),2022,75.0,75.0348122394155
3507308,Boracéia (SP),2023,74.0,79.6692549187963
3507308,Boracéia (SP),2024,66.0,66.3960324300422
3507407,Borborema (SP),2001,80.0,79.07889836274973
3507407,Borborema (SP),2002,90.742,83.95154027418303
3507407,Borborema (SP),2003,80.0,86.54119825422171
3507407,Borborema (SP),2004,80.0,81.04462517419432
3507407,Borborema (SP),2005,79.474,80.76333664072212
3507407,Borborema (SP),2006,80.0,75.83250648319644
3507407,Borborema (SP),2007,80.0,82.30084606829614
3507407,Borborema (SP),2008,90.0,80.38572831341233
3507407,Borborema (SP),2009,90.0,90.84689415437619
3507407,Borborema (SP),2010,90.0,89.72905202553895
3507407,Borborema (SP),2011,90.0,87.38672728874886
3507407,Borborema (SP),2012,90.0,88.49773080629089
3507407,Borborema (SP),2013,90.0,89.41367170995154
3507407,Borborema (SP),2014,72.0,72.70174143045844
3507407,Borborema (SP),2015,82.0,81.21225518743276
3507407,Borborema (SP),2016,90.0,85.50518434691965
3507407,Borborema (SP),2017,90.0,88.65218432985614
3507407,Borborema (SP),2018,75.0,81.78681070651933
3507407,Borborema (SP),2019,82.0,76.88899983737466
3507407,Borborema (SP),2020,82.0,80.48419405814812
3507407,Borborema (SP),2021,72.001,74.05578146074755
3507407,Borborema (SP),2022,72.001,74.14310901419512
3507407,Borborema (SP),2023,90.0,83.55260527762836
3507407,Borborema (SP),2024,83.0,81.11920124383954
3507456,Borebi (SP),2001,70.0,71.6118628761267
3507456,Borebi (SP),2002,70.513,74.53407753075254
3507456,Borebi (SP),2003,71.305,71.89746994576547
3507456,Borebi (SP),2004,90.0,77.35097658528228
3507456,Borebi (SP),2005,85.483,87.69423630850875
3507456,Borebi (SP),2006,70.0,78.94292010291596
3507456,Borebi (SP),2007,80.0,73.83431459638864
3507456,Borebi (SP),2008,80.0,80.42526817208781
3507456,Borebi (SP),2009,80.0,81.5948405922888
3507456,Borebi (SP),2010,80.0,80.35002276582101
3507456,Borebi (SP),2011,80.0,79.23206807105954
3507456,Borebi (SP),2012,80.0,77.24056961288288
3507456,Borebi (SP),2013,80.0,80.70429062181596
3507456,Borebi (SP),2014,69.947,69.76718183986263
3507456,Borebi (SP),2015,69.947,77.18778618179708
3507456,Borebi (SP),2016,90.0,72.72697033713199
3507456,Borebi (SP),2017,80.0,85.15021709149835
3507456,Borebi (SP),2018,68.0,76.84900943645953
3507456,Borebi (SP),2019,68.0,70.06642655367193
3507456,Borebi (SP),2020,72.5,70.60616534999718
3507456,Borebi (SP),2021,67.0,68.64791648928852
3507456,Borebi (SP),2022,65.0,68.59117525329525
3507456,Borebi (SP),2023,70.0,68.6044398180066
3507456,Borebi (SP),2024,65.0,67.93070562699069
3507506,Botucatu (SP),2001,70.0,74.98099858079267
3507506,Botucatu (SP),2002,70.0,72.99285518307227
3507506,Botucatu (SP),2003,70.0,71.37334568808413
3507506,Botucatu (SP),2004,70.0,71.78749394067208
3507506,Botucatu (SP),2005,69.54,69.84561527172778
3507506,Botucatu (SP),2006,70.0,71.08459480188365
3507506,Botucatu (SP),2007,70.0,72.4535007105225
3507506,Botucatu (SP),2008,70.0,70.89370887170934
3507506,Botucatu (SP),2009,70.0,75.28527777624394
3507506,Botucatu (SP),2010,72.916,75.08833939230081
3507506,Botucatu (SP),2011,70.0,74.6467392427112
3507506,Botucatu (SP),2012,70.0,70.29393301762423
3507506,Botucatu (SP),2013,70.0,71.36955202320273
3507506,Botucatu (SP),2014,60.0,68.51361919997866
3507506,Botucatu (SP),2015,70.0,69.88062248201147
3507506,Botucatu (SP),2016,70.0,69.99949516648388
3507506,Botucatu (SP),2017,80.0,78.38518742876731
3507506,Botucatu (SP),2018,80.0,80.65222249241855
3507506,Botucatu (SP),2019,79.409,79.58348448722545
3507506,Botucatu (SP),2020,79.409,78.55987757936506
3507506,Botucatu (SP),2021,70.0,73.30765458720444
3507506,Botucatu (SP),2022,90.0,80.11018176002625
3507506,Botucatu (SP),2023,78.818,82.74044637553952
3507506,Botucatu (SP),2024,82.618,79.01600992443669
3507605,Bragança Paulista (SP),2003,48.0,49.46259112160062
3507605,Bragança Paulista (SP),2004,48.0,47.96357156422744
3507605,Bragança Paulista (SP),2005,48.666,47.151573075493914
3507605,Bragança Paulista (SP),2006,49.0,55.275274580176365
3507605,Bragança Paulista (SP),2007,49.0,53.030795912074026
3507605,Bragança Paulista (SP),2008,50.0,48.73188031302031
3507605,Bragança Paulista (SP),2009,50.0,48.1845967597941
3507605,Bragança Paulista (SP),2010,52.0,54.81174256802919
3507605,Bragança Paulista (SP),2011,100.0,80.20301300908035
3507605,Bragança Paulista (SP),2012,100.0,95.32307161249172
3507605,Bragança Paulista (SP),2013,100.0,97.23640972586969
3507605,Bragança Paulista (SP),2014,100.0,96.3110714902042
3507605,Bragança Paulista (SP),2015,100.0,95.95337534763777
3507605,Bragança Paulista (SP),2016,80.0,87.03920775263468
3507605,Bragança Paulista (SP),2017,80.0,78.56057747309126
3507605,Bragança Paulista (SP),2018,80.0,82.32382086962718
3507605,Bragança Paulista (SP),2019,80.0,75.51449640115032
3507605,Bragança Paulista (SP),2020,80.0,76.94962885203275
3507605,Bragança Paulista (SP),2021,72.0,77.01428454367853
3507605,Bragança Paulista (SP),2022,80.0,70.98397920222835
3507605,Bragança Paulista (SP),2023,80.0,77.82775923820073
3507605,Bragança Paulista (SP),2024,80.0,78.21771514338779
3507704,Braúna (SP),2001,64.268,77.16839874387401
3507704,Braúna (SP),2002,88.836,69.93795827394806
3507704,Braúna (SP),2003,67.662,80.76001114734086
3507704,Braúna (SP),2004,75.0,77.79997292609328
3507704,Braúna (SP),2005,84.0,83.30977025752436
3507704,Braúna (SP),2006,70.0,80.00437424271348
3507704,Braúna (SP),2007,80.0,74.97532342345986
3507704,Braúna (SP),2008,70.0,81.44730289860246
3507704,Braúna (SP),2009,70.0,75.73324098977422
3507704,Braúna (SP),2010,80.0,77.15982251693758
3507704,Braúna (SP),2011,80.0,78.97014761205878
3507704,Braúna (SP),2012,75.0,78.3777360243123
3507704,Braúna (SP),2013,80.0,78.82203709006865
3507704,Braúna (SP),2014,65.43,69.02804496017178
3507704,Braúna (SP),2015,68.0,66.00054860198901
3507704,Braúna (SP),2016,83.17,77.5037220434202
3507704,Braúna (SP),2017,70.2,78.6282457154119
3507704,Braúna (SP),2018,70.2,66.85878046390395
3507704,Braúna (SP),2019,62.0,70.76289336538686
3507704,Braúna (SP),2020,70.0,70.64298991533515
3507704,Braúna (SP),2021,70.0,71.3279450731147
3507704,Braúna (SP),2022,75.0,74.78516615029598
3507704,Braúna (SP),2023,80.0,81.25483914026422
3507704,Braúna (SP),2024,80.0,76.60100800393316
3507753,Brejo Alegre (SP),2006,100.0,106.07747531834556
3507753,Brejo Alegre (SP),2007,120.0,109.67188100662307
3507753,Brejo Alegre (SP),2008,115.0,106.78413332551098
3507753,Brejo Alegre (SP),2009,120.0,107.48386744111643
3507753,Brejo Alegre (SP),2010,117.36,113.12218307094295
3507753,Brejo Alegre (SP),2011,83.97,86.63739921421879
3507753,Brejo Alegre (SP),2012,80.0,80.41567020574892
3507753,Brejo Alegre (SP),2013,80.0,81.82296319090452
3507753,Brejo Alegre (SP),2014,70.0,70.43543541004938
3507753,Brejo Alegre (SP),2015,75.0,75.37947001270591
3507753,Brejo Alegre (SP),2016,80.0,78.43249885753622
3507753,Brejo Alegre (SP),2017,80.0,80.83284135399093
3507753,Brejo Alegre (SP),2018,90.0,78.82414350432302
3507753,Brejo Alegre (SP),2019,60.0,78.58108150950046
3507753,Brejo Alegre (SP),2020,90.0,80.58582670904096
3507753,Brejo Alegre (SP),2021,80.0,73.67556339368596
3507753,Brejo Alegre (SP),2022,80.0,79.60686066030188
3507753,Brejo Alegre (SP),2023,85.0,88.79859123319791
3507753,Brejo Alegre (SP),2024,80.0,82.45909888024335
3507803,Brodowski (SP),2001,65.0,69.73893698788119
3507803,Brodowski (SP),2002,65.0,71.56233007552433
3507803,Brodowski (SP),2003,65.0,72.06157601833321
3507803,Brodowski (SP),2004,65.0,68.73696333948372
3507803,Brodowski (SP),2005,64.572,70.16460426199369
3507803,Brodowski (SP),2006,65.0,72.46459605235218
3507803,Brodowski (SP),2007,64.957,70.03112091767133
3507803,Brodowski (SP),2008,79.997,77.45717665443118
3507803,Brodowski (SP),2009,65.0,81.77417987062572
3507803,Brodowski (SP),2010,79.994,75.32630256466221
3507803,Brodowski (SP),2011,68.0,76.2185858603898
3507803,Brodowski (SP),2012,73.0,73.4229850301675
3507803,Brodowski (SP),2013,73.0,75.1153457223692
3507803,Brodowski (SP),2014,74.1,73.18684072825997
3507803,Brodowski (SP),2015,65.0,73.29822412672023
3507803,Brodowski (SP),2016,65.0,68.40380198134612
3507803,Brodowski (SP),2017,65.0,68.28443648486405
3507803,Brodowski (SP),2018,65.0,69.01527237547519
3507803,Brodowski (SP),2019,65.0,69.1510372850309
3507803,Brodowski (SP),2020,75.0,72.4659966891628
3507803,Brodowski (SP),2021,75.0,73.36601650232716
3507803,Brodowski (SP),2022,68.333,72.98176002572046
3507803,Brodowski (SP),2023,69.444,75.24156963744498
3507803,Brodowski (SP),2024,70.926,72.52641953351431
3507902,Brotas (SP),2001,82.0,79.28915326830025
3507902,Brotas (SP),2002,83.333,80.1072925288482
3507902,Brotas (SP),2003,85.0,82.52025334332382
3507902,Brotas (SP),2004,85.0,84.42491542756112
3507902,Brotas (SP),2005,87.28,85.66012624039084
3507902,Brotas (SP),2006,90.0,85.04254707223055
3507902,Brotas (SP),2007,90.0,88.18127347271559
3507902,Brotas (SP),2008,90.0,88.69615310712061
3507902,Brotas (SP),2009,86.0,88.1944712166131
3507902,Brotas (SP),2010,86.0,84.75653394299408
3507902,Brotas (SP),2011,80.0,84.77644009257412
3507902,Brotas (SP),2012,80.0,78.96587762144611
3507902,Brotas (SP),2013,82.552,82.98414952629902
3507902,Brotas (SP),2014,80.0,77.8974744605913
3507902,Brotas (SP),2015,80.0,78.2981696161619
3507902,Brotas (SP),2016,82.09,78.40754924782544
3507902,Brotas (SP),2017,80.0,81.26878284041541
3507902,Brotas (SP),2018,80.0,79.46010588981765
3507902,Brotas (SP),2019,82.0,80.84205543299164
3507902,Brotas (SP),2020,75.0,77.14416775465295
3507902,Brotas (SP),2021,74.0,71.77891997394815
3507902,Brotas (SP),2022,75.0,74.732162818841
3507902,Brotas (SP),2023,68.155,72.68360286187563
3507902,Brotas (SP),2024,57.0,64.5882222364699
3508009,Buri (SP),2011,80.0,92.61928502348995
3508108,Buritama (SP),2001,80.0,83.63415694438834
3508108,Buritama (SP),2002,88.05,83.97775003801847
3508108,Buritama (SP),2003,80.0,82.93488815444609
3508108,Buritama (SP),2004,110.721,94.1821657688495
3508108,Buritama (SP),2005,98.302,95.61191932298748
3508108,Buritama (SP),2006,104.39,97.02411913336391
3508108,Buritama (SP),2007,93.0,104.21381835002961
3508108,Buritama (SP),2008,95.6,90.59957372711166
3508108,Buritama (SP),2009,80.0,87.08608527047595
3508108,Buritama (SP),2010,80.0,80.45032236854765
3508108,Buritama (SP),2011,74.78,77.29982969821656
3508108,Buritama (SP),2012,75.0,75.66457619706617
3508108,Buritama (SP),2013,78.523,77.01361384220849
3508108,Buritama (SP),2014,69.6,68.58821581408982
3508108,Buritama (SP),2015,75.0,75.63686949068024
3508108,Buritama (SP),2016,81.194,78.1403617738734
3508108,Buritama (SP),2017,90.0,84.86350024072286
3508108,Buritama (SP),2018,80.0,79.1293901668525
3508108,Buritama (SP),2019,80.0,75.74034123507155
3508108,Buritama (SP),2020,80.0,79.78808499688154
3508108,Buritama (SP),2021,80.0,78.55218063121968
3508108,Buritama (SP),2022,80.0,77.95101918469744
3508108,Buritama (SP),2023,90.0,87.26004392561953
3508108,Buritama (SP),2024,80.025,81.79305311293565
3508207,Buritizal (SP),2001,75.0,74.80310441195395
3508207,Buritizal (SP),2002,75.0,74.87567802909899
3508207,Buritizal (SP),2003,78.0,76.35597376716251
3508207,Buritizal (SP),2004,80.0,81.1712828273336
3508207,Buritizal (SP),2005,79.471,80.26990812695719
3508207,Buritizal (SP),2006,85.0,82.24280179900083
3508207,Buritizal (SP),2007,85.0,83.93379115509606
3508207,Buritizal (SP),2008,85.0,85.41970749530765
3508207,Buritizal (SP),2009,84.824,83.89982542455091
3508207,Buritizal (SP),2010,85.0,83.65582049898565
3508207,Buritizal (SP),2011,85.0,85.61822848118308
3508207,Buritizal (SP),2012,70.0,78.41080238534106
3508207,Buritizal (SP),2013,75.0,76.71330094294622
3508207,Buritizal (SP),2014,75.0,73.52087105005444
3508207,Buritizal (SP),2015,78.0,76.86588830689615
3508207,Buritizal (SP),2016,80.0,80.32474171687419
3508207,Buritizal (SP),2017,80.0,80.67953822038275
3508207,Buritizal (SP),2018,80.0,79.23645886485058
3508207,Buritizal (SP),2019,60.0,73.72699005177984
3508207,Buritizal (SP),2020,60.0,77.48993666705431
3508207,Buritizal (SP),2021,70.0,70.61929363006193
3508207,Buritizal (SP),2022,60.0,68.5844467571797
3508207,Buritizal (SP),2023,75.0,75.00795212798909
3508207,Buritizal (SP),2024,80.0,77.08162612028812
3508306,Cabrália Paulista (SP),2002,70.0,72.64240732811723
3508306,Cabrália Paulista (SP),2003,70.0,70.28425833173559
3508306,Cabrália Paulista (SP),2004,70.0,73.51267541693582
3508306,Cabrália Paulista (SP),2005,69.531,73.30024586015531
3508306,Cabrália Paulista (SP),2006,70.0,69.18644039522692
3508306,Cabrália Paulista (SP),2007,69.5,66.72055812611688
3508306,Cabrália Paulista (SP),2008,70.0,70.85893007304485
3508306,Cabrália Paulista (SP),2009,70.0,71.18527992817317
3508306,Cabrália Paulista (SP),2010,70.0,70.20329157651032
3508306,Cabrália Paulista (SP),2011,69.941,70.46722023304196
3508306,Cabrália Paulista (SP),2012,70.0,69.74258855382142
3508306,Cabrália Paulista (SP),2013,70.0,69.8008392722591
3508306,Cabrália Paulista (SP),2014,70.0,69.46472456784328
3508306,Cabrália Paulista (SP),2015,84.0,76.3112059681792
3508306,Cabrália Paulista (SP),2016,70.0,79.92374274781109
3508306,Cabrália Paulista (SP),2017,55.0,66.52013965201941
3508306,Cabrália Paulista (SP),2018,47.312,58.81281554132553
3508306,Cabrália Paulista (SP),2019,48.889,57.81924689552114
3508306,Cabrália Paulista (SP),2020,48.0,54.72994179072274
3508306,Cabrália Paulista (SP),2021,55.628,60.20711766903929
3508306,Cabrália Paulista (SP),2022,50.839,57.070438926372205
3508306,Cabrália Paulista (SP),2023,50.0,56.01574917237915
3508306,Cabrália Paulista (SP),2024,80.0,57.6659349385198
3508405,Cabreúva (SP),2001,70.0,66.5927215981885
3508405,Cabreúva (SP),2002,60.0,66.271415345104
3508405,Cabreúva (SP),2003,60.0,60.5779628416861
3508405,Cabreúva (SP),2004,60.0,64.4823084734779
3508405,Cabreúva (SP),2005,59.598,60.99120624818589
3508405,Cabreúva (SP),2006,80.0,58.95038899839404
3508405,Cabreúva (SP),2007,75.0,80.06898641153236
3508405,Cabreúva (SP),2008,70.0,69.30638991382042
3508405,Cabreúva (SP),2009,80.0,68.08712675427685
3508405,Cabreúva (SP),2010,80.0,74.14897817533854
3508405,Cabreúva (SP),2011,80.0,75.67650472348838
3508405,Cabreúva (SP),2012,80.0,77.25206014919185
3508405,Cabreúva (SP),2013,80.0,76.94772057134296
3508405,Cabreúva (SP),2014,70.0,72.24756173556995
3508405,Cabreúva (SP),2015,80.0,74.59380929827384
3508405,Cabreúva (SP),2016,80.0,76.31451670510668
3508405,Cabreúva (SP),2017,75.0,73.65013425320738
3508405,Cabreúva (SP),2018,60.0,74.30501309530604
3508405,Cabreúva (SP),2019,75.0,68.34117625467098
3508405,Cabreúva (SP),2020,79.0,81.60348217836331
3508405,Cabreúva (SP),2021,78.0,77.83701100906029
3508405,Cabreúva (SP),2022,77.4,77.78555829748025
3508405,Cabreúva (SP),2023,75.0,76.9023812152093
3508405,Cabreúva (SP),2024,79.0,75.5107027843417
3508504,Caçapava (SP),2001,60.0,61.00251717812742
3508504,Caçapava (SP),2002,60.0,62.39784358931349
3508504,Caçapava (SP),2003,30.0,53.70532942625431
3508504,Caçapava (SP),2004,30.0,36.75963457778114
3508504,Caçapava (SP),2005,29.813,37.50171740298368
3508504,Caçapava (SP),2006,90.0,60.57584321724799
3508504,Caçapava (SP),2007,30.0,72.90762444342583
3508504,Caçapava (SP),2008,30.0,35.00346939647633
3508504,Caçapava (SP),2009,30.0,35.609666528705226
3508504,Caçapava (SP),2010,30.0,36.194188880506196
3508504,Caçapava (SP),2013,120.0,41.32606083007744
3508504,Caçapava (SP),2014,120.0,113.94146269949057
3508504,Caçapava (SP),2015,120.0,111.0890163655373
3508504,Caçapava (SP),2016,100.0,101.71046401591462
3508504,Caçapava (SP),2017,120.0,103.23830682157922
3508504,Caçapava (SP),2018,120.0,104.8966890570475
3508504,Caçapava (SP),2019,120.0,105.45823094425263
3508504,Caçapava (SP),2020,120.0,113.35016319796424
3508504,Caçapava (SP),2021,120.0,107.96070448249665
3508504,Caçapava (SP),2022,120.0,109.22819381080726
3508504,Caçapava (SP),2023,100.0,107.36709755681812
3508504,Caçapava (SP),2024,100.0,88.55952899326883
3508603,Cachoeira Paulista (SP),2013,60.0,62.36817408970196
3508603,Cachoeira Paulista (SP),2014,60.0,60.49034162810802
3508603,Cachoeira Paulista (SP),2015,60.0,58.592867423645764
3508603,Cachoeira Paulista (SP),2016,60.0,63.02049162483915
3508603,Cachoeira Paulista (SP),2017,60.0,61.820371778972266
3508603,Cachoeira Paulista (SP),2018,66.0,63.62125336630723
3508603,Cachoeira Paulista (SP),2019,66.0,66.62012956691522
3508603,Cachoeira Paulista (SP),2020,60.0,64.25206720930458
3508603,Cachoeira Paulista (SP),2021,60.0,60.91942167928964
3508603,Cachoeira Paulista (SP),2022,60.0,62.73873355825097
3508603,Cachoeira Paulista (SP),2023,71.429,68.47034269154456
3508603,Cachoeira Paulista (SP),2024,66.667,67.84304521490444
3508702,Caconde (SP),2001,90.0,86.81980533173417
3508702,Caconde (SP),2002,80.0,82.22316930962069
3508702,Caconde (SP),2003,73.0,76.95008859032842
3508702,Caconde (SP),2004,73.0,75.06777984025683
3508702,Caconde (SP),2005,72.486,74.03167527975398
3508702,Caconde (SP),2006,80.0,78.01031575547898
3508702,Caconde (SP),2007,80.0,80.18263491901217
3508702,Caconde (SP),2008,80.0,80.09495972803788
3508702,Caconde (SP),2009,80.0,80.27415335463613
3508702,Caconde (SP),2010,67.122,76.42523201851017
3508702,Caconde (SP),2011,67.0,70.92185813824074
3508702,Caconde (SP),2012,80.0,74.20584691380692
3508702,Caconde (SP),2013,80.0,79.22003240902862
3508702,Caconde (SP),2014,80.0,78.24888853432107
3508702,Caconde (SP),2015,80.0,79.60019290292283
3508702,Caconde (SP),2016,80.0,79.93512137708667
3508702,Caconde (SP),2017,80.0,79.27672151841901
3508702,Caconde (SP),2018,82.0,80.37687160052907
3508702,Caconde (SP),2019,82.0,80.63830715837325
3508702,Caconde (SP),2020,80.665,82.02129992020726
3508702,Caconde (SP),2021,80.89,80.01920369403634
3508702,Caconde (SP),2022,81.185,80.4647677389855
3508702,Caconde (SP),2023,86.045,83.31870075513241
3508702,Caconde (SP),2024,86.656,86.27048577339325
3508801,Cafelândia (SP),2001,80.0,79.39086501329021
3508801,Cafelândia (SP),2002,58.555,71.2374398793816
3508801,Cafelândia (SP),2003,73.269,70.63351096049662
3508801,Cafelândia (SP),2004,87.533,80.08603121271815
3508801,Cafelândia (SP),2005,89.413,88.72150012398171
3508801,Cafelândia (SP),2006,100.0,92.04735871265564
3508801,Cafelândia (SP),2008,90.0,90.31944832856588
3508801,Cafelândia (SP),2009,100.0,93.01974711182997
3508801,Cafelândia (SP),2010,88.0,87.02202164724221
3508801,Cafelândia (SP),2011,88.0,89.0047699137766
3508801,Cafelândia (SP),2013,90.0,87.9940681390367
3508801,Cafelândia (SP),2014,64.0,73.95041101645944
3508801,Cafelândia (SP),2015,65.0,71.25857536852395
3508801,Cafelândia (SP),2016,76.572,72.93415156160725
3508801,Cafelândia (SP),2017,71.2,74.79987812573631
3508801,Cafelândia (SP),2018,70.0,72.28192313302496
3508801,Cafelândia (SP),2019,63.0,73.63436550795237
3508801,Cafelândia (SP),2020,75.001,72.3973276886623
3508801,Cafelândia (SP),2021,70.0,72.27692220457863
3508801,Cafelândia (SP),2022,70.0,71.41553999217594
3508801,Cafelândia (SP),2023,77.0,77.749759662507
3508801,Cafelândia (SP),2024,90.0,73.55638780862888
3508900,Caiabu (SP),2001,75.004,77.47182188836825
3508900,Caiabu (SP),2002,75.0,73.00526234343785
3508900,Caiabu (SP),2003,88.0,83.2016081745124
3508900,Caiabu (SP),2004,75.021,77.98185807589053
3508900,Caiabu (SP),2005,74.506,77.93219582631589
3508900,Caiabu (SP),2006,75.0,75.1789175165332
3508900,Caiabu (SP),2007,75.0,76.06787480264187
3508900,Caiabu (SP),2008,65.5,72.5863398718876
3508900,Caiabu (SP),2009,75.0,73.64218959925358
3508900,Caiabu (SP),2010,75.0,75.93714904613095
3508900,Caiabu (SP),2011,70.0,73.89819296780493
3508900,Caiabu (SP),2012,71.0,70.8001063814627
3508900,Caiabu (SP),2013,80.0,74.54395965524719
3508900,Caiabu (SP),2014,77.0,77.77980967579286
3508900,Caiabu (SP),2015,75.0,76.89318098408334
3508900,Caiabu (SP),2016,75.0,75.81012660378111
3508900,Caiabu (SP),2017,75.0,76.40411309864858
3508900,Caiabu (SP),2018,75.0,74.39868535912255
3508900,Caiabu (SP),2019,75.0,74.94134546352096
3508900,Caiabu (SP),2020,75.0,71.7584088178642
3508900,Caiabu (SP),2021,75.0,72.25643311914472
3508900,Caiabu (SP),2022,75.0,75.2646049860124
3508900,Caiabu (SP),2023,74.768,75.82334571266927
3508900,Caiabu (SP),2024,75.0,74.02338472923077
3509007,Caieiras (SP),2019,2.0,6.459868918616109
3509007,Caieiras (SP),2020,2.0,6.403855724171661
3509007,Caieiras (SP),2021,2.0,7.216929156225721
3509007,Caieiras (SP),2022,2.0,9.641958195297757
3509007,Caieiras (SP),2023,2.0,7.155358295419859
3509007,Caieiras (SP),2024,2.0,7.467824340208401
3509106,Caiuá (SP),2001,70.0,72.08711170713406
3509106,Caiuá (SP),2002,70.0,71.19651777008772
3509106,Caiuá (SP),2003,70.0,66.89875183364045
3509106,Caiuá (SP),2004,70.0,69.2774052587313
3509106,Caiuá (SP),2005,79.463,81.34224157999168
3509106,Caiuá (SP),2006,61.0,72.1216302401874
3509106,Caiuá (SP),2007,61.0,64.49837282543623
3509106,Caiuá (SP),2008,69.0,69.75977179054931
3509106,Caiuá (SP),2009,69.0,74.16011154008315
3509106,Caiuá (SP),2010,78.0,74.62378420973928
3509106,Caiuá (SP),2011,66.0,77.77509752870812
3509106,Caiuá (SP),2012,60.0,66.61810038480964
3509106,Caiuá (SP),2013,65.0,65.57072593258214
3509106,Caiuá (SP),2014,64.0,65.24606222436476
3509106,Caiuá (SP),2015,64.0,67.59183427204476
3509106,Caiuá (SP),2016,85.329,76.56794057441091
3509106,Caiuá (SP),2017,64.0,79.2667433599905
3509106,Caiuá (SP),2018,64.0,67.28693326023792
3509106,Caiuá (SP),2019,64.0,64.95031809990813
3509106,Caiuá (SP),2020,64.0,66.37595850114919
3509106,Caiuá (SP),2021,64.0,64.33813926381949
3509106,Caiuá (SP),2022,64.0,66.77998479428884
3509106,Caiuá (SP),2023,64.0,68.52973093766242
3509106,Caiuá (SP),2024,64.0,65.42911722052874
3509254,Cajati (SP),2019,20.0,25.55823386158082
3509254,Cajati (SP),2020,20.0,26.24820473534799
3509254,Cajati (SP),2021,20.0,23.919771785892625
3509254,Cajati (SP),2022,20.0,27.741271217370862
3509254,Cajati (SP),2023,20.0,24.60472616742286
3509254,Cajati (SP),2024,20.0,27.600844887423026
3509304,Cajobi (SP),2001,79.993,82.84714512146498
3509304,Cajobi (SP),2002,85.0,83.04055224077112
3509304,Cajobi (SP),2003,97.78,88.99251740582373
3509304,Cajobi (SP),2004,97.447,93.44422626000532
3509304,Cajobi (SP),2005,89.413,90.47555131468145
3509304,Cajobi (SP),2006,90.0,87.40411686816262
3509304,Cajobi (SP),2007,90.0,89.52997632287288
3509304,Cajobi (SP),2008,90.0,89.47276077788948
3509304,Cajobi (SP),2009,90.0,89.45195727988639
3509304,Cajobi (SP),2010,90.0,89.89522853828993
3509304,Cajobi (SP),2011,90.0,82.29617812478057
3509304,Cajobi (SP),2012,78.0,81.5482560738881
3509304,Cajobi (SP),2013,90.0,81.69087424782703
3509304,Cajobi (SP),2014,78.0,75.51523281358106
3509304,Cajobi (SP),2015,78.0,80.74577554836314
3509304,Cajobi (SP),2016,80.0,82.996525159914
3509304,Cajobi (SP),2017,80.0,80.99788217420797
3509304,Cajobi (SP),2018,80.0,79.80101183640305
3509304,Cajobi (SP),2019,90.0,77.28858500290767
3509304,Cajobi (SP),2020,100.0,92.06257527498735
3509304,Cajobi (SP),2021,70.0,76.51172391618107
3509304,Cajobi (SP),2022,91.0,80.30231411256608
3509304,Cajobi (SP),2023,100.0,92.98881845779525
3509304,Cajobi (SP),2024,80.0,83.3182280889718
3509403,Cajuru (SP),2001,70.0,71.93322495425421
3509403,Cajuru (SP),2002,70.0,69.15722230061405
3509403,Cajuru (SP),2003,70.0,70.67612844686835
3509403,Cajuru (SP),2004,70.0,70.90224090912142
3509403,Cajuru (SP),2005,69.535,71.24751449933046
3509403,Cajuru (SP),2006,80.0,71.38466608828182
3509403,Cajuru (SP),2007,69.247,80.272072858861
3509403,Cajuru (SP),2008,70.0,73.55695585960325
3509403,Cajuru (SP),2009,70.0,72.60368249719308
3509403,Cajuru (SP),2010,70.0,72.48033794542741
3509403,Cajuru (SP),2011,50.0,65.88284902633396
3509403,Cajuru (SP),2012,60.0,64.35050683608507
3509403,Cajuru (SP),2013,60.0,71.22609635547134
3509403,Cajuru (SP),2014,74.1,69.80686921800739
3509403,Cajuru (SP),2015,70.0,74.13872056062209
3509403,Cajuru (SP),2016,70.0,71.90268596541041
3509403,Cajuru (SP),2017,67.2,73.90278751053648
3509403,Cajuru (SP),2018,67.154,70.32902746149776
3509403,Cajuru (SP),2019,67.2,70.32132879429473
3509403,Cajuru (SP),2020,67.2,69.53687456882169
3509403,Cajuru (SP),2021,67.2,67.73308679630064
3509403,Cajuru (SP),2022,67.2,71.86490130350509
3509403,Cajuru (SP),2023,80.0,73.15742052860578
3509403,Cajuru (SP),2024,80.0,80.31561392589634
3509452,Campina do Monte Alegre (SP),2008,75.0,80.10108937423178
3509452,Campina do Monte Alegre (SP),2009,63.094,79.70591720572519
3509452,Campina do Monte Alegre (SP),2010,117.893,82.93722240990357
3509452,Campina do Monte Alegre (SP),2011,100.0,98.632486370475
3509452,Campina do Monte Alegre (SP),2012,85.0,88.81001628858786
3509452,Campina do Monte Alegre (SP),2013,78.0,82.38764802078884
3509452,Campina do Monte Alegre (SP),2014,80.0,78.92668243565635
3509452,Campina do Monte Alegre (SP),2015,85.0,84.3232833515265
3509452,Campina do Monte Alegre (SP),2016,85.0,83.91465157056588
3509452,Campina do Monte Alegre (SP),2017,85.0,83.75901488714118
3509452,Campina do Monte Alegre (SP),2018,85.0,82.53099362120369
3509452,Campina do Monte Alegre (SP),2019,85.0,84.8289885215688
3509502,Campinas (SP),2001,75.0,77.05961040760475
3509502,Campinas (SP),2002,68.181,73.58289148867313
3509502,Campinas (SP),2003,70.0,70.85171709196909
3509502,Campinas (SP),2004,65.652,69.01678034688939
3509502,Campinas (SP),2005,74.504,73.09758415209981
3509502,Campinas (SP),2006,89.456,81.7237085787827
3509502,Campinas (SP),2007,75.0,85.92553009206833
3509502,Campinas (SP),2008,90.373,79.74571471824224
3509502,Campinas (SP),2009,90.373,88.64712944137206
3509502,Campinas (SP),2011,85.0,83.63899916677013
3509502,Campinas (SP),2012,100.0,88.85461252907727
3509502,Campinas (SP),2013,100.0,98.92785085357782
3509502,Campinas (SP),2014,90.0,91.22151611469236
3509502,Campinas (SP),2015,85.0,88.8129002164335
3509502,Campinas (SP),2016,100.0,87.07280956082806
3509502,Campinas (SP),2017,95.286,92.87470946203887
3509502,Campinas (SP),2018,80.0,89.13614981290728
3509502,Campinas (SP),2019,74.588,77.31675606982863
3509502,Campinas (SP),2020,74.588,81.80711034562236
3509502,Campinas (SP),2021,78.0,75.14041144323373
3509502,Campinas (SP),2022,88.889,82.1586447456217
3509502,Campinas (SP),2023,78.0,82.14454378381704
3509502,Campinas (SP),2024,78.0,78.41245619922793
3509809,Campos Novos Paulista (SP),2001,75.0,74.34044433293816
3509809,Campos Novos Paulista (SP),2002,83.406,78.13059597672311
3509809,Campos Novos Paulista (SP),2003,83.4,81.90492167560096
3509809,Campos Novos Paulista (SP),2004,83.4,83.2142419439077
3509809,Campos Novos Paulista (SP),2005,82.442,82.67087241804057
3509809,Campos Novos Paulista (SP),2006,100.0,88.71241326278998
3509809,Campos Novos Paulista (SP),2007,83.333,90.1914173563301
3509809,Campos Novos Paulista (SP),2008,90.0,85.88741760381293
3509809,Campos Novos Paulista (SP),2009,90.0,88.65754980210079
3509809,Campos Novos Paulista (SP),2010,90.0,88.7573771824817
3509809,Campos Novos Paulista (SP),2011,90.0,87.25404635494853
3509809,Campos Novos Paulista (SP),2012,90.0,85.71357281584363
3509809,Campos Novos Paulista (SP),2013,90.0,88.55946139462891
3509809,Campos Novos Paulista (SP),2014,64.0,76.48681570805594
3509809,Campos Novos Paulista (SP),2015,65.0,70.5350909740302
3509809,Campos Novos Paulista (SP),2016,70.0,74.4776079617258
3509809,Campos Novos Paulista (SP),2017,70.0,73.65108915767112
3509809,Campos Novos Paulista (SP),2018,69.0,69.69531444062991
3509809,Campos Novos Paulista (SP),2019,40.0,63.66300826985534
3509809,Campos Novos Paulista (SP),2020,78.96,73.87273222949315
3509809,Campos Novos Paulista (SP),2021,70.0,73.81680227443502
3509809,Campos Novos Paulista (SP),2022,70.0,75.84146707927911
3509809,Campos Novos Paulista (SP),2023,75.0,73.96766216049689
3509809,Campos Novos Paulista (SP),2024,75.0,70.10101721064983
3509908,Cananéia (SP),2017,10.0,14.447478333250077
3509908,Cananéia (SP),2018,10.0,13.754905827297696
3509908,Cananéia (SP),2019,10.0,14.53542491658341
3509908,Cananéia (SP),2020,10.0,20.436518745478377
3509908,Cananéia (SP),2021,10.0,13.686468527867962
3509908,Cananéia (SP),2022,10.0,15.435802940288879
3509908,Cananéia (SP),2023,10.0,14.820781313228435
3509908,Cananéia (SP),2024,14.0,17.826708492327114
3510005,Cândido Mota (SP),2001,80.0,80.76069579698675
3510005,Cândido Mota (SP),2002,82.0,78.61867418643997
3510005,Cândido Mota (SP),2003,82.0,81.92544936629065
3510005,Cândido Mota (SP),2004,90.0,84.86376762806076
3510005,Cândido Mota (SP),2005,80.466,83.88055061310745
3510005,Cândido Mota (SP),2006,82.0,80.9941532700094
3510005,Cândido Mota (SP),2007,90.0,84.83710722001466
3510005,Cândido Mota (SP),2008,81.921,86.284005607408
3510005,Cândido Mota (SP),2009,88.995,83.72343875636406
3510005,Cândido Mota (SP),2010,79.05,81.69426584011826
3510005,Cândido Mota (SP),2011,76.26,76.44009780259633
3510005,Cândido Mota (SP),2012,82.0,80.44047792427037
3510005,Cândido Mota (SP),2013,85.0,86.40924104519252
3510005,Cândido Mota (SP),2014,80.0,77.49603880150457
3510005,Cândido Mota (SP),2015,95.0,76.40701739835937
3510005,Cândido Mota (SP),2016,74.0,79.11801575367683
3510005,Cândido Mota (SP),2017,80.0,84.2706120189837
3510005,Cândido Mota (SP),2018,83.0,80.72663778759058
3510005,Cândido Mota (SP),2019,83.0,81.44452182737402
3510005,Cândido Mota (SP),2020,83.0,81.6388491827766
3510005,Cândido Mota (SP),2021,80.0,78.29574962325987
3510005,Cândido Mota (SP),2022,91.0,85.47051176382074
3510005,Cândido Mota (SP),2023,93.0,90.94396833715773
3510005,Cândido Mota (SP),2024,87.0,85.94608769595274
3510104,Cândido Rodrigues (SP),2001,90.0,87.10698423515714
3510104,Cândido Rodrigues (SP),2002,90.0,89.06200946186632
3510104,Cândido Rodrigues (SP),2003,100.0,87.11808389617468
3510104,Cândido Rodrigues (SP),2004,100.0,96.02908303407055
3510104,Cândido Rodrigues (SP),2005,99.329,95.37581103634656
3510104,Cândido Rodrigues (SP),2006,100.0,99.25387323660595
3510104,Cândido Rodrigues (SP),2007,100.0,97.36823859872526
3510104,Cândido Rodrigues (SP),2008,100.0,97.71588701187143
3510104,Cândido Rodrigues (SP),2009,90.0,96.09229528443626
3510104,Cândido Rodrigues (SP),2010,90.0,89.5027704328097
3510104,Cândido Rodrigues (SP),2011,90.0,88.2828710281054
3510104,Cândido Rodrigues (SP),2012,80.64,88.2451746824358
3510104,Cândido Rodrigues (SP),2013,80.64,80.94140536072737
3510104,Cândido Rodrigues (SP),2014,60.2,69.81806859678518
3510104,Cândido Rodrigues (SP),2015,60.2,64.1953846036262
3510104,Cândido Rodrigues (SP),2016,62.0,65.21473308501677
3510104,Cândido Rodrigues (SP),2017,68.625,69.02083427358951
3510104,Cândido Rodrigues (SP),2018,80.0,81.24079198813611
3510104,Cândido Rodrigues (SP),2019,90.0,83.31040213105035
3510104,Cândido Rodrigues (SP),2020,87.0,86.5418726955243
3510104,Cândido Rodrigues (SP),2021,80.0,76.70125323300309
3510104,Cândido Rodrigues (SP),2022,87.0,85.1517518103759
3510104,Cândido Rodrigues (SP),2023,87.0,86.24542419108548
3510104,Cândido Rodrigues (SP),2024,82.0,79.02568180311354
3510153,Canitar (SP),2001,40.0,77.45764122511042
3510153,Canitar (SP),2002,100.0,74.36795082423865
3510153,Canitar (SP),2003,100.0,96.07500531657583
3510153,Canitar (SP),2004,100.0,90.869883548871
3510153,Canitar (SP),2005,99.329,94.23106769978533
3510153,Canitar (SP),2006,60.0,80.22050578226454
3510153,Canitar (SP),2007,70.0,68.18447461924107
3510153,Canitar (SP),2008,70.0,74.85019545374243
3510153,Canitar (SP),2009,70.0,72.95850778791664
3510153,Canitar (SP),2010,70.0,72.05584103907395
3510153,Canitar (SP),2011,71.795,71.15933678222257
3510153,Canitar (SP),2012,80.0,74.03091134276197
3510153,Canitar (SP),2013,86.63,83.81264601159444
3510153,Canitar (SP),2014,80.0,82.95811398629003
3510153,Canitar (SP),2015,75.0,78.11629526112498
3510153,Canitar (SP),2016,71.0,81.82757104833125
3510153,Canitar (SP),2017,71.0,74.23315683581598
3510153,Canitar (SP),2018,65.0,75.44168897100957
3510153,Canitar (SP),2019,70.0,68.70765721359781
3510153,Canitar (SP),2020,78.96,70.89902685712018
3510153,Canitar (SP),2021,70.333,79.50397244370906
3510153,Canitar (SP),2022,70.111,76.80003564609373
3510153,Canitar (SP),2023,80.0,75.89988254735016
3510153,Canitar (SP),2024,75.0,77.2601051415598
3510302,Capela do Alto (SP),2001,70.0,73.70117473410176
3510302,Capela do Alto (SP),2002,80.0,74.20611995128405
3510302,Capela do Alto (SP),2003,80.0,75.26689238767327
3510302,Capela do Alto (SP),2004,80.0,76.72598007384488
3510302,Capela do Alto (SP),2005,79.463,80.47948520764935
3510302,Capela do Alto (SP),2006,100.0,86.38848022544094
3510302,Capela do Alto (SP),2007,100.0,99.363488256347
3510302,Capela do Alto (SP),2008,100.0,98.0731626314866
3510302,Capela do Alto (SP),2009,100.0,88.45192844488845
3510302,Capela do Alto (SP),2010,90.0,91.67291552291279
3510302,Capela do Alto (SP),2011,90.0,84.90553732500258
3510302,Capela do Alto (SP),2012,90.0,87.01642227062321
3510302,Capela do Alto (SP),2013,100.0,96.3515796911185
3510302,Capela do Alto (SP),2014,100.0,95.9249849882301
3510302,Capela do Alto (SP),2015,100.0,98.9195002008407
3510302,Capela do Alto (SP),2016,90.0,90.31435573111743
3510302,Capela do Alto (SP),2017,90.0,89.07753108235927
3510302,Capela do Alto (SP),2018,90.0,85.53227950250313
3510302,Capela do Alto (SP),2019,83.0,86.58242865573992
3510302,Capela do Alto (SP),2020,89.334,85.34914066354642
3510302,Capela do Alto (SP),2021,90.0,89.09009252109713
3510302,Capela do Alto (SP),2022,95.0,90.43345530475044
3510302,Capela do Alto (SP),2023,90.0,89.99310932037628
3510302,Capela do Alto (SP),2024,90.0,89.14542716374349
3510401,Capivari (SP),2001,84.003,81.95776127649509
3510401,Capivari (SP),2002,83.928,84.5192988259663
3510401,Capivari (SP),2003,70.0,79.04041678802636
3510401,Capivari (SP),2004,71.478,72.27949543684855
3510401,Capivari (SP),2005,74.506,75.29644122770043
3510401,Capivari (SP),2006,75.001,74.62069074499834
3510401,Capivari (SP),2007,75.0,75.84800830564421
3510401,Capivari (SP),2008,73.894,75.33136165035576
3510401,Capivari (SP),2009,75.001,76.85344747945119
3510401,Capivari (SP),2010,75.0,74.20784180038407
3510401,Capivari (SP),2011,75.0,77.55051034826083
3510401,Capivari (SP),2012,75.0,77.13221928693862
3510401,Capivari (SP),2013,75.0,82.23152709512668
3510401,Capivari (SP),2014,75.0,71.50504689562828
3510401,Capivari (SP),2015,75.0,74.00892635214403
3510401,Capivari (SP),2016,75.0,76.43739289666206
3510401,Capivari (SP),2017,75.0,76.18765685592396
3510401,Capivari (SP),2018,75.0,75.90072914310353
3510401,Capivari (SP),2019,70.0,74.07039337624164
3510401,Capivari (SP),2020,68.0,69.6942750359973
3510401,Capivari (SP),2021,63.023,64.55366836726472
3510401,Capivari (SP),2022,67.0,69.45004835837103
3510401,Capivari (SP),2023,69.333,67.96939322960375
3510401,Capivari (SP),2024,69.189,68.99687716243403
3510708,Cardoso (SP),2008,100.0,94.93905184366375
3510708,Cardoso (SP),2009,90.0,87.47426633811624
3510708,Cardoso (SP),2010,90.0,89.24513905373365
3510708,Cardoso (SP),2011,58.68,78.30243165321228
3510708,Cardoso (SP),2012,80.0,71.38852098573734
3510708,Cardoso (SP),2013,72.0,80.30260194721642
3510708,Cardoso (SP),2014,70.0,70.13581674576483
3510708,Cardoso (SP),2015,87.0,77.8249782652332
3510708,Cardoso (SP),2016,74.0,80.20090538516507
3510708,Cardoso (SP),2017,98.0,83.28046702926285
3510708,Cardoso (SP),2018,72.0,84.35623971711618
3510708,Cardoso (SP),2019,76.0,74.33119488906435
3510708,Cardoso (SP),2020,80.0,78.24258309490588
3510708,Cardoso (SP),2021,76.002,74.97379454265177
3510708,Cardoso (SP),2022,70.0,79.10093054377307
3510708,Cardoso (SP),2023,89.7,83.23374444394943
3510708,Cardoso (SP),2024,81.503,83.4963638968392
3510807,Casa Branca (SP),2001,80.0,75.65750542327407
3510807,Casa Branca (SP),2002,80.0,81.26692143655791
3510807,Casa Branca (SP),2003,80.0,80.36111659902313
3510807,Casa Branca (SP),2004,80.0,80.42747400072942
3510807,Casa Branca (SP),2005,82.146,81.22469010188433
3510807,Casa Branca (SP),2006,100.0,87.03451922210375
3510807,Casa Branca (SP),2007,100.0,96.4098269656078
3510807,Casa Branca (SP),2008,100.0,97.44956170415502
3510807,Casa Branca (SP),2009,100.0,98.04050412829027
3510807,Casa Branca (SP),2010,100.0,94.55851809892296
3510807,Casa Branca (SP),2011,100.0,87.78465252426682
3510807,Casa Branca (SP),2012,98.0,91.17024777124342
3510807,Casa Branca (SP),2013,90.0,87.71062881080198
3510807,Casa Branca (SP),2014,90.0,86.20061983406615
3510807,Casa Branca (SP),2015,89.091,88.49449868346797
3510807,Casa Branca (SP),2016,89.091,88.96191419616935
3510807,Casa Branca (SP),2017,94.091,90.13038866667864
3510807,Casa Branca (SP),2018,100.0,90.09038228215319
3510807,Casa Branca (SP),2019,100.0,96.25384244997056
3510807,Casa Branca (SP),2020,94.394,92.26479687764385
3510807,Casa Branca (SP),2021,96.162,92.36813175708596
3510807,Casa Branca (SP),2022,96.154,94.46168250163804
3510807,Casa Branca (SP),2023,99.375,93.08758083494429
3510807,Casa Branca (SP),2024,103.371,92.88462848618559
3510906,Cássia dos Coqueiros (SP),2001,70.0,67.23951579204676
3510906,Cássia dos Coqueiros (SP),2002,70.0,69.67656367104566
3510906,Cássia dos Coqueiros (SP),2003,70.0,67.63461047194498
3510906,Cássia dos Coqueiros (SP),2004,70.0,67.64267952471523
3510906,Cássia dos Coqueiros (SP),2005,69.53,71.79576354555738
3510906,Cássia dos Coqueiros (SP),2006,70.0,72.28178571859702
3510906,Cássia dos Coqueiros (SP),2007,64.545,68.23738898645848
3510906,Cássia dos Coqueiros (SP),2008,70.0,74.09989158891443
3510906,Cássia dos Coqueiros (SP),2009,62.0,73.63042080162305
3510906,Cássia dos Coqueiros (SP),2010,60.0,63.952262501589985
3510906,Cássia dos Coqueiros (SP),2011,54.0,75.10481127676488
3510906,Cássia dos Coqueiros (SP),2012,54.0,57.010875096833736
3510906,Cássia dos Coqueiros (SP),2013,54.0,68.88584524021115
3510906,Cássia dos Coqueiros (SP),2014,54.0,56.841133180916295
3510906,Cássia dos Coqueiros (SP),2015,54.767,59.306528843242866
3510906,Cássia dos Coqueiros (SP),2016,55.0,59.05704652719506
3510906,Cássia dos Coqueiros (SP),2017,54.767,57.723074674651755
3510906,Cássia dos Coqueiros (SP),2018,60.0,59.591081148881656
3510906,Cássia dos Coqueiros (SP),2019,60.0,63.532015654082336
3510906,Cássia dos Coqueiros (SP),2020,60.0,62.99256192247085
3510906,Cássia dos Coqueiros (SP),2021,60.0,61.315491188741845
3510906,Cássia dos Coqueiros (SP),2022,60.0,63.40552567871739
3510906,Cássia dos Coqueiros (SP),2023,60.0,63.438701316764536
3510906,Cássia dos Coqueiros (SP),2024,60.0,64.3822082390837
3511003,Castilho (SP),2001,80.0,83.12096361146013
3511003,Castilho (SP),2002,80.0,80.3865615522131
3511003,Castilho (SP),2003,80.0,79.61218816586734
3511003,Castilho (SP),2004,80.0,79.66964668398076
3511003,Castilho (SP),2005,63.609,72.74363160126269
3511003,Castilho (SP),2006,90.0,76.13412408973069
3511003,Castilho (SP),2007,90.0,89.62161622898742
3511003,Castilho (SP),2008,90.0,89.81951177124955
3511003,Castilho (SP),2009,85.0,88.03978871944685
3511003,Castilho (SP),2010,90.0,85.76950575458781
3511003,Castilho (SP),2011,90.0,87.0538917121918
3511003,Castilho (SP),2012,90.0,78.25282446937376
3511003,Castilho (SP),2013,80.0,86.06123531468079
3511003,Castilho (SP),2014,70.0,68.94842543006857
3511003,Castilho (SP),2015,70.0,71.81588007505925
3511003,Castilho (SP),2016,75.0,71.84256081051227
3511003,Castilho (SP),2017,75.0,77.46588273522393
3511003,Castilho (SP),2018,75.0,75.66395778334974
3511003,Castilho (SP),2019,70.281,70.83770940401264
3511003,Castilho (SP),2020,73.427,71.38198831582487
3511003,Castilho (SP),2021,74.476,72.02115518603618
3511003,Castilho (SP),2022,74.301,74.91617303217323
3511003,Castilho (SP),2023,90.0,79.73426422239521
3511003,Castilho (SP),2024,80.0,82.82267027840537
3511102,Catanduva (SP),2001,67.888,72.40959056970482
3511102,Catanduva (SP),2002,86.206,82.92971333088909
3511102,Catanduva (SP),2003,85.0,85.47901005495694
3511102,Catanduva (SP),2004,90.0,85.95669126684342
3511102,Catanduva (SP),2005,89.402,90.17275795433787
3511102,Catanduva (SP),2006,80.0,85.76063271078603
3511102,Catanduva (SP),2007,90.0,83.41364828244559
3511102,Catanduva (SP),2008,90.0,88.62365868383539
3511102,Catanduva (SP),2009,90.0,88.70846072112693
3511102,Catanduva (SP),2010,90.0,89.95062320191965
3511102,Catanduva (SP),2011,80.0,84.76466436589686
3511102,Catanduva (SP),2012,80.0,79.12485425364537
3511102,Catanduva (SP),2013,79.966,80.7055832900914
3511102,Catanduva (SP),2014,73.0,68.75687789508942
3511102,Catanduva (SP),2015,73.0,77.64279002941183
3511102,Catanduva (SP),2016,85.0,81.17294677452773
3511102,Catanduva (SP),2017,85.0,83.52809178239964
3511102,Catanduva (SP),2018,85.0,82.22453922194967
3511102,Catanduva (SP),2019,81.0,77.12461135987624
3511102,Catanduva (SP),2020,83.667,81.79276960795511
3511102,Catanduva (SP),2021,65.0,68.3364118963953
3511102,Catanduva (SP),2022,75.0,70.30509268547033
3511102,Catanduva (SP),2023,90.0,84.6990102028254
3511102,Catanduva (SP),2024,72.0,79.8807144980159
3511201,Catiguá (SP),2001,70.0,76.2999980402868
3511201,Catiguá (SP),2002,84.285,81.95543240208508
3511201,Catiguá (SP),2003,85.0,84.7539704856824
3511201,Catiguá (SP),2004,85.0,85.96950570031011
3511201,Catiguá (SP),2005,84.44,84.78280083825757
3511201,Catiguá (SP),2006,75.0,75.61839358388275
3511201,Catiguá (SP),2007,85.0,83.96940219282352
3511201,Catiguá (SP),2008,85.0,85.72643029905439
3511201,Catiguá (SP),2009,85.0,84.45394032732067
3511201,Catiguá (SP),2010,85.0,85.73465469500621
3511201,Catiguá (SP),2011,90.0,83.94591692181913
3511201,Catiguá (SP),2012,70.0,81.96061074920213
3511201,Catiguá (SP),2013,70.0,73.84352245242823
3511201,Catiguá (SP),2014,56.0,64.8572021874015
3511201,Catiguá (SP),2015,60.0,66.93838721512465
3511201,Catiguá (SP),2016,82.0,76.33702138993874
3511201,Catiguá (SP),2017,80.0,81.36868631567465
3511201,Catiguá (SP),2018,85.0,79.6786049380409
3511201,Catiguá (SP),2019,85.0,76.66134809898273
3511201,Catiguá (SP),2020,85.0,84.81497712019883
3511201,Catiguá (SP),2021,70.0,68.89343055296789
3511201,Catiguá (SP),2022,85.0,80.98979933224484
3511201,Catiguá (SP),2023,85.0,86.99768493592781
3511201,Catiguá (SP),2024,65.0,73.53923105081032
3511300,Cedral (SP),2001,80.0,75.82826714459964
3511300,Cedral (SP),2002,80.0,77.90935258123486
3511300,Cedral (SP),2003,80.0,80.67376173859711
3511300,Cedral (SP),2004,100.0,90.73453949011129
3511300,Cedral (SP),2005,79.463,88.99577506434902
3511300,Cedral (SP),2006,100.0,90.17601906785394
3511300,Cedral (SP),2007,110.0,103.1628431628649
3511300,Cedral (SP),2008,85.0,89.3394080513537
3511300,Cedral (SP),2009,80.0,82.79703274683094
3511300,Cedral (SP),2010,80.0,79.9371069393818
3511300,Cedral (SP),2011,80.0,79.1069187762597
3511300,Cedral (SP),2012,80.0,80.3653801934096
3511300,Cedral (SP),2013,80.0,80.9665413687698
3511300,Cedral (SP),2014,75.0,73.07432287431686
3511300,Cedral (SP),2015,80.0,77.4634700841916
3511300,Cedral (SP),2016,100.0,88.00098155825121
3511300,Cedral (SP),2017,100.0,95.02264282182992
3511300,Cedral (SP),2018,90.0,90.19729375092903
3511300,Cedral (SP),2019,80.0,81.83844703387584
3511300,Cedral (SP),2020,75.0,79.04974300741821
3511300,Cedral (SP),2021,80.0,75.21958294035821
3511300,Cedral (SP),2022,80.0,85.3745866568307
3511300,Cedral (SP),2023,90.0,84.79439966733135
3511300,Cedral (SP),2024,70.0,81.040673545632
3511409,Cerqueira César (SP),2001,100.0,86.70041614839252
3511409,Cerqueira César (SP),2002,90.0,87.5481135602508
3511409,Cerqueira César (SP),2003,90.0,88.722038359625
3511409,Cerqueira César (SP),2004,90.0,87.53586225197883
3511409,Cerqueira César (SP),2005,89.396,89.58660246485908
3511409,Cerqueira César (SP),2006,100.0,93.61501359741769
3511409,Cerqueira César (SP),2007,100.0,90.52404214344895
3511409,Cerqueira César (SP),2008,90.0,92.16998269243815
3511409,Cerqueira César (SP),2009,100.0,92.3687130418906
3511409,Cerqueira César (SP),2010,90.0,91.86512277720281
3511409,Cerqueira César (SP),2011,90.0,87.70376950473725
3511409,Cerqueira César (SP),2012,90.0,87.8332167087084
3511409,Cerqueira César (SP),2013,90.0,88.79295426951796
3511409,Cerqueira César (SP),2014,90.0,85.69948885035305
3511409,Cerqueira César (SP),2015,75.0,83.63390939884216
3511409,Cerqueira César (SP),2016,85.0,81.65820586685055
3511409,Cerqueira César (SP),2017,80.0,79.83255499675602
3511409,Cerqueira César (SP),2018,75.0,78.33983574004694
3511409,Cerqueira César (SP),2019,80.0,75.5875762154624
3511409,Cerqueira César (SP),2020,75.0,77.87253584358004
3511409,Cerqueira César (SP),2021,62.0,71.05541443535935
3511409,Cerqueira César (SP),2022,75.0,69.71475824347503
3511409,Cerqueira César (SP),2023,70.667,74.56824356127828
3511409,Cerqueira César (SP),2024,107.0,80.29970088878815
3511508,Cerquilho (SP),2001,80.0,78.93365384759001
3511508,Cerquilho (SP),2002,80.0,78.84242951434372
3511508,Cerquilho (SP),2003,80.0,80.64974133784784
3511508,Cerquilho (SP),2004,90.0,81.859488464006
3511508,Cerquilho (SP),2005,89.396,88.51769704039145
3511508,Cerquilho (SP),2006,90.0,92.40933446941933
3511508,Cerquilho (SP),2007,95.0,89.59803183218548
3511508,Cerquilho (SP),2008,95.0,92.94122542131323
3511508,Cerquilho (SP),2009,92.0,90.69025566511772
3511508,Cerquilho (SP),2010,100.0,94.84265655364698
3511508,Cerquilho (SP),2011,92.0,93.03044625441109
3511508,Cerquilho (SP),2012,112.073,91.02297563582417
3511508,Cerquilho (SP),2013,90.0,95.01114420505495
3511508,Cerquilho (SP),2014,90.0,85.22752492873806
3511508,Cerquilho (SP),2015,90.0,87.22558127422785
3511508,Cerquilho (SP),2016,95.436,88.0662729848814
3511508,Cerquilho (SP),2017,90.0,91.17774396393443
3511508,Cerquilho (SP),2018,90.0,87.46134939158428
3511508,Cerquilho (SP),2019,90.0,88.38715388207588
3511508,Cerquilho (SP),2020,90.0,87.2306270792729
3511508,Cerquilho (SP),2021,90.0,88.64868442994143
3511508,Cerquilho (SP),2022,90.0,89.02663423948208
3511508,Cerquilho (SP),2023,85.0,86.2981613165919
3511508,Cerquilho (SP),2024,90.0,81.25682953368784
3511607,Cesário Lange (SP),2001,81.081,87.06009492735042
3511607,Cesário Lange (SP),2002,82.0,81.64350997101415
3511607,Cesário Lange (SP),2003,82.0,83.44489365628658
3511607,Cesário Lange (SP),2004,94.059,86.62619838230212
3511607,Cesário Lange (SP),2005,79.463,85.37903025663668
3511607,Cesário Lange (SP),2006,90.0,84.03539572226886
3511607,Cesário Lange (SP),2007,80.0,85.81831723491867
3511607,Cesário Lange (SP),2008,100.0,86.5855893609125
3511607,Cesário Lange (SP),2009,80.0,86.81829428057837
3511607,Cesário Lange (SP),2010,95.238,81.46101518380094
3511607,Cesário Lange (SP),2011,95.238,91.91512551948837
3511607,Cesário Lange (SP),2012,90.0,90.14601152233804
3511607,Cesário Lange (SP),2013,88.0,88.78053039913989
3511607,Cesário Lange (SP),2014,50.0,70.44970522496456
3511607,Cesário Lange (SP),2015,80.0,69.92423325158296
3511607,Cesário Lange (SP),2016,80.0,79.23162526781991
3511607,Cesário Lange (SP),2017,80.0,79.85878507908598
3511607,Cesário Lange (SP),2018,80.0,79.74697629140455
3511607,Cesário Lange (SP),2019,80.0,79.38953233300253
3511607,Cesário Lange (SP),2020,80.0,79.7991997319619
3511607,Cesário Lange (SP),2021,90.0,80.61074722304086
3511607,Cesário Lange (SP),2022,80.0,85.75467360552267
3511607,Cesário Lange (SP),2023,80.0,79.51920750298024
3511607,Cesário Lange (SP),2024,80.0,79.570573684614
3511706,Charqueada (SP),2001,70.0,72.16055323377554
3511706,Charqueada (SP),2002,70.0,73.39043044531061
3511706,Charqueada (SP),2003,70.0,71.72042305265956
3511706,Charqueada (SP),2004,75.0,72.21924312268487
3511706,Charqueada (SP),2005,74.504,75.2811051720683
3511706,Charqueada (SP),2006,75.0,75.08339756450495
3511706,Charqueada (SP),2007,73.0,76.13430403970672
3511706,Charqueada (SP),2008,78.0,78.00902463718717
3511706,Charqueada (SP),2009,78.0,79.62419658813293
3511706,Charqueada (SP),2010,78.0,78.20917429950349
3511706,Charqueada (SP),2011,78.0,79.03725947693081
3511706,Charqueada (SP),2012,78.0,79.17901056869322
3511706,Charqueada (SP),2013,78.0,78.15600459366554
3511706,Charqueada (SP),2014,54.6,60.98926121858695
3511706,Charqueada (SP),2015,63.717,61.85412516226238
3511706,Charqueada (SP),2016,65.0,68.16311210274937
3511706,Charqueada (SP),2017,65.0,66.55158121917998
3511706,Charqueada (SP),2018,65.049,69.15895555847843
3511706,Charqueada (SP),2019,65.316,69.94181256821666
3511706,Charqueada (SP),2020,65.016,65.38490563244191
3511706,Charqueada (SP),2021,60.0,61.104191008179924
3511706,Charqueada (SP),2022,65.0,65.99691875525146
3511706,Charqueada (SP),2023,65.029,67.13558089060746
3511706,Charqueada (SP),2024,65.012,65.35514340058775
3511904,Clementina (SP),2001,100.0,78.89878816042355
3511904,Clementina (SP),2002,86.15,90.07728733926407
3511904,Clementina (SP),2003,89.56,85.98027925686607
3511904,Clementina (SP),2004,74.687,80.22338394867202
3511904,Clementina (SP),2005,92.717,83.67020656730405
3511904,Clementina (SP),2006,79.053,84.24624973061789
3511904,Clementina (SP),2007,90.0,83.67347079194425
3511904,Clementina (SP),2008,84.466,84.89576379619628
3511904,Clementina (SP),2009,90.0,83.40431144380827
3511904,Clementina (SP),2010,90.0,91.04573791279117
3511904,Clementina (SP),2011,76.0,84.76400689187167
3511904,Clementina (SP),2012,76.0,76.27505905299195
3511904,Clementina (SP),2013,76.0,76.7916989614636
3511904,Clementina (SP),2014,65.43,66.79496024642803
3511904,Clementina (SP),2015,69.16,65.74192637579856
3511904,Clementina (SP),2016,78.21,77.45166450087942
3511904,Clementina (SP),2017,65.54,73.34576983674398
3511904,Clementina (SP),2018,65.54,66.06318769158476
3511904,Clementina (SP),2019,57.0,64.23312542756781
3511904,Clementina (SP),2020,70.0,70.36641269439288
3511904,Clementina (SP),2021,70.0,71.61471282509028
3511904,Clementina (SP),2022,75.0,74.72850310182531
3511904,Clementina (SP),2023,80.0,81.3707243978816
3511904,Clementina (SP),2024,80.0,76.0080090546186
3512001,Colina (SP),2001,90.0,91.00047875010759
3512001,Colina (SP),2002,90.0,86.98830874185421
3512001,Colina (SP),2003,90.0,89.4960152288676
3512001,Colina (SP),2004,90.0,88.59830225013329
3512001,Colina (SP),2005,82.133,89.50994078258736
3512001,Colina (SP),2006,80.0,81.70250474673226
3512001,Colina (SP),2007,80.0,81.21392812737564
3512001,Colina (SP),2008,80.0,79.92248128284578
3512001,Colina (SP),2009,80.0,79.9140564109177
3512001,Colina (SP),2010,80.0,80.54050553788075
3512001,Colina (SP),2011,75.0,81.14108758368172
3512001,Colina (SP),2012,80.0,76.73387665672622
3512001,Colina (SP),2013,80.0,81.4214526530477
3512001,Colina (SP),2014,78.0,76.8774658053679
3512001,Colina (SP),2015,78.0,78.1414192538258
3512001,Colina (SP),2016,85.0,83.56738801829908
3512001,Colina (SP),2017,85.0,84.82027536740561
3512001,Colina (SP),2018,80.0,80.74408494767238
3512001,Colina (SP),2019,81.0,79.43654652913791
3512001,Colina (SP),2020,82.0,80.98451994619091
3512001,Colina (SP),2021,78.55,76.99389634182486
3512001,Colina (SP),2022,81.889,79.86822647968204
3512001,Colina (SP),2023,80.963,81.35851407865076
3512001,Colina (SP),2024,80.0,80.14097929695826
3512100,Colômbia (SP),2001,97.0,85.57307195883976
3512100,Colômbia (SP),2002,96.916,91.48698928393988
3512100,Colômbia (SP),2003,97.0,91.8956985577906
3512100,Colômbia (SP),2004,97.0,93.78366772087989
3512100,Colômbia (SP),2005,79.467,84.64655327819207
3512100,Colômbia (SP),2006,82.0,81.7704700924909
3512100,Colômbia (SP),2007,80.0,81.76691026851051
3512100,Colômbia (SP),2008,82.0,81.99394523507063
3512100,Colômbia (SP),2009,82.0,81.74576615330317
3512100,Colômbia (SP),2010,82.0,81.71533901327639
3512100,Colômbia (SP),2011,80.0,80.26849351968741
3512100,Colômbia (SP),2012,72.0,77.85601907074617
3512100,Colômbia (SP),2013,68.597,77.36714254687908
3512100,Colômbia (SP),2014,75.0,74.01307426065395
3512100,Colômbia (SP),2015,75.0,75.90205640425278
3512100,Colômbia (SP),2016,80.0,80.5059521303947
3512100,Colômbia (SP),2017,80.372,79.63599516593396
3512100,Colômbia (SP),2018,80.0,79.88196366880244
3512100,Colômbia (SP),2019,80.0,79.74466608658055
3512100,Colômbia (SP),2020,80.0,81.01620699883472
3512100,Colômbia (SP),2021,78.0,75.33479554072315
3512100,Colômbia (SP),2022,80.0,80.0543739062098
3512100,Colômbia (SP),2023,80.0,81.84004528243783
3512100,Colômbia (SP),2024,80.0,78.79717680052623
3512209,Conchal (SP),2001,80.0,77.61437888830591
3512209,Conchal (SP),2002,90.0,82.91266321475318
3512209,Conchal (SP),2003,80.0,88.04783729521932
3512209,Conchal (SP),2004,80.0,80.29235049068535
3512209,Conchal (SP),2005,79.463,80.82942199634999
3512209,Conchal (SP),2006,81.176,81.3472048055642
3512209,Conchal (SP),2007,100.0,89.07463727911265
3512209,Conchal (SP),2008,80.0,93.89641068534775
3512209,Conchal (SP),2009,80.0,80.73675306004252
3512209,Conchal (SP),2010,82.222,78.63472605795143
3512209,Conchal (SP),2011,74.026,78.03540536405706
3512209,Conchal (SP),2012,90.0,79.94901992232795
3512209,Conchal (SP),2013,57.273,78.56655946340877
3512209,Conchal (SP),2014,51.0,57.15913319344541
3512209,Conchal (SP),2015,60.377,64.04466539900946
3512209,Conchal (SP),2016,85.0,69.58716595522195
3512209,Conchal (SP),2017,85.211,84.37460194091247
3512209,Conchal (SP),2018,85.211,79.15279235516806
3512209,Conchal (SP),2019,75.0,81.76084486938556
3512209,Conchal (SP),2020,75.0,76.56240920594496
3512209,Conchal (SP),2021,75.0,74.98500356385381
3512209,Conchal (SP),2022,75.0,76.17864061474005
3512209,Conchal (SP),2023,85.0,83.64592010328356
3512209,Conchal (SP),2024,69.75,79.02428424463034
3512308,Conchas (SP),2001,60.0,61.67540953250789
3512308,Conchas (SP),2002,60.0,61.22394730762293
3512308,Conchas (SP),2003,170.764,61.88407360655882
3512308,Conchas (SP),2004,60.0,80.80040281297174
3512308,Conchas (SP),2005,49.682,55.24597518603618
3512308,Conchas (SP),2006,70.0,70.9249711814019
3512308,Conchas (SP),2007,60.0,67.88432810855015
3512308,Conchas (SP),2008,80.0,69.91896348859478
3512308,Conchas (SP),2009,70.009,76.13247247345502
3512308,Conchas (SP),2010,65.0,69.93893978837473
3512308,Conchas (SP),2011,65.0,69.69223391871228
3512308,Conchas (SP),2012,70.0,68.14012893704412
3512308,Conchas (SP),2013,70.01,70.50254081128305
3512308,Conchas (SP),2014,70.01,68.69018635942436
3512308,Conchas (SP),2015,70.0,75.73660815577438
3512308,Conchas (SP),2016,70.0,70.98298564082808
3512308,Conchas (SP),2017,70.0,71.66348267313
3512308,Conchas (SP),2018,80.0,75.231891554449
3512308,Conchas (SP),2019,80.524,78.99457391684228
3512308,Conchas (SP),2020,80.524,80.57346282773428
3512308,Conchas (SP),2021,70.0,77.93767186997725
3512308,Conchas (SP),2022,77.667,75.06235464886012
3512308,Conchas (SP),2023,79.549,79.37043689038902
3512308,Conchas (SP),2024,83.387,79.61786104628705
3512407,Cordeirópolis (SP),2001,60.0,64.79331858939958
3512407,Cordeirópolis (SP),2002,60.0,64.39113226695117
3512407,Cordeirópolis (SP),2003,60.0,63.78510135684159
3512407,Cordeirópolis (SP),2004,60.0,62.07153919557518
3512407,Cordeirópolis (SP),2005,59.607,62.40904489927814
3512407,Cordeirópolis (SP),2006,60.0,63.14954754958349
3512407,Cordeirópolis (SP),2007,60.0,64.89797896138583
3512407,Cordeirópolis (SP),2008,60.0,67.31121813671446
3512407,Cordeirópolis (SP),2009,90.0,74.67355545660052
3512407,Cordeirópolis (SP),2010,90.0,92.06973197375324
3512407,Cordeirópolis (SP),2011,90.0,86.351195357948
3512407,Cordeirópolis (SP),2012,90.0,85.0805355408118
3512407,Cordeirópolis (SP),2013,90.0,88.68885986084766
3512407,Cordeirópolis (SP),2014,90.002,84.29454351720507
3512407,Cordeirópolis (SP),2015,70.0,87.2216111515013
3512407,Cordeirópolis (SP),2016,110.0,82.52948350344028
3512407,Cordeirópolis (SP),2017,110.0,101.68561137550532
3512407,Cordeirópolis (SP),2018,110.065,98.43637006243776
3512407,Cordeirópolis (SP),2019,96.6,96.51254153836278
3512407,Cordeirópolis (SP),2020,91.707,92.41098534449557
3512407,Cordeirópolis (SP),2021,90.0,88.88770533755735
3512407,Cordeirópolis (SP),2022,100.0,90.12860034160686
3512407,Cordeirópolis (SP),2023,97.733,94.76495437768003
3512407,Cordeirópolis (SP),2024,90.0,86.97678752291269
3512506,Coroados (SP),2001,70.0,69.66623532471452
3512506,Coroados (SP),2002,76.844,74.22718358528999
3512506,Coroados (SP),2003,80.625,79.02680068650322
3512506,Coroados (SP),2004,67.265,76.50393699657731
3512506,Coroados (SP),2005,96.629,80.02700694795675
3512506,Coroados (SP),2006,100.0,96.11716482607184
3512506,Coroados (SP),2007,85.0,93.64316785319548
3512506,Coroados (SP),2008,78.25,81.34236329080771
3512506,Coroados (SP),2009,100.0,91.59050469396443
3512506,Coroados (SP),2010,100.0,90.32759808912981
3512506,Coroados (SP),2011,77.345,83.98080053610288
3512506,Coroados (SP),2012,85.0,81.28072438880565
3512506,Coroados (SP),2013,85.0,85.00778427232157
3512506,Coroados (SP),2014,66.0,67.71101619046927
3512506,Coroados (SP),2015,90.0,70.86397354457495
3512506,Coroados (SP),2016,90.0,88.12035597227946
3512506,Coroados (SP),2017,90.0,81.56215201707727
3512506,Coroados (SP),2018,85.0,83.29108373146971
3512506,Coroados (SP),2019,70.0,75.82372811985698
3512506,Coroados (SP),2020,85.0,76.99717589941118
3512506,Coroados (SP),2021,70.0,73.04126625738151
3512506,Coroados (SP),2022,90.0,77.70426417622033
3512506,Coroados (SP),2023,100.0,94.05186595834375
3512506,Coroados (SP),2024,90.0,84.7289214053359
3512605,Coronel Macedo (SP),2009,100.0,94.04873875856084
3512605,Coronel Macedo (SP),2010,120.0,102.60918320770678
3512605,Coronel Macedo (SP),2011,120.0,108.83964504872456
3512605,Coronel Macedo (SP),2012,110.0,106.30827861511659
3512605,Coronel Macedo (SP),2013,72.6,84.14513300081424
3512605,Coronel Macedo (SP),2014,120.0,85.2432285988265
3512605,Coronel Macedo (SP),2015,120.0,110.84583216336236
3512605,Coronel Macedo (SP),2016,120.0,101.01173910844017
3512605,Coronel Macedo (SP),2017,100.0,100.50157155110205
3512605,Coronel Macedo (SP),2018,80.0,87.48104237579581
3512704,Corumbataí (SP),2001,80.0,79.28726730385442
3512704,Corumbataí (SP),2002,66.85,82.28715518246302
3512704,Corumbataí (SP),2003,120.0,84.22786585652884
3512704,Corumbataí (SP),2004,80.838,90.16616640855675
3512704,Corumbataí (SP),2005,93.076,86.38516436516866
3512704,Corumbataí (SP),2006,100.0,91.46190299369081
3512704,Corumbataí (SP),2007,81.093,90.56482135297088
3512704,Corumbataí (SP),2008,80.0,82.0950432808137
3512704,Corumbataí (SP),2009,72.0,78.72737186242725
3512704,Corumbataí (SP),2010,72.0,74.61666948289317
3512704,Corumbataí (SP),2011,72.0,76.20559855056568
3512704,Corumbataí (SP),2012,71.0,72.7218918690828
3512704,Corumbataí (SP),2013,75.0,75.81018141419318
3512704,Corumbataí (SP),2014,49.68,70.3167715984407
3512704,Corumbataí (SP),2015,65.0,68.31304042370128
3512704,Corumbataí (SP),2016,65.0,65.77069953323611
3512704,Corumbataí (SP),2017,65.0,66.14476385333249
3512704,Corumbataí (SP),2018,70.0,70.60433858916603
3512704,Corumbataí (SP),2019,70.0,72.14079743756467
3512704,Corumbataí (SP),2020,70.0,71.36712114160997
3512704,Corumbataí (SP),2021,60.0,69.04738125348943
3512704,Corumbataí (SP),2022,70.0,68.73074706100846
3512704,Corumbataí (SP),2023,70.0,73.47716956369318
3512704,Corumbataí (SP),2024,70.0,70.80669001695642
3512803,Cosmópolis (SP),2002,74.285,75.47216892810292
3512803,Cosmópolis (SP),2003,75.0,74.74990662447948
3512803,Cosmópolis (SP),2004,75.0,78.43494031574414
3512803,Cosmópolis (SP),2005,74.497,75.05522714629724
3512803,Cosmópolis (SP),2006,74.497,74.70247834684257
3512803,Cosmópolis (SP),2007,75.0,75.79888553280713
3512803,Cosmópolis (SP),2008,82.604,79.63473120072219
3512803,Cosmópolis (SP),2009,82.604,81.36517157256635
3512803,Cosmópolis (SP),2011,85.0,83.10785750013973
3512803,Cosmópolis (SP),2012,84.361,83.17883436379051
3512803,Cosmópolis (SP),2013,87.31,85.20297871585963
3512803,Cosmópolis (SP),2014,75.0,70.13014199173048
3512803,Cosmópolis (SP),2015,75.0,75.06856034582653
3512803,Cosmópolis (SP),2016,75.0,77.0049902628357
3512803,Cosmópolis (SP),2017,75.0,76.24020519418296
3512803,Cosmópolis (SP),2018,82.0,74.8686909423863
3512803,Cosmópolis (SP),2019,80.0,81.50435810290426
3512803,Cosmópolis (SP),2020,76.667,78.94532898668162
3512803,Cosmópolis (SP),2021,80.0,78.10181317449069
3512803,Cosmópolis (SP),2022,90.0,84.30710748733964
3512803,Cosmópolis (SP),2023,92.42,85.77940696063094
3512803,Cosmópolis (SP),2024,78.9,82.36993420066894
3512902,Cosmorama (SP),2005,99.329,92.11539572814644
3512902,Cosmorama (SP),2006,100.0,106.71736678868409
3512902,Cosmorama (SP),2007,100.0,101.94221537665115
3512902,Cosmorama (SP),2008,80.0,91.86360825163221
3512902,Cosmorama (SP),2009,100.0,81.66864248957734
3512902,Cosmorama (SP),2010,100.0,91.4186901432873
3512902,Cosmorama (SP),2011,88.692,87.8239827980908
3512902,Cosmorama (SP),2012,60.0,77.97960731606877
3512902,Cosmorama (SP),2013,70.0,70.3898785973236
3512902,Cosmorama (SP),2014,70.0,68.91343308027251
3512902,Cosmorama (SP),2015,70.0,72.66245232053865
3512902,Cosmorama (SP),2016,80.0,75.71190411445382
3512902,Cosmorama (SP),2017,80.0,80.06349259984222
3512902,Cosmorama (SP),2018,80.0,75.58490852932069
3512902,Cosmorama (SP),2019,70.0,72.66365032055441
3512902,Cosmorama (SP),2020,70.0,72.59788428627431
3512902,Cosmorama (SP),2021,70.0,67.49119507725365
3512902,Cosmorama (SP),2022,70.0,72.58926383478415
3512902,Cosmorama (SP),2023,80.0,78.22932533891753
3512902,Cosmorama (SP),2024,80.0,76.15307284821097
3513108,Cravinhos (SP),2001,75.0,74.6676405386263
3513108,Cravinhos (SP),2002,75.0,74.11895090568856
3513108,Cravinhos (SP),2003,75.0,74.69812235241108
3513108,Cravinhos (SP),2004,75.0,75.74137452297258
3513108,Cravinhos (SP),2005,82.154,78.06914820358095
3513108,Cravinhos (SP),2006,80.0,81.5118109886646
3513108,Cravinhos (SP),2007,80.0,80.34628692300909
3513108,Cravinhos (SP),2008,83.0,80.99584323743933
3513108,Cravinhos (SP),2009,80.001,81.87395177916022
3513108,Cravinhos (SP),2010,80.0,80.24594336373004
3513108,Cravinhos (SP),2011,80.003,79.1142515528124
3513108,Cravinhos (SP),2012,80.0,73.78518164447371
3513108,Cravinhos (SP),2013,80.0,80.63820661585447
3513108,Cravinhos (SP),2014,74.1,74.76691087014376
3513108,Cravinhos (SP),2015,71.0,74.11199768183423
3513108,Cravinhos (SP),2016,80.0,74.20626721315877
3513108,Cravinhos (SP),2017,71.0,78.02212020247167
3513108,Cravinhos (SP),2018,71.0,72.60833355991515
3513108,Cravinhos (SP),2019,71.0,72.52268435946635
3513108,Cravinhos (SP),2020,71.0,72.47785378364505
3513108,Cravinhos (SP),2021,71.0,71.22885999934587
3513108,Cravinhos (SP),2022,71.0,73.17213324842525
3513108,Cravinhos (SP),2023,71.0,73.35856498283161
3513108,Cravinhos (SP),2024,71.0,73.03499270538937
3513207,Cristais Paulista (SP),2007,100.0,93.53343443675965
3513207,Cristais Paulista (SP),2008,130.0,107.92669670736049
3513207,Cristais Paulista (SP),2009,100.0,101.6882806982258
3513207,Cristais Paulista (SP),2010,100.0,99.85438114475528
3513207,Cristais Paulista (SP),2011,100.0,98.42230447644552
3513207,Cristais Paulista (SP),2012,100.0,97.6156500192837
3513207,Cristais Paulista (SP),2013,85.008,90.14183116223192
3513207,Cristais Paulista (SP),2014,67.0,72.81839921174655
3513207,Cristais Paulista (SP),2015,67.0,70.01439062732669
3513207,Cristais Paulista (SP),2016,80.0,76.91872626948984
3513207,Cristais Paulista (SP),2017,75.0,79.98145635908452
3513207,Cristais Paulista (SP),2018,85.0,76.00560152679054
3513207,Cristais Paulista (SP),2019,80.0,82.82225467367729
3513207,Cristais Paulista (SP),2020,78.333,80.36512408403055
3513207,Cristais Paulista (SP),2021,85.0,76.85949082907446
3513207,Cristais Paulista (SP),2022,85.0,82.86181966665599
3513207,Cristais Paulista (SP),2023,80.0,82.04906935997504
3513207,Cristais Paulista (SP),2024,81.667,79.15188253062078
3513306,Cruzália (SP),2003,116.413,105.33064876000012
3513306,Cruzália (SP),2004,105.0,91.99055930149144
3513306,Cruzália (SP),2005,109.318,99.6297529449613
3513306,Cruzália (SP),2006,100.0,94.59100551043008
3513306,Cruzália (SP),2007,125.0,107.85654897239336
3513306,Cruzália (SP),2008,127.289,111.4437191585881
3513306,Cruzália (SP),2009,113.0,106.18096454428904
3513306,Cruzália (SP),2010,102.299,100.54567954420709
3513306,Cruzália (SP),2011,92.0,95.02441142644275
3513306,Cruzália (SP),2012,85.0,84.46961377915807
3513306,Cruzália (SP),2013,85.0,84.71214445074702
3513306,Cruzália (SP),2014,82.0,80.15981305328974
3513306,Cruzália (SP),2015,81.559,77.51370977173433
3513306,Cruzália (SP),2016,75.0,77.11211360177239
3513306,Cruzália (SP),2017,100.0,86.49101344129947
3513306,Cruzália (SP),2018,100.0,96.84793730501782
3513306,Cruzália (SP),2019,85.0,88.27954937358489
3513306,Cruzália (SP),2020,90.0,87.35974973680645
3513306,Cruzália (SP),2021,80.0,84.41968811546056
3513306,Cruzália (SP),2022,90.0,86.30621874787597
3513306,Cruzália (SP),2023,90.0,89.3776041896177
3513306,Cruzália (SP),2024,80.0,85.60649791201449
3513405,Cruzeiro (SP),2001,40.0,42.3348810671857
3513405,Cruzeiro (SP),2002,40.0,40.99945266917316
3513405,Cruzeiro (SP),2003,40.0,42.49757771313694
3513405,Cruzeiro (SP),2004,40.0,40.40817082368243
3513405,Cruzeiro (SP),2005,39.761,42.94130153566858
3513405,Cruzeiro (SP),2006,39.762,42.630477779963115
3513405,Cruzeiro (SP),2008,39.761,41.358559405569515
3513405,Cruzeiro (SP),2009,40.409,40.18818578680265
3513405,Cruzeiro (SP),2010,45.0,45.78178010232822
3513405,Cruzeiro (SP),2011,65.0,50.420083273795626
3513405,Cruzeiro (SP),2012,65.0,65.14322663439339
3513405,Cruzeiro (SP),2013,65.0,64.57784848432124
3513405,Cruzeiro (SP),2014,65.0,63.75562414364802
3513405,Cruzeiro (SP),2015,65.0,64.75827142261906
3513405,Cruzeiro (SP),2016,65.0,64.99261526610891
3513405,Cruzeiro (SP),2017,65.0,65.07583278699079
3513405,Cruzeiro (SP),2018,65.0,65.18520872313796
3513405,Cruzeiro (SP),2019,65.0,64.95284594805193
3513405,Cruzeiro (SP),2020,65.0,64.62629231550395
3513405,Cruzeiro (SP),2021,65.0,64.81753331367244
3513405,Cruzeiro (SP),2022,65.0,64.35495614299592
3513405,Cruzeiro (SP),2023,77.381,71.13760802974805
3513405,Cruzeiro (SP),2024,81.25,76.25273481260403
3513702,Descalvado (SP),2001,80.0,73.78505551127502
3513702,Descalvado (SP),2002,82.142,81.366546203808
3513702,Descalvado (SP),2003,80.0,81.34897385671627
3513702,Descalvado (SP),2004,71.833,78.01187527519744
3513702,Descalvado (SP),2005,73.758,74.56429878354255
3513702,Descalvado (SP),2006,85.0,79.12673556844729
3513702,Descalvado (SP),2007,85.0,84.83198453959015
3513702,Descalvado (SP),2008,85.0,85.27903187862753
3513702,Descalvado (SP),2009,85.0,84.44720111013464
3513702,Descalvado (SP),2010,85.0,84.7795194624617
3513702,Descalvado (SP),2011,90.28,87.16053245931391
3513702,Descalvado (SP),2012,73.91,80.10319244142846
3513702,Descalvado (SP),2013,85.0,80.12119744698758
3513702,Descalvado (SP),2014,65.0,71.93283443591822
3513702,Descalvado (SP),2015,80.0,73.34549415682456
3513702,Descalvado (SP),2016,80.0,81.69632569778707
3513702,Descalvado (SP),2017,80.0,79.02908895480394
3513702,Descalvado (SP),2018,80.0,80.02491236054513
3513702,Descalvado (SP),2019,80.0,80.29010689667544
3513702,Descalvado (SP),2020,80.0,80.6032941260552
3513702,Descalvado (SP),2021,80.0,76.8323643192086
3513702,Descalvado (SP),2022,100.0,85.89280839821964
3513702,Descalvado (SP),2023,80.0,89.02137725629233
3513702,Descalvado (SP),2024,80.0,80.31437579716756
3513850,Dirce Reis (SP),2009,80.0,71.74680364932289
3513850,Dirce Reis (SP),2010,100.0,81.94065875241948
3513850,Dirce Reis (SP),2011,100.0,90.55521749762734
3513850,Dirce Reis (SP),2012,80.0,82.12285343799175
3513850,Dirce Reis (SP),2013,80.0,81.43703522044427
3513850,Dirce Reis (SP),2014,80.0,75.62750968278716
3513850,Dirce Reis (SP),2015,80.0,83.6902913029979
3513850,Dirce Reis (SP),2016,80.0,80.21370058434454
3513850,Dirce Reis (SP),2017,80.0,80.35382320501995
3513850,Dirce Reis (SP),2018,80.0,80.92833311020071
3513850,Dirce Reis (SP),2019,80.0,79.49644947071883
3513850,Dirce Reis (SP),2020,80.0,79.82278188254803
3513850,Dirce Reis (SP),2021,70.0,74.21814708719062
3513850,Dirce Reis (SP),2022,80.0,75.4636879878118
3513850,Dirce Reis (SP),2023,80.5,81.09090810165677
3513850,Dirce Reis (SP),2024,75.796,77.41671428172991
3513900,Divinolândia (SP),2008,100.0,99.35881960108217
3513900,Divinolândia (SP),2009,100.0,99.36897452600215
3513900,Divinolândia (SP),2010,100.0,94.91062188718296
3513900,Divinolândia (SP),2011,90.0,93.0823746515984
3513900,Divinolândia (SP),2012,60.0,77.70855491894382
3513900,Divinolândia (SP),2013,80.0,71.00080169187066
3513900,Divinolândia (SP),2014,80.0,78.1855252486068
3513900,Divinolândia (SP),2015,80.0,79.42525553679693
3513900,Divinolândia (SP),2016,80.0,79.5155025366575
3513900,Divinolândia (SP),2017,80.0,78.9882494758851
3514007,Dobrada (SP),2001,72.0,71.65227293820325
3514007,Dobrada (SP),2002,90.0,81.57898391030189
3514007,Dobrada (SP),2003,90.0,89.65033917615686
3514007,Dobrada (SP),2004,90.0,89.17328681448375
3514007,Dobrada (SP),2005,89.405,90.09017865702079
3514007,Dobrada (SP),2006,95.0,90.05518613867285
3514007,Dobrada (SP),2007,95.0,94.0666699088932
3514007,Dobrada (SP),2008,93.739,93.2428281941099
3514007,Dobrada (SP),2009,83.877,87.36169710812754
3514007,Dobrada (SP),2010,90.0,86.51426793045897
3514007,Dobrada (SP),2011,90.0,86.52665127316031
3514007,Dobrada (SP),2012,85.918,83.64124523122956
3514007,Dobrada (SP),2013,85.918,85.37379347389273
3514007,Dobrada (SP),2014,60.2,74.80370621805974
3514007,Dobrada (SP),2015,90.0,81.48339390239417
3514007,Dobrada (SP),2016,90.0,90.11530538864969
3514007,Dobrada (SP),2017,90.0,89.07668378416325
3514007,Dobrada (SP),2018,89.0,88.81125347288439
3514007,Dobrada (SP),2019,90.0,88.90748294422212
3514007,Dobrada (SP),2020,90.0,88.60601951862265
3514007,Dobrada (SP),2021,80.0,82.3894995222139
3514007,Dobrada (SP),2022,80.0,80.0957749505593
3514007,Dobrada (SP),2023,90.0,85.31795245523328
3514007,Dobrada (SP),2024,82.0,82.14946127452407
3514106,Dois Córregos (SP),2001,75.0,77.09503843996214
3514106,Dois Córregos (SP),2002,80.0,77.86739739310302
3514106,Dois Córregos (SP),2003,80.0,80.53565769175417
3514106,Dois Córregos (SP),2004,80.0,80.45451158924915
3514106,Dois Córregos (SP),2005,81.575,79.41520828799612
3514106,Dois Córregos (SP),2006,80.0,80.82439469749697
3514106,Dois Córregos (SP),2007,80.0,80.70774794557654
3514106,Dois Córregos (SP),2008,80.0,81.60625332825805
3514106,Dois Córregos (SP),2009,80.0,81.16524868835369
3514106,Dois Córregos (SP),2010,80.0,80.04509258324588
3514106,Dois Córregos (SP),2011,85.0,80.8561392828067
3514106,Dois Córregos (SP),2012,85.0,80.36624715254217
3514106,Dois Córregos (SP),2013,85.0,84.77936708315875
3514106,Dois Córregos (SP),2014,85.0,81.00350198133117
3514106,Dois Córregos (SP),2015,85.0,82.32734688909721
3514106,Dois Córregos (SP),2016,85.0,82.40062557855242
3514106,Dois Córregos (SP),2017,85.0,83.33087129431424
3514106,Dois Córregos (SP),2018,85.0,83.8479710646749
3514106,Dois Córregos (SP),2019,85.0,83.509160482011
3514106,Dois Córregos (SP),2020,75.0,80.10449719822427
3514106,Dois Córregos (SP),2021,71.0,71.7536512564157
3514106,Dois Córregos (SP),2022,75.0,73.92102297812534
3514106,Dois Córregos (SP),2023,68.0,73.0461664767746
3514106,Dois Córregos (SP),2024,66.0,64.6272986081399
3514205,Dolcinópolis (SP),2010,105.0,97.14075748559306
3514205,Dolcinópolis (SP),2011,100.0,97.34971952794888
3514205,Dolcinópolis (SP),2012,100.0,87.21686367911258
3514205,Dolcinópolis (SP),2013,100.0,97.88792674551699
3514205,Dolcinópolis (SP),2014,90.0,89.5959225489834
3514205,Dolcinópolis (SP),2015,90.0,92.54260812550969
3514205,Dolcinópolis (SP),2016,90.0,87.78137747739042
3514205,Dolcinópolis (SP),2017,90.0,90.08602388430103
3514205,Dolcinópolis (SP),2018,90.0,87.1352872975635
3514205,Dolcinópolis (SP),2019,90.0,87.56780667910158
3514205,Dolcinópolis (SP),2020,90.0,88.02354535172623
3514205,Dolcinópolis (SP),2021,90.0,81.00369952472529
3514205,Dolcinópolis (SP),2022,90.0,89.33358378884395
3514205,Dolcinópolis (SP),2023,90.0,90.17348961495745
3514205,Dolcinópolis (SP),2024,81.2,81.73980503055282
3514304,Dourado (SP),2001,80.0,79.32883339185612
3514304,Dourado (SP),2002,80.0,81.6015323815141
3514304,Dourado (SP),2003,71.823,77.681473002933
3514304,Dourado (SP),2004,71.823,74.60741128764005
3514304,Dourado (SP),2005,71.352,73.38670252796312
3514304,Dourado (SP),2006,85.0,75.36195513696354
3514304,Dourado (SP),2007,80.0,83.47737774548361
3514304,Dourado (SP),2008,85.0,84.64351377012798
3514304,Dourado (SP),2009,72.0,81.0476446054102
3514304,Dourado (SP),2010,80.0,77.2511394758383
3514304,Dourado (SP),2011,88.874,81.99174432236468
3514304,Dourado (SP),2012,89.985,85.2630129227987
3514304,Dourado (SP),2013,80.625,84.6380883541123
3514304,Dourado (SP),2014,62.5,70.06297056918328
3514304,Dourado (SP),2015,65.0,74.39122896837361
3514304,Dourado (SP),2016,75.0,70.84092165281349
3514304,Dourado (SP),2017,77.8,77.08478247121316
3514304,Dourado (SP),2018,72.0,77.24081544122805
3514304,Dourado (SP),2019,72.0,74.62620585426222
3514304,Dourado (SP),2020,80.0,78.06675132799525
3514304,Dourado (SP),2021,78.267,78.12499880231573
3514304,Dourado (SP),2022,75.0,77.72747432606826
3514304,Dourado (SP),2023,80.0,77.96105665224181
3514304,Dourado (SP),2024,75.0,75.64742483866704
3514403,Dracena (SP),2005,99.329,83.7471267127007
3514403,Dracena (SP),2006,110.0,101.4501206608147
3514403,Dracena (SP),2007,113.468,107.71781267854699
3514403,Dracena (SP),2008,110.0,101.12643634961317
3514403,Dracena (SP),2009,110.0,105.9827540863858
3514403,Dracena (SP),2010,90.742,100.2798951927117
3514403,Dracena (SP),2011,80.0,79.98231803842447
3514403,Dracena (SP),2012,69.862,69.21627034325394
3514403,Dracena (SP),2013,94.192,76.57897563960971
3514403,Dracena (SP),2014,58.209,85.10684905471321
3514403,Dracena (SP),2015,73.134,71.10189461466999
3514403,Dracena (SP),2016,75.0,76.88480201244914
3514403,Dracena (SP),2017,70.0,73.05632622305755
3514403,Dracena (SP),2018,70.0,70.15068791908254
3514403,Dracena (SP),2019,70.0,70.7163636753746
3514403,Dracena (SP),2020,70.0,70.17361376537502
3514403,Dracena (SP),2021,64.0,63.6670380703716
3514403,Dracena (SP),2022,68.0,67.57964225525211
3514403,Dracena (SP),2023,80.0,75.10960651688433
3514403,Dracena (SP),2024,65.0,72.61861558219313
3514502,Duartina (SP),2003,70.6,70.74611210293038
3514502,Duartina (SP),2004,70.8,71.00305636263174
3514502,Duartina (SP),2005,83.986,75.10892821944685
3514502,Duartina (SP),2006,85.0,83.73649574326991
3514502,Duartina (SP),2007,84.0,83.0396749437279
3514502,Duartina (SP),2008,85.0,83.99178204619024
3514502,Duartina (SP),2009,85.0,84.32193406110821
3514502,Duartina (SP),2010,85.0,85.33218526895098
3514502,Duartina (SP),2011,84.878,81.01966245106081
3514502,Duartina (SP),2012,84.878,83.7550702789947
3514502,Duartina (SP),2013,84.88,85.32010518184217
3514502,Duartina (SP),2014,84.8,80.86121547211631
3514502,Duartina (SP),2015,82.927,84.10220994028232
3514502,Duartina (SP),2016,70.0,77.00636860520792
3514502,Duartina (SP),2017,65.0,68.76803640019517
3514502,Duartina (SP),2018,70.0,69.5037328168811
3514502,Duartina (SP),2019,74.0,69.84829342742154
3514502,Duartina (SP),2020,78.959,76.57981300503339
3514502,Duartina (SP),2021,70.445,73.28137819091901
3514502,Duartina (SP),2022,70.595,70.99962175016022
3514601,Dumont (SP),2001,80.0,83.7179163911497
3514601,Dumont (SP),2002,80.0,82.86978156226131
3514601,Dumont (SP),2003,90.0,87.11613267745577
3514601,Dumont (SP),2004,90.0,89.79604199577051
3514601,Dumont (SP),2005,89.407,90.29715748739392
3514601,Dumont (SP),2006,90.0,90.71101850305293
3514601,Dumont (SP),2007,90.0,89.87934490134595
3514601,Dumont (SP),2008,90.0,88.44610751226335
3514601,Dumont (SP),2009,90.0,89.40386833240396
3514601,Dumont (SP),2010,90.0,91.0380821325668
3514601,Dumont (SP),2011,79.0,81.75509094445539
3514601,Dumont (SP),2012,75.0,76.93343621466737
3514601,Dumont (SP),2013,80.0,77.61822049234716
3514601,Dumont (SP),2014,80.0,71.8856332416925
3514601,Dumont (SP),2015,80.0,81.30746853470193
3514601,Dumont (SP),2016,80.0,82.29951752079262
3514601,Dumont (SP),2017,85.0,82.11941856225283
3514601,Dumont (SP),2018,85.0,84.61689464079407
3514601,Dumont (SP),2019,85.0,84.68178319691829
3514601,Dumont (SP),2020,85.0,85.13663947325749
3514601,Dumont (SP),2021,85.0,83.74907453578204
3514601,Dumont (SP),2022,85.0,84.2219512344971
3514601,Dumont (SP),2023,85.0,84.80017340560713
3514601,Dumont (SP),2024,82.0,80.8258279327095
3514700,Echaporã (SP),2001,74.0,77.33953186847609
3514700,Echaporã (SP),2002,75.103,75.77732733490653
3514700,Echaporã (SP),2003,68.993,73.7346758092617
3514700,Echaporã (SP),2004,70.0,72.9658526491099
3514700,Echaporã (SP),2005,77.477,74.69789394481705
3514700,Echaporã (SP),2006,78.0,79.98503860688446
3514700,Echaporã (SP),2007,88.0,82.04990132178898
3514700,Echaporã (SP),2008,99.076,91.34391174476518
3514700,Echaporã (SP),2009,82.0,90.07078976066913
3514700,Echaporã (SP),2010,74.399,78.14035182850972
3514700,Echaporã (SP),2011,69.75,72.76548688081019
3514700,Echaporã (SP),2012,65.0,67.26052009837808
3514700,Echaporã (SP),2013,65.0,66.35458329164355
3514700,Echaporã (SP),2014,65.0,66.86017154316332
3514700,Echaporã (SP),2015,75.487,70.50344223538177
3514700,Echaporã (SP),2016,75.487,78.80329448720549
3514700,Echaporã (SP),2017,70.0,75.87121925328101
3514700,Echaporã (SP),2018,60.0,67.80418264718126
3514700,Echaporã (SP),2019,75.0,66.83486849608859
3514700,Echaporã (SP),2020,65.0,81.76610875351567
3514700,Echaporã (SP),2021,65.0,65.01905133474602
3514700,Echaporã (SP),2022,65.0,67.33309628363472
3514700,Echaporã (SP),2023,65.0,67.34707015209774
3514700,Echaporã (SP),2024,97.5,65.43832470557214
3514809,Eldorado (SP),2001,30.0,44.874250551628904
3514908,Elias Fausto (SP),2001,69.214,91.0335230929328
3514908,Elias Fausto (SP),2002,90.476,79.56731708433927
3514908,Elias Fausto (SP),2003,120.0,87.41451820390454
3514908,Elias Fausto (SP),2004,90.0,90.00824592777916
3514908,Elias Fausto (SP),2005,87.417,88.10052873263132
3514908,Elias Fausto (SP),2006,90.0,89.20427758850369
3514908,Elias Fausto (SP),2007,80.0,89.2624788340925
3514908,Elias Fausto (SP),2008,90.0,86.12437109485388
3514908,Elias Fausto (SP),2009,90.0,89.19104129743536
3514908,Elias Fausto (SP),2010,75.0,93.77026982329238
3514908,Elias Fausto (SP),2011,75.0,76.63395979248916
3514908,Elias Fausto (SP),2012,75.0,76.67042396980233
3514908,Elias Fausto (SP),2013,90.0,83.08510491680933
3514908,Elias Fausto (SP),2014,69.0,80.74383006876167
3514908,Elias Fausto (SP),2015,80.0,77.88290114771743
3514908,Elias Fausto (SP),2016,80.0,79.78873453740628
3514908,Elias Fausto (SP),2017,76.0,79.9394306662753
3514908,Elias Fausto (SP),2018,79.0,77.33619273639287
3514908,Elias Fausto (SP),2019,79.0,79.72910863735143
3514908,Elias Fausto (SP),2020,80.0,80.50177978818343
3514908,Elias Fausto (SP),2021,79.0,77.8056234297071
3514908,Elias Fausto (SP),2022,80.0,79.45100238927812
3514908,Elias Fausto (SP),2023,80.0,80.1263213787036
3514908,Elias Fausto (SP),2024,80.0,79.83752872258793
3514924,Elisiário (SP),2001,70.0,71.8733230689287
3514924,Elisiário (SP),2002,85.0,79.18311120046886
3514924,Elisiário (SP),2003,85.0,84.07886686627143
3514924,Elisiário (SP),2004,90.0,87.19496326499434
3514924,Elisiário (SP),2005,89.396,87.46932255087819
3514924,Elisiário (SP),2006,90.0,107.39572233040987
3514924,Elisiário (SP),2007,90.0,88.41232060069433
3514924,Elisiário (SP),2008,90.0,88.40681675179718
3514924,Elisiário (SP),2009,90.0,89.76004588426564
3514924,Elisiário (SP),2010,90.0,89.88008324165561
3514924,Elisiário (SP),2011,90.0,88.74549848637537
3514924,Elisiário (SP),2012,82.0,84.91722750423419
3514924,Elisiário (SP),2013,90.0,84.92134447580024
3514924,Elisiário (SP),2014,72.0,74.70863253610197
3514924,Elisiário (SP),2015,72.0,76.97903679934109
3514924,Elisiário (SP),2016,90.0,78.64585158445483
3514924,Elisiário (SP),2017,90.0,89.25133943774453
3514924,Elisiário (SP),2018,72.0,86.94499984372281
3514924,Elisiário (SP),2019,66.0,73.45243872985773
3514924,Elisiário (SP),2020,66.0,72.95736834000596
3514924,Elisiário (SP),2021,65.0,67.70331095918006
3514924,Elisiário (SP),2022,72.6,72.78522192499175
3514924,Elisiário (SP),2023,88.0,81.23641015071092
3514924,Elisiário (SP),2024,88.0,82.71291254198007
3514957,Embaúba (SP),2001,78.2,78.25512946220579
3514957,Embaúba (SP),2002,85.0,83.93142271925768
3514957,Embaúba (SP),2003,85.0,87.1091607949709
3514957,Embaúba (SP),2004,85.0,88.28696134212218
3514957,Embaúba (SP),2005,82.772,87.62396317070625
3514957,Embaúba (SP),2006,85.0,82.32524578511244
3514957,Embaúba (SP),2007,85.0,85.71947218429692
3514957,Embaúba (SP),2008,85.0,86.23633434213771
3514957,Embaúba (SP),2009,85.0,84.05778615462118
3514957,Embaúba (SP),2010,85.0,84.57989383674132
3514957,Embaúba (SP),2011,90.0,84.45043230536679
3514957,Embaúba (SP),2012,70.0,82.89484260348307
3514957,Embaúba (SP),2013,90.0,75.6621348671371
3514957,Embaúba (SP),2014,80.0,75.61822442108468
3514957,Embaúba (SP),2015,80.0,81.96228480652161
3514957,Embaúba (SP),2016,80.0,83.40676190772346
3514957,Embaúba (SP),2017,80.0,80.74914751739142
3514957,Embaúba (SP),2018,85.0,80.59297263915582
3514957,Embaúba (SP),2019,85.0,78.01131252631932
3514957,Embaúba (SP),2020,85.0,84.60536980346
3514957,Embaúba (SP),2021,50.0,67.4639330337718
3514957,Embaúba (SP),2022,60.0,70.91442560144716
3514957,Embaúba (SP),2023,80.0,74.38421828317519
3514957,Embaúba (SP),2024,70.0,76.66619710723428
3515129,Emilianópolis (SP),2004,87.932,77.80870186280134
3515129,Emilianópolis (SP),2005,118.68,82.99986842094341
3515129,Emilianópolis (SP),2006,120.0,106.9842184113456
3515129,Emilianópolis (SP),2007,75.0,83.4590467936508
3515129,Emilianópolis (SP),2008,74.729,73.35367936941454
3515129,Emilianópolis (SP),2009,100.0,75.57818919543759
3515129,Emilianópolis (SP),2010,100.0,99.17718676159222
3515129,Emilianópolis (SP),2011,70.0,85.75368064747005
3515129,Emilianópolis (SP),2012,71.0,69.76290117764641
3515129,Emilianópolis (SP),2013,70.0,73.32241789746683
3515129,Emilianópolis (SP),2014,75.919,71.46742781676758
3515129,Emilianópolis (SP),2015,100.0,76.7092209779875
3515129,Emilianópolis (SP),2016,100.0,88.25588513804024
3515129,Emilianópolis (SP),2017,100.0,96.33173318192726
3515129,Emilianópolis (SP),2018,100.0,96.5161645642434
3515129,Emilianópolis (SP),2019,100.0,95.14912776610521
3515129,Emilianópolis (SP),2020,100.0,96.91194425327441
3515129,Emilianópolis (SP),2021,97.561,92.73286713951563
3515129,Emilianópolis (SP),2022,100.0,94.66788744440278
3515129,Emilianópolis (SP),2023,98.19,95.43073927982321
3515129,Emilianópolis (SP),2024,95.122,89.3426328976926
3515152,Engenheiro Coelho (SP),2001,70.0,72.04604307978276
3515152,Engenheiro Coelho (SP),2002,70.0,72.7429787461276
3515152,Engenheiro Coelho (SP),2003,70.0,71.0561569805596
3515152,Engenheiro Coelho (SP),2004,70.0,70.8649599467437
3515152,Engenheiro Coelho (SP),2005,89.396,78.25097328025574
3515152,Engenheiro Coelho (SP),2006,95.0,91.16144074009736
3515152,Engenheiro Coelho (SP),2007,76.0,83.53309701612565
3515152,Engenheiro Coelho (SP),2008,76.0,78.71915556507349
3515152,Engenheiro Coelho (SP),2009,90.0,82.76562477957455
3515152,Engenheiro Coelho (SP),2010,90.0,91.97314441800059
3515152,Engenheiro Coelho (SP),2011,90.0,87.49877810892843
3515152,Engenheiro Coelho (SP),2012,90.0,86.54371267624614
3515152,Engenheiro Coelho (SP),2013,90.0,87.90695815527859
3515152,Engenheiro Coelho (SP),2014,75.0,86.08310363249477
3515152,Engenheiro Coelho (SP),2015,80.0,75.26682230503427
3515152,Engenheiro Coelho (SP),2016,78.0,79.11128576903242
3515152,Engenheiro Coelho (SP),2017,85.0,79.46201931076986
3515152,Engenheiro Coelho (SP),2018,93.0,85.89952068884433
3515152,Engenheiro Coelho (SP),2019,90.0,89.76869060152738
3515152,Engenheiro Coelho (SP),2020,85.0,87.20578268433552
3515152,Engenheiro Coelho (SP),2021,90.0,83.2333428166474
3515152,Engenheiro Coelho (SP),2022,90.0,89.53833355468925
3515152,Engenheiro Coelho (SP),2023,90.0,86.34692785594
3515152,Engenheiro Coelho (SP),2024,89.4,83.42509431310528
3515186,Espírito Santo do Pinhal (SP),2001,60.0,62.09245706640636
3515186,Espírito Santo do Pinhal (SP),2002,85.0,74.96063758931344
3515186,Espírito Santo do Pinhal (SP),2003,97.58,91.10810182470654
3515186,Espírito Santo do Pinhal (SP),2004,97.0,93.59902013961496
3515186,Espírito Santo do Pinhal (SP),2005,89.396,91.84187678616408
3515186,Espírito Santo do Pinhal (SP),2006,80.0,85.42924354223307
3515186,Espírito Santo do Pinhal (SP),2007,85.0,82.8843376377279
3515186,Espírito Santo do Pinhal (SP),2008,85.0,86.46097890473393
3515186,Espírito Santo do Pinhal (SP),2009,80.0,86.89079676312669
3515186,Espírito Santo do Pinhal (SP),2010,90.0,86.61155460732967
3515186,Espírito Santo do Pinhal (SP),2011,80.0,84.66636373386542
3515186,Espírito Santo do Pinhal (SP),2012,80.0,81.80577025878894
3515186,Espírito Santo do Pinhal (SP),2013,80.0,80.59497464090377
3515186,Espírito Santo do Pinhal (SP),2014,80.0,76.89272129551821
3515186,Espírito Santo do Pinhal (SP),2015,75.0,77.35680367338261
3515186,Espírito Santo do Pinhal (SP),2016,80.0,78.0284316535847
3515186,Espírito Santo do Pinhal (SP),2017,59.674,74.92628077434394
3515186,Espírito Santo do Pinhal (SP),2018,70.0,67.21256722180128
3515186,Espírito Santo do Pinhal (SP),2019,70.0,71.64455071602518
3515186,Espírito Santo do Pinhal (SP),2020,80.0,70.42451048452551
3515186,Espírito Santo do Pinhal (SP),2021,72.0,76.36308198169887
3515186,Espírito Santo do Pinhal (SP),2022,80.0,78.11548242477863
3515186,Espírito Santo do Pinhal (SP),2023,95.0,86.17620774476663
3515186,Espírito Santo do Pinhal (SP),2024,91.0,90.56578113289805
3515194,Espírito Santo do Turvo (SP),2001,75.0,75.63302854482201
3515194,Espírito Santo do Turvo (SP),2002,56.5,69.53481334889344
3515194,Espírito Santo do Turvo (SP),2003,75.0,70.48004889980164
3515194,Espírito Santo do Turvo (SP),2004,56.52,76.3218343683724
3515194,Espírito Santo do Turvo (SP),2005,59.597,59.38782236834672
3515194,Espírito Santo do Turvo (SP),2006,75.0,70.35433716011725
3515194,Espírito Santo do Turvo (SP),2007,59.6,70.38743463841084
3515194,Espírito Santo do Turvo (SP),2008,75.0,67.66428026426351
3515194,Espírito Santo do Turvo (SP),2009,75.0,75.9851124459806
3515194,Espírito Santo do Turvo (SP),2010,75.0,75.51788603956564
3515194,Espírito Santo do Turvo (SP),2011,75.0,75.64730321510663
3515194,Espírito Santo do Turvo (SP),2012,80.0,76.66841743582061
3515194,Espírito Santo do Turvo (SP),2013,79.63,79.83286633089399
3515194,Espírito Santo do Turvo (SP),2014,75.0,75.18724555034771
3515194,Espírito Santo do Turvo (SP),2015,75.0,73.61295248274966
3515194,Espírito Santo do Turvo (SP),2016,70.0,76.47497694795551
3515194,Espírito Santo do Turvo (SP),2017,60.0,69.4607486051869
3515194,Espírito Santo do Turvo (SP),2018,65.0,63.917153428230094
3515194,Espírito Santo do Turvo (SP),2019,75.0,69.48703034200715
3515194,Espírito Santo do Turvo (SP),2020,78.9,77.64393591341008
3515194,Espírito Santo do Turvo (SP),2021,71.667,73.78634358261064
3515194,Espírito Santo do Turvo (SP),2022,72.222,75.0536406576739
3515194,Espírito Santo do Turvo (SP),2023,80.0,76.84919499674663
3515194,Espírito Santo do Turvo (SP),2024,75.0,71.43883504397564
3515202,Estrela d'Oeste (SP),2001,80.0,80.12088030827697
3515202,Estrela d'Oeste (SP),2002,80.0,82.09495718327761
3515202,Estrela d'Oeste (SP),2003,80.0,82.77170048091887
3515202,Estrela d'Oeste (SP),2004,80.0,80.08364501569358
3515202,Estrela d'Oeste (SP),2005,79.463,80.21261756270188
3515202,Estrela d'Oeste (SP),2006,80.0,84.16752392592612
3515202,Estrela d'Oeste (SP),2007,83.0,81.58553731748867
3515202,Estrela d'Oeste (SP),2008,96.0,82.99851895004325
3515202,Estrela d'Oeste (SP),2009,69.446,83.36639356362346
3515202,Estrela d'Oeste (SP),2010,96.0,79.13524266415568
3515202,Estrela d'Oeste (SP),2011,80.0,86.98190157248354
3515202,Estrela d'Oeste (SP),2012,75.0,73.9077084848661
3515202,Estrela d'Oeste (SP),2013,75.0,75.71727202975816
3515202,Estrela d'Oeste (SP),2014,70.0,72.59837370409522
3515202,Estrela d'Oeste (SP),2015,80.0,73.4107568842353
3515202,Estrela d'Oeste (SP),2016,80.0,79.7083855497995
3515202,Estrela d'Oeste (SP),2017,80.0,80.67843085392059
3515202,Estrela d'Oeste (SP),2018,80.0,80.76409120382809
3515202,Estrela d'Oeste (SP),2019,80.0,78.39715325166597
3515202,Estrela d'Oeste (SP),2020,80.0,79.80718247876197
3515202,Estrela d'Oeste (SP),2021,75.0,74.43526074354814
3515202,Estrela d'Oeste (SP),2022,80.0,78.77427773811598
3515202,Estrela d'Oeste (SP),2023,80.0,81.00187332616869
3515202,Estrela d'Oeste (SP),2024,80.0,77.70278692512576
3515301,Estrela do Norte (SP),2002,35.0,52.50375569031011
3515301,Estrela do Norte (SP),2003,60.0,59.67970614304324
3515301,Estrela do Norte (SP),2004,60.0,61.830636591783204
3515301,Estrela do Norte (SP),2005,69.904,68.39088992661472
3515301,Estrela do Norte (SP),2006,70.0,72.19360714363842
3515301,Estrela do Norte (SP),2007,70.0,71.35000895091203
3515301,Estrela do Norte (SP),2008,70.0,70.5505601755349
3515301,Estrela do Norte (SP),2009,77.5,75.11718921179896
3515301,Estrela do Norte (SP),2010,90.0,85.79308779935207
3515301,Estrela do Norte (SP),2011,70.0,78.38315642120254
3515301,Estrela do Norte (SP),2012,70.6,70.85348922375937
3515301,Estrela do Norte (SP),2013,80.0,76.00164294064602
3515301,Estrela do Norte (SP),2014,75.0,75.8145886630399
3515301,Estrela do Norte (SP),2015,90.0,81.64694007056656
3515301,Estrela do Norte (SP),2016,90.0,82.34681997589566
3515301,Estrela do Norte (SP),2017,85.0,83.73468499497827
3515301,Estrela do Norte (SP),2018,85.0,83.39248023900822
3515301,Estrela do Norte (SP),2019,85.0,80.16846683395285
3515301,Estrela do Norte (SP),2020,85.0,83.3266522157634
3515301,Estrela do Norte (SP),2021,84.138,82.73332470373049
3515301,Estrela do Norte (SP),2022,84.259,83.98747581784768
3515301,Estrela do Norte (SP),2023,83.33,84.1540075091558
3515301,Estrela do Norte (SP),2024,83.641,81.22432726582566
3515350,Euclides da Cunha Paulista (SP),2001,60.0,60.895345223220005
3515350,Euclides da Cunha Paulista (SP),2002,50.0,59.53930761333111
3515350,Euclides da Cunha Paulista (SP),2003,50.0,54.36280133564312
3515350,Euclides da Cunha Paulista (SP),2006,70.0,65.1730991506394
3515350,Euclides da Cunha Paulista (SP),2007,70.0,71.17182958918234
3515350,Euclides da Cunha Paulista (SP),2008,70.0,70.90651701420953
3515350,Euclides da Cunha Paulista (SP),2010,70.0,71.33216583091622
3515350,Euclides da Cunha Paulista (SP),2011,68.0,67.71464535251839
3515350,Euclides da Cunha Paulista (SP),2012,100.0,77.43505819826005
3515350,Euclides da Cunha Paulista (SP),2013,80.0,86.46671952440641
3515350,Euclides da Cunha Paulista (SP),2014,70.0,75.48777565706861
3515350,Euclides da Cunha Paulista (SP),2015,68.752,71.99939399518334
3515350,Euclides da Cunha Paulista (SP),2016,64.742,68.76989405560394
3515350,Euclides da Cunha Paulista (SP),2017,70.0,70.31160107811596
3515350,Euclides da Cunha Paulista (SP),2018,70.0,72.43995116184378
3515350,Euclides da Cunha Paulista (SP),2019,72.811,72.52534168683597
3515350,Euclides da Cunha Paulista (SP),2020,69.584,65.23361377396583
3515350,Euclides da Cunha Paulista (SP),2021,69.861,70.0499289156736
3515350,Euclides da Cunha Paulista (SP),2022,69.954,72.40468007144133
3515350,Euclides da Cunha Paulista (SP),2023,69.938,72.19837879585471
3515350,Euclides da Cunha Paulista (SP),2024,69.918,70.0909753842338
3515400,Fartura (SP),2013,90.4,64.71597729703628
3515400,Fartura (SP),2014,106.23,92.89503343347947
3515400,Fartura (SP),2015,96.0,98.82495154006239
3515400,Fartura (SP),2016,96.0,91.32212329555172
3515400,Fartura (SP),2017,96.0,92.5049323735832
3515400,Fartura (SP),2018,90.0,90.07841552632198
3515400,Fartura (SP),2019,85.5,87.61933004541443
3515400,Fartura (SP),2020,70.0,83.45189821102461
3515400,Fartura (SP),2021,70.0,69.79569098794337
3515400,Fartura (SP),2022,70.0,72.25376211714733
3515400,Fartura (SP),2023,70.0,70.61905326028244
3515400,Fartura (SP),2024,70.0,67.85789033701714
3515509,Fernandópolis (SP),2001,83.988,84.15041027742828
3515509,Fernandópolis (SP),2002,80.0,80.31019832527517
3515509,Fernandópolis (SP),2003,80.0,85.93256613795278
3515509,Fernandópolis (SP),2004,75.0,79.35948776135683
3515509,Fernandópolis (SP),2005,69.541,73.91473783175425
3515509,Fernandópolis (SP),2006,80.0,77.24919119695392
3515509,Fernandópolis (SP),2007,80.0,83.9435468381451
3515509,Fernandópolis (SP),2008,80.0,81.4766178249417
3515509,Fernandópolis (SP),2009,70.0,81.357642723298
3515509,Fernandópolis (SP),2010,88.888,78.5370447728323
3515509,Fernandópolis (SP),2011,80.0,83.64235895060234
3515509,Fernandópolis (SP),2012,71.591,76.37852175725422
3515509,Fernandópolis (SP),2013,75.0,74.50109388831471
3515509,Fernandópolis (SP),2014,75.0,73.01446115128083
3515509,Fernandópolis (SP),2015,75.0,73.28279134648686
3515509,Fernandópolis (SP),2016,75.0,75.860219074776
3515509,Fernandópolis (SP),2017,75.0,78.68204026392628
3515509,Fernandópolis (SP),2018,80.0,75.88642345404583
3515509,Fernandópolis (SP),2019,72.176,72.66120974479682
3515509,Fernandópolis (SP),2020,80.0,74.03531307560827
3515509,Fernandópolis (SP),2021,75.0,73.93505186355314
3515509,Fernandópolis (SP),2022,80.0,79.5288427737812
3515509,Fernandópolis (SP),2023,80.0,81.04798489700352
3515509,Fernandópolis (SP),2024,80.0,76.95434923073448
3515608,Fernando Prestes (SP),2001,100.0,95.02950745103082
3515608,Fernando Prestes (SP),2002,100.0,94.91974860864619
3515608,Fernando Prestes (SP),2003,100.0,98.2875916373256
3515608,Fernando Prestes (SP),2004,90.566,94.16953269419379
3515608,Fernando Prestes (SP),2005,99.329,92.07347020311403
3515608,Fernando Prestes (SP),2006,100.0,99.04381360198091
3515608,Fernando Prestes (SP),2007,100.0,97.78360352100167
3515608,Fernando Prestes (SP),2008,100.0,97.36825637529479
3515608,Fernando Prestes (SP),2009,100.0,97.18382977762731
3515608,Fernando Prestes (SP),2010,100.0,95.84823134406892
3515608,Fernando Prestes (SP),2011,100.0,98.85020655826162
3515608,Fernando Prestes (SP),2012,105.882,82.0611125625192
3515608,Fernando Prestes (SP),2013,105.882,99.39245498689031
3515608,Fernando Prestes (SP),2014,60.2,74.23841288059162
3515608,Fernando Prestes (SP),2015,60.2,65.60181901695842
3515608,Fernando Prestes (SP),2016,70.0,70.37512538567911
3515608,Fernando Prestes (SP),2017,70.0,74.35219951972705
3515608,Fernando Prestes (SP),2018,90.0,81.80552256510212
3515608,Fernando Prestes (SP),2019,85.0,88.45718559993635
3515608,Fernando Prestes (SP),2020,85.0,83.68373376536523
3515608,Fernando Prestes (SP),2021,80.0,76.05980205820565
3515608,Fernando Prestes (SP),2022,85.0,83.76450384084093
3515608,Fernando Prestes (SP),2023,85.0,86.02163869257653
3515608,Fernando Prestes (SP),2024,80.0,77.66691833248697
3515657,Fernão (SP),2009,120.0,104.36213721682232
3515657,Fernão (SP),2010,74.0,98.42677153126037
3515657,Fernão (SP),2011,80.0,76.15690690824503
3515657,Fernão (SP),2018,60.0,70.32149700641806
3515657,Fernão (SP),2019,60.0,68.55619144108425
3515657,Fernão (SP),2020,60.0,61.7736481982829
3515657,Fernão (SP),2021,60.0,60.9808402097853
3515657,Fernão (SP),2022,50.0,58.60064366709676
3515657,Fernão (SP),2023,57.0,56.53196412515265
3515657,Fernão (SP),2024,53.0,58.85579241015437
3515806,Flora Rica (SP),2002,119.211,85.6265691087423
3515806,Flora Rica (SP),2003,88.0,90.78583555725525
3515806,Flora Rica (SP),2004,85.0,82.46931655500545
3515806,Flora Rica (SP),2005,75.927,79.6193769182484
3515806,Flora Rica (SP),2006,100.0,91.53677423136695
3515806,Flora Rica (SP),2007,100.0,103.25174115281621
3515806,Flora Rica (SP),2008,100.0,97.40780651289337
3515806,Flora Rica (SP),2009,50.0,102.27664058336461
3515806,Flora Rica (SP),2010,50.0,77.57996996080307
3515806,Flora Rica (SP),2011,50.0,58.85778240634367
3515806,Flora Rica (SP),2012,70.0,66.66028161104872
3515806,Flora Rica (SP),2013,70.0,74.20422654587
3515806,Flora Rica (SP),2014,60.0,62.0326962057474
3515806,Flora Rica (SP),2015,70.0,70.62196008159191
3515806,Flora Rica (SP),2016,60.0,69.2304626521942
3515806,Flora Rica (SP),2017,60.0,68.88105500377412
3515806,Flora Rica (SP),2018,70.0,70.03107700934444
3515806,Flora Rica (SP),2019,75.0,71.96415004221882
3515806,Flora Rica (SP),2020,75.0,72.60793909683538
3515806,Flora Rica (SP),2021,60.0,64.93746602344879
3515806,Flora Rica (SP),2022,71.111,68.76377450402467
3515806,Flora Rica (SP),2023,72.037,73.63265155419195
3515806,Flora Rica (SP),2024,72.716,71.72174106958619
3515905,Floreal (SP),2007,90.0,101.52348687896827
3515905,Floreal (SP),2008,90.0,88.67777464594401
3515905,Floreal (SP),2009,90.0,88.42015976717364
3515905,Floreal (SP),2010,90.0,87.40773164604465
3515905,Floreal (SP),2011,90.0,88.60290615025944
3515905,Floreal (SP),2012,70.0,85.8051800633143
3515905,Floreal (SP),2013,70.0,73.98324049612161
3515905,Floreal (SP),2014,70.0,69.11699887796196
3515905,Floreal (SP),2015,70.0,71.89847090649442
3515905,Floreal (SP),2016,70.0,74.60626833074535
3515905,Floreal (SP),2017,90.0,72.32093283220024
3515905,Floreal (SP),2018,90.0,85.46564593699355
3515905,Floreal (SP),2019,90.0,85.0477814056756
3515905,Floreal (SP),2020,90.0,88.13638432646779
3515905,Floreal (SP),2021,90.0,84.46547835592186
3515905,Floreal (SP),2022,90.0,87.7409832902777
3515905,Floreal (SP),2023,90.0,91.06498738122343
3515905,Floreal (SP),2024,90.0,83.44598259081195
3516002,Flórida Paulista (SP),2001,70.0,71.89654145607682
3516002,Flórida Paulista (SP),2002,72.661,82.14966168724028
3516002,Flórida Paulista (SP),2003,90.0,85.1050622447641
3516002,Flórida Paulista (SP),2004,90.0,86.71592722371328
3516002,Flórida Paulista (SP),2005,80.09,82.87702051430514
3516002,Flórida Paulista (SP),2006,90.0,85.56860264671545
3516002,Flórida Paulista (SP),2007,90.0,88.84469422721882
3516002,Flórida Paulista (SP),2008,90.0,89.38306424052949
3516002,Flórida Paulista (SP),2009,90.0,92.1729606251903
3516002,Flórida Paulista (SP),2010,80.0,89.15162898469448
3516002,Flórida Paulista (SP),2011,75.0,79.0352653944941
3516002,Flórida Paulista (SP),2012,70.0,68.46643729959607
3516002,Flórida Paulista (SP),2013,70.0,74.40035599683442
3516002,Flórida Paulista (SP),2014,70.0,61.82763727637403
3516002,Flórida Paulista (SP),2015,70.0,73.47962597009247
3516002,Flórida Paulista (SP),2016,70.0,69.97271446722498
3516002,Flórida Paulista (SP),2017,70.0,70.71750830424224
3516002,Flórida Paulista (SP),2018,70.0,70.18256337070592
3516002,Flórida Paulista (SP),2019,70.0,70.5997919940559
3516002,Flórida Paulista (SP),2020,70.0,70.21101805733306
3516002,Flórida Paulista (SP),2021,60.0,63.820499627009404
3516002,Flórida Paulista (SP),2022,70.0,68.9835540680031
3516002,Flórida Paulista (SP),2023,70.0,72.06018853120342
3516002,Flórida Paulista (SP),2024,70.0,70.94886480325874
3516101,Florínea (SP),2001,87.5,87.17619507837992
3516101,Florínea (SP),2002,100.0,81.27424372893768
3516101,Florínea (SP),2003,110.0,100.67331376856849
3516101,Florínea (SP),2004,91.353,85.67605843115804
3516101,Florínea (SP),2005,88.413,87.40721815230064
3516101,Florínea (SP),2006,100.0,88.67548989214615
3516101,Florínea (SP),2007,95.0,99.67652483052262
3516101,Florínea (SP),2008,90.0,89.3841412276173
3516101,Florínea (SP),2009,95.48,90.13546329764127
3516101,Florínea (SP),2010,89.279,89.62349465320341
3516101,Florínea (SP),2011,90.25,85.10307601671312
3516101,Florínea (SP),2012,83.0,83.02919641918413
3516101,Florínea (SP),2013,85.0,82.1622167399341
3516101,Florínea (SP),2014,80.0,80.33491132887592
3516101,Florínea (SP),2015,88.014,81.39054837797156
3516101,Florínea (SP),2016,65.0,75.79015751966092
3516101,Florínea (SP),2017,95.0,84.14009604837936
3516101,Florínea (SP),2018,95.0,90.85529517528654
3516101,Florínea (SP),2019,110.0,95.80608337225809
3516101,Florínea (SP),2020,95.0,90.02475997878508
3516101,Florínea (SP),2021,85.0,84.814947820097
3516101,Florínea (SP),2022,95.0,88.43828776906189
3516101,Florínea (SP),2023,95.0,90.7943252669989
3516101,Florínea (SP),2024,85.0,85.0988894745532
3516200,Franca (SP),2001,80.0,75.86271345189232
3516200,Franca (SP),2002,80.0,79.73306105408328
3516200,Franca (SP),2003,80.0,79.35440537968152
3516200,Franca (SP),2004,80.0,79.64104147487393
3516200,Franca (SP),2005,79.463,80.44592663309697
3516200,Franca (SP),2006,80.0,79.94415506543992
3516200,Franca (SP),2007,80.0,80.8833078870883
3516200,Franca (SP),2008,80.0,80.07313698315052
3516200,Franca (SP),2009,80.0,80.95510983599978
3516200,Franca (SP),2010,80.0,81.03102685686363
3516200,Franca (SP),2011,80.0,79.063857946541
3516200,Franca (SP),2012,80.0,76.6377232021599
3516200,Franca (SP),2013,80.0,80.58868167940307
3516200,Franca (SP),2014,80.0,75.08065851543721
3516200,Franca (SP),2015,80.0,80.25478394133388
3516200,Franca (SP),2016,80.0,80.58338434110777
3516200,Franca (SP),2017,80.0,80.02346953733927
3516200,Franca (SP),2018,80.0,80.20435514964679
3516200,Franca (SP),2019,80.0,78.96005021543307
3516200,Franca (SP),2020,80.0,80.73365564508164
3516200,Franca (SP),2021,75.0,74.5480800328568
3516200,Franca (SP),2022,75.0,78.0786762726059
3516200,Franca (SP),2023,78.0,78.10399110824083
3516200,Franca (SP),2024,77.667,78.30434010203196
3516507,Gabriel Monteiro (SP),2001,89.804,77.31958714378392
3516507,Gabriel Monteiro (SP),2002,91.711,88.29860719068803
3516507,Gabriel Monteiro (SP),2003,79.762,82.7011215585655
3516507,Gabriel Monteiro (SP),2004,82.325,84.06920411716094
3516507,Gabriel Monteiro (SP),2005,88.22,84.45389187580426
3516507,Gabriel Monteiro (SP),2006,84.717,87.09721471641876
3516507,Gabriel Monteiro (SP),2007,84.65,85.4849201253764
3516507,Gabriel Monteiro (SP),2008,79.1,84.79640506532125
3516507,Gabriel Monteiro (SP),2009,83.0,92.91120733579213
3516507,Gabriel Monteiro (SP),2010,80.008,81.1505140038559
3516507,Gabriel Monteiro (SP),2011,78.85,79.36147208957954
3516507,Gabriel Monteiro (SP),2012,68.0,75.90888906536848
3516507,Gabriel Monteiro (SP),2013,79.0,77.20811928507617
3516507,Gabriel Monteiro (SP),2014,70.0,68.47495589756771
3516507,Gabriel Monteiro (SP),2015,71.473,74.06867068738431
3516507,Gabriel Monteiro (SP),2016,85.119,83.20962028818848
3516507,Gabriel Monteiro (SP),2017,77.861,80.77612883276907
3516507,Gabriel Monteiro (SP),2018,80.0,79.7396925288819
3516507,Gabriel Monteiro (SP),2019,80.0,75.74333018631681
3516507,Gabriel Monteiro (SP),2020,80.0,80.48178944250725
3516507,Gabriel Monteiro (SP),2021,80.0,78.04280465868736
3516507,Gabriel Monteiro (SP),2022,80.0,79.90284956233832
3516507,Gabriel Monteiro (SP),2023,90.0,84.92288426310577
3516507,Gabriel Monteiro (SP),2024,85.136,81.09605715136254
3516606,Gália (SP),2011,65.0,66.95320074291939
3516804,Gastão Vidigal (SP),2004,85.0,77.98922226864256
3516804,Gastão Vidigal (SP),2006,125.0,97.9041910324392
3516804,Gastão Vidigal (SP),2007,125.0,109.66219406504607
3516804,Gastão Vidigal (SP),2008,95.0,104.0177843923287
3516804,Gastão Vidigal (SP),2009,125.0,87.64787486617394
3516804,Gastão Vidigal (SP),2010,125.0,114.87319100184531
3516804,Gastão Vidigal (SP),2011,125.0,107.56353602165893
3516804,Gastão Vidigal (SP),2012,75.0,80.93988302326838
3516804,Gastão Vidigal (SP),2013,75.0,76.43962036636108
3516804,Gastão Vidigal (SP),2014,60.0,67.75320937031879
3516804,Gastão Vidigal (SP),2015,75.0,72.01982794400877
3516804,Gastão Vidigal (SP),2016,75.0,77.79391883428252
3516804,Gastão Vidigal (SP),2017,75.0,76.369202813099
3516804,Gastão Vidigal (SP),2018,79.444,77.0533363160391
3516804,Gastão Vidigal (SP),2019,83.0,76.1765054024586
3516804,Gastão Vidigal (SP),2020,80.0,80.71201003520079
3516804,Gastão Vidigal (SP),2021,70.0,79.16480358000678
3516804,Gastão Vidigal (SP),2022,82.0,78.17925587289993
3516804,Gastão Vidigal (SP),2023,83.0,85.16997171982018
3516804,Gastão Vidigal (SP),2024,86.0,83.34656241916383
3516853,Gavião Peixoto (SP),2001,70.0,71.09649926363404
3516853,Gavião Peixoto (SP),2002,71.6,74.61763649563737
3516853,Gavião Peixoto (SP),2003,75.0,73.59611915967338
3516853,Gavião Peixoto (SP),2004,75.0,77.3289180440004
3516853,Gavião Peixoto (SP),2005,74.497,75.42052902938201
3516853,Gavião Peixoto (SP),2006,75.0,73.76772397610166
3516853,Gavião Peixoto (SP),2007,80.0,77.93201835568888
3516853,Gavião Peixoto (SP),2008,80.0,82.04780343999683
3516853,Gavião Peixoto (SP),2009,81.404,85.71472974742976
3516853,Gavião Peixoto (SP),2010,85.0,80.13619170841201
3516853,Gavião Peixoto (SP),2011,85.0,83.38528611299932
3516853,Gavião Peixoto (SP),2012,85.0,82.84078332655827
3516853,Gavião Peixoto (SP),2013,85.0,84.80723468222126
3516853,Gavião Peixoto (SP),2014,78.0,76.67820042141847
3516853,Gavião Peixoto (SP),2015,70.0,74.7254467599127
3516853,Gavião Peixoto (SP),2016,90.0,81.06659251146466
3516853,Gavião Peixoto (SP),2017,80.0,86.60471137223286
3516853,Gavião Peixoto (SP),2018,80.0,79.06970007899777
3516853,Gavião Peixoto (SP),2019,82.667,79.90944729307587
3516853,Gavião Peixoto (SP),2020,82.0,81.43254424500286
3516853,Gavião Peixoto (SP),2021,81.0,77.77329288782747
3516853,Gavião Peixoto (SP),2022,78.0,80.3022992642947
3516853,Gavião Peixoto (SP),2023,86.0,79.81689579061428
3516853,Gavião Peixoto (SP),2024,80.0,74.02473025101285
3516903,General Salgado (SP),2001,64.021,70.03132063410204
3516903,General Salgado (SP),2002,78.081,72.30441083452477
3516903,General Salgado (SP),2003,86.278,82.97913754894898
3516903,General Salgado (SP),2004,85.425,85.88484657021816
3516903,General Salgado (SP),2005,85.466,81.42450271175964
3516903,General Salgado (SP),2006,96.41,90.45844093228644
3516903,General Salgado (SP),2007,96.41,95.56863570739266
3516903,General Salgado (SP),2008,82.372,86.34928318476976
3516903,General Salgado (SP),2009,80.0,77.89215488737095
3516903,General Salgado (SP),2010,80.0,78.29215591112872
3516903,General Salgado (SP),2011,80.0,76.39703024021425
3516903,General Salgado (SP),2012,62.998,72.11394097895837
3516903,General Salgado (SP),2013,69.0,71.56851804754825
3516903,General Salgado (SP),2014,69.0,68.7650229002508
3516903,General Salgado (SP),2015,66.3,72.26385149246748
3516903,General Salgado (SP),2016,61.0,68.93141248912383
3516903,General Salgado (SP),2017,65.0,69.0741153224401
3516903,General Salgado (SP),2018,65.0,66.76773422452825
3516903,General Salgado (SP),2019,65.0,68.50918938607252
3516903,General Salgado (SP),2020,65.144,67.40039498764553
3516903,General Salgado (SP),2021,66.5,65.91808453202678
3516903,General Salgado (SP),2022,65.0,66.83139481978806
3516903,General Salgado (SP),2023,65.0,69.77928944557772
3516903,General Salgado (SP),2024,62.0,67.52826145995637
3517000,Getulina (SP),2001,80.0,80.6794293978237
3517000,Getulina (SP),2002,62.215,75.52472268587967
3517000,Getulina (SP),2003,70.666,74.59013431181975
3517000,Getulina (SP),2004,74.969,73.89449370680045
3517000,Getulina (SP),2005,79.272,77.19523151642701
3517000,Getulina (SP),2006,80.0,80.95177103186955
3517000,Getulina (SP),2008,79.81,80.74803606761117
3517000,Getulina (SP),2009,90.0,83.93416520237685
3517000,Getulina (SP),2010,80.0,87.58078584903608
3517000,Getulina (SP),2011,80.0,84.50313476451406
3517000,Getulina (SP),2013,80.0,80.70855119216002
3517000,Getulina (SP),2014,70.0,73.2042171591301
3517000,Getulina (SP),2015,70.0,71.82503216448755
3517000,Getulina (SP),2016,75.0,75.335437418836
3517000,Getulina (SP),2017,69.699,74.13238464011023
3517000,Getulina (SP),2018,75.0,73.09373439783636
3517000,Getulina (SP),2019,75.0,75.69539599182166
3517000,Getulina (SP),2020,75.0,73.5791340264372
3517000,Getulina (SP),2021,75.0,70.3145682912697
3517000,Getulina (SP),2022,70.0,74.85393781940085
3517000,Getulina (SP),2023,70.0,74.05421506339289
3517000,Getulina (SP),2024,75.0,72.54998032901194
3517109,Glicério (SP),2001,75.0,75.96035862495738
3517109,Glicério (SP),2002,80.01,78.25844725898384
3517109,Glicério (SP),2003,64.0,77.7783737249976
3517109,Glicério (SP),2004,75.0,72.81052628436527
3517109,Glicério (SP),2005,79.0,78.88428190411796
3517109,Glicério (SP),2006,85.0,82.39527252831861
3517109,Glicério (SP),2007,85.0,85.13717835543106
3517109,Glicério (SP),2008,95.0,81.32213261040823
3517109,Glicério (SP),2009,95.0,96.94106593911201
3517109,Glicério (SP),2010,83.0,88.23618466469347
3517109,Glicério (SP),2011,83.0,81.8878039652448
3517109,Glicério (SP),2012,85.0,81.9776172175047
3517109,Glicério (SP),2013,85.0,85.01567056813687
3517109,Glicério (SP),2014,65.43,67.9606281131022
3517109,Glicério (SP),2015,71.36,63.38781721380501
3517109,Glicério (SP),2016,90.03,83.80822840516925
3517109,Glicério (SP),2017,72.84,80.01641405573548
3517109,Glicério (SP),2018,72.84,73.32110389714062
3517109,Glicério (SP),2019,80.0,77.6056760481443
3517109,Glicério (SP),2020,80.0,77.37099680466679
3517109,Glicério (SP),2021,70.0,73.46143146676935
3517109,Glicério (SP),2022,75.0,77.14737112825149
3517109,Glicério (SP),2023,80.0,80.92753461937227
3517109,Glicério (SP),2024,80.0,79.19992747935359
3517208,Guaiçara (SP),2001,70.0,73.37094804736131
3517208,Guaiçara (SP),2002,71.326,73.42013877397798
3517208,Guaiçara (SP),2003,110.234,83.40989898169731
3517208,Guaiçara (SP),2004,76.48,85.71305480949266
3517208,Guaiçara (SP),2005,75.98,77.87745230248635
3517208,Guaiçara (SP),2006,76.0,78.60685203278804
3517208,Guaiçara (SP),2008,70.0,76.20622921641205
3517208,Guaiçara (SP),2009,100.0,82.73152061695193
3517208,Guaiçara (SP),2010,80.0,89.57983916688046
3517208,Guaiçara (SP),2011,80.0,79.6664989738903
3517208,Guaiçara (SP),2013,80.0,80.20723204585408
3517208,Guaiçara (SP),2014,80.0,67.14371759377427
3517208,Guaiçara (SP),2015,70.0,75.11938323577093
3517208,Guaiçara (SP),2016,90.0,77.88031769080207
3517208,Guaiçara (SP),2017,75.0,80.20747155466707
3517208,Guaiçara (SP),2018,70.0,74.34657264183174
3517208,Guaiçara (SP),2019,65.0,70.24680933260576
3517208,Guaiçara (SP),2020,70.0,70.07056400471109
3517208,Guaiçara (SP),2021,70.0,70.753939747989
3517208,Guaiçara (SP),2022,70.0,77.08411495690827
3517208,Guaiçara (SP),2023,75.0,80.58686162785902
3517208,Guaiçara (SP),2024,78.0,73.70923387988014
3517307,Guaimbê (SP),2008,80.0,84.62756133440813
3517307,Guaimbê (SP),2009,100.0,87.08283267756501
3517307,Guaimbê (SP),2010,100.0,91.17379691872033
3517307,Guaimbê (SP),2011,100.0,97.76957902604642
3517307,Guaimbê (SP),2013,100.0,95.99663389384845
3517307,Guaimbê (SP),2014,50.0,71.82341769721067
3517307,Guaimbê (SP),2015,60.0,61.77342231500202
3517307,Guaimbê (SP),2016,60.0,70.16678653352206
3517307,Guaimbê (SP),2017,52.0,61.8213580878687
3517307,Guaimbê (SP),2018,55.0,66.78133036487985
3517307,Guaimbê (SP),2019,55.0,62.277882088146555
3517307,Guaimbê (SP),2020,55.0,67.75011887345987
3517307,Guaimbê (SP),2021,65.0,60.85613716688172
3517307,Guaimbê (SP),2022,70.0,69.72205851756978
3517307,Guaimbê (SP),2023,70.0,72.47982767655203
3517307,Guaimbê (SP),2024,60.0,72.03898539066013
3517406,Guaíra (SP),2001,80.0,91.55806984665601
3517406,Guaíra (SP),2002,100.377,88.35989741904828
3517406,Guaíra (SP),2003,110.0,98.88512735132241
3517406,Guaíra (SP),2004,100.0,99.41202471315948
3517406,Guaíra (SP),2005,102.0,96.30681011552699
3517406,Guaíra (SP),2006,95.0,97.39270126852556
3517406,Guaíra (SP),2007,100.0,95.4628175693982
3517406,Guaíra (SP),2008,92.727,94.17246604264372
3517406,Guaíra (SP),2009,87.719,87.07210247524931
3517406,Guaíra (SP),2010,100.0,94.22394949727921
3517406,Guaíra (SP),2011,90.0,94.32287760939862
3517406,Guaíra (SP),2012,80.0,83.65806295682056
3517406,Guaíra (SP),2013,90.0,84.85275186897863
3517406,Guaíra (SP),2014,85.0,84.324305577336
3517406,Guaíra (SP),2015,85.0,83.32085414456952
3517406,Guaíra (SP),2016,85.0,84.0128886635719
3517406,Guaíra (SP),2017,85.0,84.43092373889793
3517406,Guaíra (SP),2018,85.0,83.93626514260478
3517406,Guaíra (SP),2019,85.0,84.96804318750732
3517406,Guaíra (SP),2020,85.0,86.8186220544728
3517406,Guaíra (SP),2021,80.0,76.53705580369633
3517406,Guaíra (SP),2022,85.0,82.40616277433233
3517406,Guaíra (SP),2023,85.0,85.11220215907261
3517406,Guaíra (SP),2024,82.0,81.93200562560354
3517505,Guapiaçu (SP),2001,80.0,77.27252666355712
3517505,Guapiaçu (SP),2002,71.002,75.95404582791986
3517505,Guapiaçu (SP),2003,71.0,76.92482887574452
3517505,Guapiaçu (SP),2004,71.0,78.20849857739422
3517505,Guapiaçu (SP),2005,69.539,74.56692514800781
3517505,Guapiaçu (SP),2006,90.0,80.22745071780729
3517505,Guapiaçu (SP),2007,90.0,88.83901894773766
3517505,Guapiaçu (SP),2008,90.0,87.48411351444
3517505,Guapiaçu (SP),2009,90.0,89.7019659003439
3517505,Guapiaçu (SP),2010,90.0,89.83423996396974
3517505,Guapiaçu (SP),2011,90.0,89.14464793627019
3517505,Guapiaçu (SP),2012,90.0,85.78844309413654
3517505,Guapiaçu (SP),2013,85.0,85.60673897790873
3517505,Guapiaçu (SP),2014,70.16,72.55947928818408
3517505,Guapiaçu (SP),2015,80.0,77.67841626125012
3517505,Guapiaçu (SP),2016,80.0,83.94504891149565
3517505,Guapiaçu (SP),2017,80.0,80.8907203876417
3517505,Guapiaçu (SP),2018,80.0,79.54634784769006
3517505,Guapiaçu (SP),2019,80.0,75.96806244943944
3517505,Guapiaçu (SP),2020,80.0,78.76468743462736
3517505,Guapiaçu (SP),2021,70.0,72.26500550227715
3517505,Guapiaçu (SP),2022,80.0,78.23345382265866
3517505,Guapiaçu (SP),2023,80.0,82.07009628932286
3517505,Guapiaçu (SP),2024,75.0,77.9133348285742
3517703,Guará (SP),2001,80.0,78.161427219874
3517703,Guará (SP),2002,80.0,86.42922084284865
3517703,Guará (SP),2003,88.0,84.57244080672706
3517703,Guará (SP),2004,80.0,85.08347361872566
3517703,Guará (SP),2005,82.132,81.76810098557408
3517703,Guará (SP),2006,80.0,82.04598677765229
3517703,Guará (SP),2007,80.0,82.00179667376712
3517703,Guará (SP),2008,85.0,83.62419636653472
3517703,Guará (SP),2009,85.0,84.91821180455378
3517703,Guará (SP),2010,85.0,85.17967020928211
3517703,Guará (SP),2011,85.0,84.16013314121989
3517703,Guará (SP),2012,85.0,84.20498048455421
3517703,Guará (SP),2013,85.0,84.6417434419552
3517703,Guará (SP),2014,85.0,76.22271624447774
3517703,Guará (SP),2015,80.0,83.03436779835893
3517703,Guará (SP),2016,80.0,80.89048986786491
3517703,Guará (SP),2017,80.0,79.8256441057727
3517703,Guará (SP),2018,80.026,80.4909214690793
3517703,Guará (SP),2019,80.0,75.92825964271948
3517703,Guará (SP),2020,80.0,80.92543474152166
3517703,Guará (SP),2021,63.0,69.76733516215158
3517703,Guará (SP),2022,65.0,68.66080063605953
3517703,Guará (SP),2023,75.0,74.48289762358608
3517703,Guará (SP),2024,80.0,79.3162063438949
3517802,Guaraçaí (SP),2001,100.0,88.1650926942713
3517802,Guaraçaí (SP),2002,99.94,94.15824995213374
3517802,Guaraçaí (SP),2003,100.0,97.42152973251964
3517802,Guaraçaí (SP),2004,100.0,96.27536629316663
3517802,Guaraçaí (SP),2005,83.68,85.94165929674493
3517802,Guaraçaí (SP),2006,90.0,85.2306984499457
3517802,Guaraçaí (SP),2007,90.0,89.64382999268705
3517802,Guaraçaí (SP),2008,90.0,89.98403594577366
3517802,Guaraçaí (SP),2009,90.0,88.98644977323275
3517802,Guaraçaí (SP),2010,90.0,90.06335618402537
3517802,Guaraçaí (SP),2011,90.0,88.0998039479277
3517802,Guaraçaí (SP),2012,70.0,78.26554831193319
3517802,Guaraçaí (SP),2013,70.0,72.2526533349831
3517802,Guaraçaí (SP),2014,70.0,68.669382637213
3517802,Guaraçaí (SP),2015,70.0,72.5679176047885
3517802,Guaraçaí (SP),2016,70.0,71.77899343465708
3517802,Guaraçaí (SP),2017,70.0,69.89079798720424
3517802,Guaraçaí (SP),2018,70.0,71.67102626454445
3517802,Guaraçaí (SP),2019,70.0,71.87442897172566
3517802,Guaraçaí (SP),2020,70.0,70.90795824960747
3517802,Guaraçaí (SP),2021,70.0,68.3312975103622
3517802,Guaraçaí (SP),2022,70.0,71.29436555425067
3517802,Guaraçaí (SP),2023,60.0,69.95380715676973
3517802,Guaraçaí (SP),2024,70.0,70.39462526996927
3517901,Guaraci (SP),2001,95.0,75.50561940509546
3517901,Guaraci (SP),2002,75.0,84.28365902972484
3517901,Guaraci (SP),2003,75.0,77.12415738825729
3517901,Guaraci (SP),2004,75.0,75.2708143609749
3517901,Guaraci (SP),2005,74.508,77.52937716140092
3517901,Guaraci (SP),2006,85.0,79.69279395795952
3517901,Guaraci (SP),2007,85.0,85.16356430400685
3517901,Guaraci (SP),2008,85.0,84.4698910468821
3517901,Guaraci (SP),2009,85.0,82.44733182700813
3517901,Guaraci (SP),2010,85.0,85.40423808316434
3517901,Guaraci (SP),2011,85.0,81.31940483554375
3517901,Guaraci (SP),2012,70.0,76.97033888951474
3517901,Guaraci (SP),2013,68.0,77.39064254558826
3517901,Guaraci (SP),2014,75.0,72.14281566580595
3517901,Guaraci (SP),2015,75.0,76.36373929888333
3517901,Guaraci (SP),2016,90.0,82.34475883619854
3517901,Guaraci (SP),2017,90.0,90.14211477308207
3517901,Guaraci (SP),2018,80.0,82.49619184931646
3517901,Guaraci (SP),2019,80.0,79.67845993750733
3517901,Guaraci (SP),2020,83.333,80.51138707739975
3517901,Guaraci (SP),2021,78.0,77.8209597827173
3517901,Guaraci (SP),2022,81.111,80.03212996146122
3517901,Guaraci (SP),2023,80.37,81.92696918450463
3517901,Guaraci (SP),2024,80.494,80.0910583178818
3518008,Guarani d'Oeste (SP),2001,75.0,74.87110015829431
3518008,Guarani d'Oeste (SP),2002,60.0,77.76409586851538
3518008,Guarani d'Oeste (SP),2003,65.003,86.94910159204554
3518008,Guarani d'Oeste (SP),2004,100.0,83.46542045993277
3518008,Guarani d'Oeste (SP),2005,119.2,99.71578710173631
3518008,Guarani d'Oeste (SP),2006,100.0,105.17224822276336
3518008,Guarani d'Oeste (SP),2007,80.0,89.87707796662926
3518008,Guarani d'Oeste (SP),2008,100.0,90.20661018466546
3518008,Guarani d'Oeste (SP),2009,110.0,103.12807210743019
3518008,Guarani d'Oeste (SP),2010,93.023,97.90842925067327
3518008,Guarani d'Oeste (SP),2011,80.0,89.72999667584982
3518008,Guarani d'Oeste (SP),2012,75.0,82.28943230770015
3518008,Guarani d'Oeste (SP),2013,75.0,76.12338858098909
3518008,Guarani d'Oeste (SP),2014,80.0,74.542895398094
3518008,Guarani d'Oeste (SP),2015,80.0,86.08896295842376
3518008,Guarani d'Oeste (SP),2016,80.0,80.90494618977623
3518008,Guarani d'Oeste (SP),2017,80.0,78.1697153767152
3518008,Guarani d'Oeste (SP),2018,80.0,76.97197031056913
3518008,Guarani d'Oeste (SP),2019,72.0,80.1594747378432
3518008,Guarani d'Oeste (SP),2020,80.0,76.49911411573723
3518008,Guarani d'Oeste (SP),2021,64.0,72.28968926276501
3518008,Guarani d'Oeste (SP),2022,80.0,75.46328059696638
3518008,Guarani d'Oeste (SP),2023,80.0,83.04746718036857
3518008,Guarani d'Oeste (SP),2024,80.0,78.35075414445338
3518107,Guarantã (SP),2007,70.0,78.96808632420647
3518107,Guarantã (SP),2008,80.0,72.20337228820476
3518107,Guarantã (SP),2009,120.0,90.22052796013868
3518107,Guarantã (SP),2010,80.0,107.47147520231158
3518107,Guarantã (SP),2011,80.0,78.34769108250428
3518107,Guarantã (SP),2012,80.0,78.77205454030694
3518107,Guarantã (SP),2013,75.0,77.72316255306978
3518107,Guarantã (SP),2014,70.0,68.80811458235269
3518107,Guarantã (SP),2015,60.0,70.58836681215607
3518107,Guarantã (SP),2016,60.0,66.67584744739898
3518107,Guarantã (SP),2017,60.0,63.86070570247723
3518107,Guarantã (SP),2018,60.0,70.74950242325383
3518107,Guarantã (SP),2019,70.0,71.01584091986182
3518107,Guarantã (SP),2020,70.0,70.57131529643998
3518107,Guarantã (SP),2021,79.0,68.42783037028252
3518107,Guarantã (SP),2022,70.0,76.82245557296076
3518107,Guarantã (SP),2023,60.0,78.35243694321174
3518107,Guarantã (SP),2024,60.0,65.09282073146612
3518206,Guararapes (SP),2001,81.838,83.09208060846582
3518206,Guararapes (SP),2002,79.733,80.99559304052897
3518206,Guararapes (SP),2003,79.995,79.8740232193188
3518206,Guararapes (SP),2004,80.0,81.40509361843272
3518206,Guararapes (SP),2005,85.875,82.97267123640746
3518206,Guararapes (SP),2006,90.0,85.91801492611941
3518206,Guararapes (SP),2007,90.0,89.32100570930203
3518206,Guararapes (SP),2008,90.0,86.72773190373111
3518206,Guararapes (SP),2009,90.0,97.42373985297347
3518206,Guararapes (SP),2010,90.0,92.17416655022778
3518206,Guararapes (SP),2011,80.0,83.86514949982276
3518206,Guararapes (SP),2012,85.0,81.59207410918575
3518206,Guararapes (SP),2013,77.002,83.17477250405086
3518206,Guararapes (SP),2014,75.0,69.22725554967252
3518206,Guararapes (SP),2015,70.0,75.04018756083549
3518206,Guararapes (SP),2016,70.0,77.10590496801021
3518206,Guararapes (SP),2017,68.0,70.38552145453556
3518206,Guararapes (SP),2018,70.017,67.21997816711855
3518206,Guararapes (SP),2019,70.0,71.23097201852616
3518206,Guararapes (SP),2020,75.0,71.36822809277899
3518206,Guararapes (SP),2021,75.0,74.20028982466174
3518206,Guararapes (SP),2022,70.0,76.14134129027344
3518206,Guararapes (SP),2023,66.667,75.89789415073076
3518206,Guararapes (SP),2024,70.0,69.48284687042118
3518305,Guararema (SP),2017,120.0,58.88481345329832
3518305,Guararema (SP),2018,50.0,86.1593757829879
3518305,Guararema (SP),2019,50.0,48.7060904235348
3518305,Guararema (SP),2020,50.0,50.4398248918165
3518305,Guararema (SP),2021,50.0,53.25123418681321
3518305,Guararema (SP),2022,50.0,50.091981946422855
3518305,Guararema (SP),2023,50.0,48.557887084999166
3518305,Guararema (SP),2024,50.0,50.76981733184954
3518404,Guaratinguetá (SP),2023,22.125,55.959128279442766
3518404,Guaratinguetá (SP),2024,22.125,30.038853369436133
3518503,Guareí (SP),2002,98.266,87.71501895692646
3518503,Guareí (SP),2003,82.286,82.89844404965079
3518503,Guareí (SP),2004,82.3,82.61975890391997
3518503,Guareí (SP),2005,74.497,76.24486608703795
3518503,Guareí (SP),2006,76.0,75.97253916293664
3518503,Guareí (SP),2007,95.0,87.1879199115585
3518503,Guareí (SP),2008,100.0,91.09495073529575
3518503,Guareí (SP),2009,71.428,88.43040605735932
3518503,Guareí (SP),2010,95.625,83.73968482370414
3518503,Guareí (SP),2011,71.0,83.22707350594308
3518503,Guareí (SP),2012,80.0,74.79634299241626
3518503,Guareí (SP),2013,75.349,77.87325146547956
3518503,Guareí (SP),2014,70.0,73.33878367236508
3518503,Guareí (SP),2015,80.0,77.53710988208552
3518503,Guareí (SP),2016,65.0,69.21647775038805
3518503,Guareí (SP),2017,80.0,75.59015905300934
3518503,Guareí (SP),2018,80.0,79.30568657077953
3518503,Guareí (SP),2019,80.0,79.60995505771793
3518503,Guareí (SP),2020,80.0,80.18394090449158
3518503,Guareí (SP),2021,70.0,70.32238032284378
3518503,Guareí (SP),2022,80.0,77.63660499436877
3518503,Guareí (SP),2023,80.0,79.93099912233052
3518503,Guareí (SP),2024,80.0,78.69443783038278
3518602,Guariba (SP),2001,80.0,76.53282961868824
3518602,Guariba (SP),2002,90.0,82.43861297735148
3518602,Guariba (SP),2003,90.0,89.62202678198373
3518602,Guariba (SP),2004,90.0,89.07921074749181
3518602,Guariba (SP),2005,92.413,90.33438606120598
3518602,Guariba (SP),2006,80.0,87.19243140905131
3518602,Guariba (SP),2007,90.0,81.6019834268791
3518602,Guariba (SP),2008,90.0,89.34861251752564
3518602,Guariba (SP),2009,90.0,87.6652574176155
3518602,Guariba (SP),2010,90.0,92.22021918057511
3518602,Guariba (SP),2011,85.0,86.66392186621228
3518602,Guariba (SP),2012,85.644,79.92725742158002
3518602,Guariba (SP),2013,85.644,85.30777993851662
3518602,Guariba (SP),2014,85.0,76.84903062168752
3518602,Guariba (SP),2015,85.0,85.7454298285136
3518602,Guariba (SP),2016,85.0,84.25341840695886
3518602,Guariba (SP),2017,85.0,84.45644377183324
3518602,Guariba (SP),2018,85.0,84.92124616671546
3518602,Guariba (SP),2019,85.0,84.64202386336788
3518602,Guariba (SP),2020,90.0,86.95931188717493
3518602,Guariba (SP),2021,85.0,82.31348227022978
3518602,Guariba (SP),2022,85.0,85.36130935614457
3518602,Guariba (SP),2023,87.0,84.7810808638818
3518602,Guariba (SP),2024,82.0,81.07471412826759
3518859,Guatapará (SP),2001,80.0,81.94635209556313
3518859,Guatapará (SP),2002,80.0,82.05532075442328
3518859,Guatapará (SP),2003,80.0,80.57851374818182
3518859,Guatapará (SP),2004,80.0,80.15707458160315
3518859,Guatapará (SP),2005,82.149,81.39189739329245
3518859,Guatapará (SP),2006,80.0,81.11606259688295
3518859,Guatapará (SP),2007,80.0,81.60183506732514
3518859,Guatapará (SP),2008,90.0,84.5960136938076
3518859,Guatapará (SP),2009,80.0,86.8659389017817
3518859,Guatapará (SP),2010,80.001,84.10155193444265
3518859,Guatapará (SP),2011,73.001,78.06771716738909
3518859,Guatapará (SP),2012,73.0,74.5856898364334
3518859,Guatapará (SP),2013,73.033,76.02070922287025
3518859,Guatapará (SP),2014,74.1,73.47529506687964
3518859,Guatapará (SP),2015,73.001,74.48532170555588
3518859,Guatapará (SP),2016,73.001,77.7812937204219
3518859,Guatapará (SP),2017,73.001,74.21248800635406
3518859,Guatapará (SP),2018,73.001,73.96056031544094
3518859,Guatapará (SP),2019,73.001,73.97699737332636
3518859,Guatapará (SP),2020,73.001,74.67860444915688
3518859,Guatapará (SP),2021,73.001,71.97282344708063
3518859,Guatapará (SP),2022,73.001,73.89532477807573
3518859,Guatapará (SP),2023,73.001,74.81942163621983
3518859,Guatapará (SP),2024,54.75,73.2370900902298
3518909,Guzolândia (SP),2001,65.0,68.6668153976497
3518909,Guzolândia (SP),2002,53.148,69.6222809211437
3518909,Guzolândia (SP),2003,104.109,91.82073699426621
3518909,Guzolândia (SP),2004,98.274,89.84050423992541
3518909,Guzolândia (SP),2005,90.067,87.25238602436254
3518909,Guzolândia (SP),2006,100.0,88.27498909786344
3518909,Guzolândia (SP),2007,70.026,100.78466930549084
3518909,Guzolândia (SP),2008,87.816,79.11643625227825
3518909,Guzolândia (SP),2009,78.356,82.66061742519103
3518909,Guzolândia (SP),2010,70.0,76.3700761257077
3518909,Guzolândia (SP),2011,70.0,75.88535690405952
3518909,Guzolândia (SP),2012,47.063,63.805322177041745
3518909,Guzolândia (SP),2013,60.0,61.467822856254145
3518909,Guzolândia (SP),2014,70.0,69.50967796611235
3518909,Guzolândia (SP),2015,66.36,72.50770333068057
3518909,Guzolândia (SP),2016,72.0,69.0670711787044
3518909,Guzolândia (SP),2017,72.0,75.40755831226215
3518909,Guzolândia (SP),2018,72.0,70.8592536109557
3518909,Guzolândia (SP),2019,65.0,70.66450409413149
3518909,Guzolândia (SP),2020,70.0,67.88287067723044
3518909,Guzolândia (SP),2021,66.5,67.60607860743421
3518909,Guzolândia (SP),2022,60.0,65.89870876753872
3518909,Guzolândia (SP),2023,72.0,69.67209007218378
3518909,Guzolândia (SP),2024,68.5,71.19759413081394
3519006,Herculândia (SP),2005,98.738,76.63226335203703
3519006,Herculândia (SP),2006,40.0,76.05441354915087
3519006,Herculândia (SP),2007,80.0,73.84973569437507
3519006,Herculândia (SP),2008,90.0,84.83511789206804
3519006,Herculândia (SP),2009,90.0,94.41042310216655
3519006,Herculândia (SP),2010,80.0,86.19637213845395
3519006,Herculândia (SP),2011,85.0,80.13663117679518
3519006,Herculândia (SP),2012,85.0,82.67887069244846
3519006,Herculândia (SP),2013,80.0,83.88319934896319
3519006,Herculândia (SP),2014,80.0,77.64362187123257
3519006,Herculândia (SP),2015,75.0,76.35518013882944
3519006,Herculândia (SP),2016,75.0,78.79408302247437
3519006,Herculândia (SP),2017,80.0,76.97773449352572
3519006,Herculândia (SP),2018,80.0,80.00920886833323
3519006,Herculândia (SP),2019,75.0,75.5884607450324
3519006,Herculândia (SP),2020,76.667,71.21188775653147
3519006,Herculândia (SP),2021,60.0,67.75772666950861
3519006,Herculândia (SP),2022,72.5,70.26496274098389
3519006,Herculândia (SP),2023,75.0,76.02273603570109
3519006,Herculândia (SP),2024,55.0,61.50787707323232
3519055,Holambra (SP),2002,80.0,81.37677133048314
3519055,Holambra (SP),2003,100.0,78.95829888596236
3519055,Holambra (SP),2004,100.0,98.29801949127587
3519055,Holambra (SP),2005,99.329,97.66354058655587
3519055,Holambra (SP),2006,100.0,92.55410505326327
3519055,Holambra (SP),2007,100.0,94.36559757790833
3519055,Holambra (SP),2008,110.0,100.13570536792388
3519055,Holambra (SP),2009,110.0,105.79153850277974
3519055,Holambra (SP),2010,52.0,74.1729718779281
3519055,Holambra (SP),2011,100.0,85.19110073789805
3519055,Holambra (SP),2012,85.0,86.41151146418744
3519055,Holambra (SP),2013,85.0,83.85498452687445
3519055,Holambra (SP),2014,60.0,73.57987516493228
3519055,Holambra (SP),2015,60.0,63.62014033641751
3519055,Holambra (SP),2016,130.0,64.36982929123714
3519055,Holambra (SP),2017,130.0,119.43435665627676
3519055,Holambra (SP),2018,130.0,123.9376930448604
3519055,Holambra (SP),2019,130.0,124.01678774088404
3519055,Holambra (SP),2020,130.0,124.74291409001411
3519055,Holambra (SP),2021,130.0,118.77712820426792
3519055,Holambra (SP),2022,130.0,125.98647786593962
3519055,Holambra (SP),2023,130.0,117.82457164771665
3519055,Holambra (SP),2024,130.0,118.46297146808747
3519071,Hortolândia (SP),2002,60.0,66.3038186011418
3519071,Hortolândia (SP),2003,60.0,60.20476835412078
3519071,Hortolândia (SP),2004,60.0,61.58496986275105
3519071,Hortolândia (SP),2005,59.598,60.304922606778355
3519071,Hortolândia (SP),2006,60.0,64.78942161439878
3519071,Hortolândia (SP),2007,60.0,63.12367577460214
3519071,Hortolândia (SP),2008,60.0,61.57643835153397
3519071,Hortolândia (SP),2009,60.0,69.55729056170257
3519071,Hortolândia (SP),2011,60.0,62.99091337429234
3519071,Hortolândia (SP),2012,60.0,62.83001136062419
3519071,Hortolândia (SP),2013,60.0,62.47572637130588
3519071,Hortolândia (SP),2014,83.333,71.40929405790041
3519105,Iacanga (SP),2001,70.0,71.04596386271686
3519105,Iacanga (SP),2002,70.0,74.18010431843321
3519105,Iacanga (SP),2003,70.0,70.74538829210242
3519105,Iacanga (SP),2004,70.0,74.17884961417866
3519105,Iacanga (SP),2005,69.53,71.80937824418243
3519105,Iacanga (SP),2006,85.0,77.16023956316508
3519105,Iacanga (SP),2007,105.844,90.01675108091662
3519105,Iacanga (SP),2008,80.0,88.91092915621512
3519105,Iacanga (SP),2009,80.0,82.59972476739974
3519105,Iacanga (SP),2010,80.0,79.83720099146905
3519105,Iacanga (SP),2011,81.3,80.35932058289976
3519105,Iacanga (SP),2012,81.3,80.59198396786549
3519105,Iacanga (SP),2013,81.3,80.81047657048599
3519105,Iacanga (SP),2014,76.798,74.5081305696591
3519105,Iacanga (SP),2015,76.798,76.52636502371762
3519105,Iacanga (SP),2016,80.0,79.05252763928728
3519105,Iacanga (SP),2017,85.0,80.70208595357062
3519105,Iacanga (SP),2018,80.0,82.41454277606326
3519105,Iacanga (SP),2019,80.0,78.89485821727108
3519105,Iacanga (SP),2020,80.0,77.4161242386882
3519105,Iacanga (SP),2021,80.0,76.78299481549001
3519105,Iacanga (SP),2022,80.0,79.34133391119663
3519105,Iacanga (SP),2023,80.0,79.97007239676982
3519105,Iacanga (SP),2024,70.0,72.02670876429002
3519204,Iacri (SP),2001,55.343,65.3037435653775
3519204,Iacri (SP),2002,98.628,76.76527268292003
3519204,Iacri (SP),2003,72.28,93.28851644000635
3519204,Iacri (SP),2004,78.668,77.38178644897393
3519204,Iacri (SP),2005,91.762,86.80498112801993
3519204,Iacri (SP),2006,70.0,81.25879188693582
3519204,Iacri (SP),2007,70.0,71.36759774188677
3519204,Iacri (SP),2008,80.0,72.39322760294152
3519204,Iacri (SP),2009,80.0,83.79438417844221
3519204,Iacri (SP),2010,80.0,80.07371916629666
3519204,Iacri (SP),2011,70.0,77.62198257097089
3519204,Iacri (SP),2012,70.0,71.13767027328589
3519204,Iacri (SP),2013,70.0,73.08735423641843
3519204,Iacri (SP),2014,70.0,67.63574246890212
3519204,Iacri (SP),2015,75.0,72.35709241258604
3519204,Iacri (SP),2016,75.0,78.87817529959038
3519204,Iacri (SP),2017,68.0,74.29311489052292
3519204,Iacri (SP),2018,70.0,70.32361782070089
3519204,Iacri (SP),2019,61.0,67.47372150212327
3519204,Iacri (SP),2020,69.8,71.95314893079109
3519204,Iacri (SP),2021,65.0,66.26720875664921
3519204,Iacri (SP),2022,72.0,69.465625401001
3519204,Iacri (SP),2023,86.5,79.20596460242572
3519204,Iacri (SP),2024,58.0,65.8733366444805
3519253,Iaras (SP),2007,75.0,78.84638803131973
3519253,Iaras (SP),2008,75.0,75.97997143322938
3519253,Iaras (SP),2009,75.0,76.72811748503638
3519253,Iaras (SP),2010,120.0,75.77946773185305
3519253,Iaras (SP),2011,100.0,104.56564794579033
3519253,Iaras (SP),2012,100.0,91.5871452336977
3519253,Iaras (SP),2013,100.0,94.76624877121623
3519253,Iaras (SP),2014,100.0,89.81338716817358
3519253,Iaras (SP),2015,100.0,94.81334833773795
3519253,Iaras (SP),2016,70.0,83.65946044058475
3519253,Iaras (SP),2017,70.0,72.02297334684063
3519253,Iaras (SP),2018,70.0,72.45597281595579
3519253,Iaras (SP),2019,70.0,71.09768903643631
3519253,Iaras (SP),2020,68.0,67.98309645255337
3519253,Iaras (SP),2021,63.0,68.49176228662085
3519253,Iaras (SP),2022,65.0,68.090982659309
3519253,Iaras (SP),2023,85.0,74.1985164425192
3519253,Iaras (SP),2024,70.0,78.36371407853953
3519303,Ibaté (SP),2001,80.0,79.57710664896325
3519303,Ibaté (SP),2002,93.0,84.35385469089584
3519303,Ibaté (SP),2003,83.553,87.52339179365873
3519303,Ibaté (SP),2004,83.553,82.90833470368793
3519303,Ibaté (SP),2005,85.788,81.6411383014923
3519303,Ibaté (SP),2006,84.0,82.99306874946944
3519303,Ibaté (SP),2007,84.0,83.94294833803484
3519303,Ibaté (SP),2008,84.0,84.25314545555507
3519303,Ibaté (SP),2009,84.2,82.45637111353491
3519303,Ibaté (SP),2010,84.2,84.13781910231529
3519303,Ibaté (SP),2011,89.714,86.05549443988544
3519303,Ibaté (SP),2012,92.973,87.82585957303263
3519303,Ibaté (SP),2013,80.0,85.03972985663351
3519303,Ibaté (SP),2014,60.079,67.23764461454358
3519303,Ibaté (SP),2015,70.0,74.27888047763075
3519303,Ibaté (SP),2016,82.0,79.05369115419494
3519303,Ibaté (SP),2017,85.0,81.04502891220818
3519303,Ibaté (SP),2018,85.0,84.12521252286699
3519303,Ibaté (SP),2019,85.0,84.52795411173267
3519303,Ibaté (SP),2020,85.0,85.39417001251857
3519303,Ibaté (SP),2021,85.0,81.36365171484073
3519303,Ibaté (SP),2022,68.0,82.14396934554284
3519303,Ibaté (SP),2023,80.0,75.34021800808377
3519303,Ibaté (SP),2024,78.571,75.50806342818296
3519402,Ibirá (SP),2001,75.0,73.20914059904885
3519402,Ibirá (SP),2002,75.0,77.3265962081871
3519402,Ibirá (SP),2003,100.0,84.9765611840727
3519402,Ibirá (SP),2004,75.0,85.0029319811406
3519402,Ibirá (SP),2005,79.463,79.19134753300025
3519402,Ibirá (SP),2006,110.0,90.3028005170947
3519402,Ibirá (SP),2007,80.0,104.83720846692194
3519402,Ibirá (SP),2008,100.0,85.75307439879936
3519402,Ibirá (SP),2009,100.0,97.03996662446266
3519402,Ibirá (SP),2010,100.0,95.5730331880064
3519402,Ibirá (SP),2011,100.0,95.74162361693126
3519402,Ibirá (SP),2012,80.0,83.1271813041858
3519402,Ibirá (SP),2013,90.0,80.9099260746148
3519402,Ibirá (SP),2014,80.0,75.40033247928379
3519402,Ibirá (SP),2015,80.0,82.50442957576189
3519402,Ibirá (SP),2016,80.0,84.76651961118388
3519402,Ibirá (SP),2017,80.0,81.43412329077472
3519402,Ibirá (SP),2018,80.0,79.87616094584234
3519402,Ibirá (SP),2019,65.0,72.46564345020369
3519402,Ibirá (SP),2020,80.0,75.97709567521748
3519402,Ibirá (SP),2021,80.0,73.66227358476246
3519402,Ibirá (SP),2022,80.0,82.17488913088744
3519402,Ibirá (SP),2023,80.0,81.58014120802164
3519402,Ibirá (SP),2024,80.0,78.50650566921965
3519501,Ibirarema (SP),2001,80.0,78.18530067614799
3519501,Ibirarema (SP),2002,80.0,77.52475109445928
3519501,Ibirarema (SP),2003,85.624,82.27811671228338
3519501,Ibirarema (SP),2004,85.0,82.10800107786764
3519501,Ibirarema (SP),2005,84.44,84.34734794136722
3519501,Ibirarema (SP),2006,78.0,82.01975829893769
3519501,Ibirarema (SP),2007,90.0,85.4234860856667
3519501,Ibirarema (SP),2008,85.0,86.1140579008026
3519501,Ibirarema (SP),2009,91.0,85.53266023127635
3519501,Ibirarema (SP),2010,83.699,87.64496563567216
3519501,Ibirarema (SP),2011,72.25,75.84057177864092
3519501,Ibirarema (SP),2012,65.0,69.98389274004124
3519501,Ibirarema (SP),2013,65.0,66.97837332748705
3519501,Ibirarema (SP),2014,65.0,67.82849233149274
3519501,Ibirarema (SP),2015,65.0,69.12753717353753
3519501,Ibirarema (SP),2016,65.0,72.0672577828255
3519501,Ibirarema (SP),2017,100.0,84.53928464273642
3519501,Ibirarema (SP),2018,85.0,90.69329015291697
3519501,Ibirarema (SP),2019,85.0,83.4153956242108
3519501,Ibirarema (SP),2020,75.0,82.44118256249266
3519501,Ibirarema (SP),2021,35.0,62.90121209486978
3519501,Ibirarema (SP),2022,85.0,72.67417046972857
3519501,Ibirarema (SP),2023,85.0,84.73005353009479
3519501,Ibirarema (SP),2024,65.0,78.34300045806967
3519600,Ibitinga (SP),2001,60.0,68.93222350170582
3519600,Ibitinga (SP),2002,80.0,74.06114896029267
3519600,Ibitinga (SP),2003,100.0,87.73155512241742
3519600,Ibitinga (SP),2004,100.0,95.00789914187884
3519600,Ibitinga (SP),2005,79.475,86.01275905405963
3519600,Ibitinga (SP),2006,100.0,85.46530886281029
3519600,Ibitinga (SP),2007,80.0,88.4483145488182
3519600,Ibitinga (SP),2008,85.0,81.9837759816452
3519600,Ibitinga (SP),2009,85.0,84.7672022601285
3519600,Ibitinga (SP),2010,110.0,83.59447753467356
3519600,Ibitinga (SP),2011,110.0,100.92894317600779
3519600,Ibitinga (SP),2012,100.0,87.20209825846705
3519600,Ibitinga (SP),2013,100.0,95.04805481629644
3519600,Ibitinga (SP),2014,83.0,80.24911020579239
3519600,Ibitinga (SP),2015,85.0,82.64321745934511
3519600,Ibitinga (SP),2016,95.0,82.89887509623024
3519600,Ibitinga (SP),2017,95.0,88.20560430112866
3519600,Ibitinga (SP),2018,85.016,86.29889200412745
3519600,Ibitinga (SP),2019,75.0,80.74247302453131
3519600,Ibitinga (SP),2020,82.0,76.90808007600758
3519600,Ibitinga (SP),2021,70.0,75.54707920646018
3519600,Ibitinga (SP),2022,70.0,71.50013324351606
3519600,Ibitinga (SP),2023,100.0,84.33800532676163
3519600,Ibitinga (SP),2024,70.0,79.72124093098405
3519709,Ibiúna (SP),2001,60.0,64.46550806110552
3519709,Ibiúna (SP),2002,60.0,60.11908291767618
3519709,Ibiúna (SP),2003,60.0,60.124644270681074
3519709,Ibiúna (SP),2004,60.0,62.21036484802442
3519709,Ibiúna (SP),2005,59.595,57.76041777325447
3519709,Ibiúna (SP),2006,59.595,61.640696222421205
3519709,Ibiúna (SP),2008,59.595,62.55121056757901
3519808,Icém (SP),2001,90.002,90.55285911441868
3519808,Icém (SP),2002,90.002,89.06058332732105
3519808,Icém (SP),2003,71.983,88.92828902097331
3519808,Icém (SP),2004,72.727,76.57487740550309
3519808,Icém (SP),2005,89.4,81.39774704624321
3519808,Icém (SP),2006,90.0,93.16458051433942
3519808,Icém (SP),2007,90.0,89.71413588951174
3519808,Icém (SP),2008,90.0,91.23492750036395
3519808,Icém (SP),2009,90.0,90.14886869944183
3519808,Icém (SP),2010,90.0,89.32329380891257
3519808,Icém (SP),2011,90.0,88.47440452749511
3519808,Icém (SP),2012,90.0,87.8343382795606
3519808,Icém (SP),2013,90.0,89.14699065898118
3519808,Icém (SP),2014,90.0,87.17353510433904
3519808,Icém (SP),2015,90.0,87.45731849474839
3519808,Icém (SP),2016,90.0,86.38530332227452
3519808,Icém (SP),2017,72.115,87.08792146371017
3519808,Icém (SP),2018,55.0,68.31360354862298
3519808,Icém (SP),2019,80.0,70.12583647579402
3519808,Icém (SP),2020,70.0,78.25060249462537
3519808,Icém (SP),2021,75.0,71.48884140608166
3519808,Icém (SP),2022,80.0,79.75806733151205
3519808,Icém (SP),2023,90.0,86.35198187009426
3519808,Icém (SP),2024,80.0,83.1342988372742
3519907,Iepê (SP),2001,80.0,77.94849746623369
3519907,Iepê (SP),2002,80.0,75.98074009286529
3519907,Iepê (SP),2003,80.0,80.52514965337213
3519907,Iepê (SP),2004,92.17,79.5972703578366
3519907,Iepê (SP),2005,91.396,88.53085052992142
3519907,Iepê (SP),2006,78.0,88.30354239037116
3519907,Iepê (SP),2007,80.0,80.86238282013178
3519907,Iepê (SP),2008,80.0,81.58289857926428
3519907,Iepê (SP),2009,80.0,81.15947391512856
3519907,Iepê (SP),2010,80.0,80.1978531004231
3519907,Iepê (SP),2011,72.0,74.17524610893282
3519907,Iepê (SP),2012,80.001,71.74489821207702
3519907,Iepê (SP),2013,62.422,74.20290019194965
3519907,Iepê (SP),2014,58.5,64.2182936917424
3519907,Iepê (SP),2015,67.002,69.36807744458324
3519907,Iepê (SP),2016,79.47,78.54450190710163
3519907,Iepê (SP),2017,75.651,75.4487757987424
3519907,Iepê (SP),2018,70.079,73.91764829019387
3519907,Iepê (SP),2019,70.079,70.70080495531944
3519907,Iepê (SP),2020,70.87,72.20573659591453
3519907,Iepê (SP),2021,72.0,71.56163184923291
3519907,Iepê (SP),2022,71.01,73.54359954636811
3519907,Iepê (SP),2023,72.135,73.93338118885092
3519907,Iepê (SP),2024,67.6,70.81047625986082
3520004,Igaraçu do Tietê (SP),2001,90.0,86.78314477238473
3520004,Igaraçu do Tietê (SP),2002,77.654,81.37046501309563
3520004,Igaraçu do Tietê (SP),2003,90.0,84.3064266024227
3520004,Igaraçu do Tietê (SP),2004,90.0,88.23969180008017
3520004,Igaraçu do Tietê (SP),2005,89.406,87.88586038083783
3520004,Igaraçu do Tietê (SP),2006,85.0,86.89500572090921
3520004,Igaraçu do Tietê (SP),2007,88.0,84.58849179331206
3520004,Igaraçu do Tietê (SP),2008,88.0,87.18831600111274
3520004,Igaraçu do Tietê (SP),2009,88.0,87.57280782915615
3520004,Igaraçu do Tietê (SP),2010,88.0,88.34548149807829
3520004,Igaraçu do Tietê (SP),2011,88.0,86.34660938489142
3520004,Igaraçu do Tietê (SP),2012,75.0,75.21964509124206
3520004,Igaraçu do Tietê (SP),2013,83.001,79.40480603415197
3520004,Igaraçu do Tietê (SP),2014,70.0,70.53485094145549
3520004,Igaraçu do Tietê (SP),2015,86.0,78.60914362168249
3520004,Igaraçu do Tietê (SP),2016,82.0,82.01126293086578
3520004,Igaraçu do Tietê (SP),2017,83.0,81.90366813546457
3520004,Igaraçu do Tietê (SP),2018,85.0,81.68778779884144
3520004,Igaraçu do Tietê (SP),2019,75.0,81.56120046785159
3520004,Igaraçu do Tietê (SP),2020,75.0,74.47199818740135
3520004,Igaraçu do Tietê (SP),2021,74.0,71.87598323408113
3520004,Igaraçu do Tietê (SP),2022,75.0,75.76731949595343
3520004,Igaraçu do Tietê (SP),2023,90.0,80.80336474948453
3520004,Igaraçu do Tietê (SP),2024,70.0,75.93008603074703
3520103,Igarapava (SP),2001,75.0,74.80208667407845
3520103,Igarapava (SP),2002,75.0,75.06139158447547
3520103,Igarapava (SP),2003,75.0,76.35107616726933
3520103,Igarapava (SP),2004,75.0,77.149071306458
3520103,Igarapava (SP),2005,79.062,77.2744994152491
3520103,Igarapava (SP),2006,80.0,82.26388052838553
3520103,Igarapava (SP),2007,80.0,79.28463458075244
3520103,Igarapava (SP),2008,80.0,80.07853826779377
3520103,Igarapava (SP),2009,80.0,81.42909090804673
3520103,Igarapava (SP),2010,80.0,80.34564290215386
3520103,Igarapava (SP),2011,80.0,80.28919756668296
3520103,Igarapava (SP),2012,80.0,79.04556359107927
3520103,Igarapava (SP),2013,75.0,80.02583877852497
3520103,Igarapava (SP),2014,75.0,74.00951053405291
3520103,Igarapava (SP),2015,75.0,76.70195032959688
3520103,Igarapava (SP),2016,78.0,77.3307298594649
3520103,Igarapava (SP),2017,83.0,80.89319720185657
3520103,Igarapava (SP),2018,83.0,82.5326172394491
3520103,Igarapava (SP),2019,69.0,76.28275553029577
3520103,Igarapava (SP),2020,69.0,72.54692353479805
3520103,Igarapava (SP),2021,62.0,68.51313295850758
3520103,Igarapava (SP),2022,65.0,68.5905523590294
3520103,Igarapava (SP),2023,80.0,75.1482026463491
3520103,Igarapava (SP),2024,81.56,80.06803236224796
3520442,Ilha Solteira (SP),2005,94.484,84.52648830500053
3520442,Ilha Solteira (SP),2006,90.0,87.88625331163726
3520442,Ilha Solteira (SP),2007,90.0,88.58621872633572
3520442,Ilha Solteira (SP),2008,90.0,91.02002908649965
3520442,Ilha Solteira (SP),2009,90.0,93.06249436860871
3520442,Ilha Solteira (SP),2010,80.153,85.98771238532241
3520442,Ilha Solteira (SP),2011,70.0,74.84822367262908
3520442,Ilha Solteira (SP),2012,69.957,72.08099744527664
3520442,Ilha Solteira (SP),2013,75.693,75.47887712512838
3520442,Ilha Solteira (SP),2014,74.0,69.21482728879454
3520442,Ilha Solteira (SP),2015,81.874,77.46102523787371
3520442,Ilha Solteira (SP),2016,86.0,81.76033743404925
3520442,Ilha Solteira (SP),2017,85.086,82.92516123083806
3520442,Ilha Solteira (SP),2018,85.0,80.27066304649519
3520442,Ilha Solteira (SP),2019,75.0,75.7251864435703
3520442,Ilha Solteira (SP),2020,83.987,77.99163897494866
3520442,Ilha Solteira (SP),2021,62.0,71.13045457542458
3520442,Ilha Solteira (SP),2022,70.0,70.73614440315197
3520442,Ilha Solteira (SP),2023,75.0,74.4531361449123
3520442,Ilha Solteira (SP),2024,67.0,68.92983313178016
3520509,Indaiatuba (SP),2003,80.0,80.75127101969187
3520509,Indaiatuba (SP),2004,80.0,81.64435468324032
3520509,Indaiatuba (SP),2005,79.463,78.78350827223616
3520509,Indaiatuba (SP),2006,120.0,92.29940091977133
3520509,Indaiatuba (SP),2007,80.0,89.3062033187784
3520509,Indaiatuba (SP),2008,80.0,85.74244343392942
3520509,Indaiatuba (SP),2009,82.0,77.0116362586649
3520509,Indaiatuba (SP),2010,80.0,80.95900747212666
3520509,Indaiatuba (SP),2011,80.0,79.53868993024703
3520509,Indaiatuba (SP),2012,80.0,80.08810959140781
3520509,Indaiatuba (SP),2013,80.0,81.6952124386365
3520509,Indaiatuba (SP),2014,79.0,73.11970210656008
3520509,Indaiatuba (SP),2015,80.0,81.01917162429146
3520509,Indaiatuba (SP),2016,80.0,80.64910682480354
3520509,Indaiatuba (SP),2017,80.0,80.7450813078315
3520509,Indaiatuba (SP),2018,79.0,79.15381826924171
3520509,Indaiatuba (SP),2019,79.0,79.55599124825014
3520509,Indaiatuba (SP),2020,84.0,81.99617644088507
3520509,Indaiatuba (SP),2021,79.0,81.10892322169494
3520509,Indaiatuba (SP),2022,79.0,79.8035968160197
3520509,Indaiatuba (SP),2023,79.0,79.99536210692064
3520509,Indaiatuba (SP),2024,80.0,79.21754164292875
3520608,Indiana (SP),2009,90.909,89.22556092465187
3520608,Indiana (SP),2010,90.0,86.43954044494174
3520608,Indiana (SP),2011,70.0,76.14622410567199
3520608,Indiana (SP),2012,70.0,69.49616323929266
3520608,Indiana (SP),2013,69.87,70.9609662184482
3520608,Indiana (SP),2014,69.87,72.29508230464542
3520608,Indiana (SP),2015,69.87,69.92084226775474
3520608,Indiana (SP),2016,69.87,70.68381194364557
3520608,Indiana (SP),2017,69.87,70.14142386920547
3520608,Indiana (SP),2018,69.87,70.0362502261581
3520608,Indiana (SP),2019,69.87,72.26399470882738
3520608,Indiana (SP),2020,75.712,71.98569633570338
3520608,Indiana (SP),2021,69.7,70.24492796524552
3520608,Indiana (SP),2022,69.87,70.76677712435658
3520608,Indiana (SP),2023,68.805,69.32930040055507
3520608,Indiana (SP),2024,69.87,69.12215430450107
3520707,Indiaporã (SP),2004,70.0,67.88964644852086
3520707,Indiaporã (SP),2007,80.0,63.54755390839987
3520707,Indiaporã (SP),2008,80.0,79.96388495863215
3520707,Indiaporã (SP),2009,48.0,77.67601498525342
3520707,Indiaporã (SP),2010,64.0,80.76165589256577
3520707,Indiaporã (SP),2011,80.0,80.67923389942003
3520707,Indiaporã (SP),2012,80.0,78.59923929431395
3520707,Indiaporã (SP),2013,80.0,79.48277230784976
3520707,Indiaporã (SP),2014,70.0,77.35399782006242
3520707,Indiaporã (SP),2015,80.0,75.57763273079286
3520707,Indiaporã (SP),2016,80.0,80.4809907150412
3520707,Indiaporã (SP),2017,80.0,80.18314494269029
3520707,Indiaporã (SP),2018,80.0,77.5035654563567
3520707,Indiaporã (SP),2019,80.0,78.93618463837608
3520707,Indiaporã (SP),2020,80.0,79.741462829524
3520707,Indiaporã (SP),2021,75.0,73.75185789238539
3520707,Indiaporã (SP),2022,96.0,82.2261531005334
3520707,Indiaporã (SP),2023,96.0,90.43465917771333
3520707,Indiaporã (SP),2024,80.0,82.85858725514761
3520806,Inúbia Paulista (SP),2001,90.0,86.34792459201499
3520806,Inúbia Paulista (SP),2002,81.108,80.29531861149958
3520806,Inúbia Paulista (SP),2003,72.845,77.1760605818456
3520806,Inúbia Paulista (SP),2004,73.0,74.35173472835667
3520806,Inúbia Paulista (SP),2005,88.269,81.11146884520036
3520806,Inúbia Paulista (SP),2006,80.0,84.6072126140882
3520806,Inúbia Paulista (SP),2007,80.0,81.57260706047401
3520806,Inúbia Paulista (SP),2008,80.0,83.8330868981995
3520806,Inúbia Paulista (SP),2009,83.0,84.26319227553533
3520806,Inúbia Paulista (SP),2010,83.0,82.3693807227081
3520806,Inúbia Paulista (SP),2011,83.0,78.1288009922191
3520806,Inúbia Paulista (SP),2012,73.0,74.52357968507879
3520806,Inúbia Paulista (SP),2013,73.0,75.12336937123055
3520806,Inúbia Paulista (SP),2014,70.0,73.17255423925826
3520806,Inúbia Paulista (SP),2015,75.0,73.82751041930307
3520806,Inúbia Paulista (SP),2016,78.0,76.66633868003726
3520806,Inúbia Paulista (SP),2017,78.0,78.95329494082317
3520806,Inúbia Paulista (SP),2018,76.0,79.14843146740482
3520806,Inúbia Paulista (SP),2019,69.0,75.15530202937022
3520806,Inúbia Paulista (SP),2020,70.0,71.2677127227855
3520806,Inúbia Paulista (SP),2021,74.667,68.96900501552219
3520806,Inúbia Paulista (SP),2022,73.556,76.04217446491228
3520806,Inúbia Paulista (SP),2023,72.741,76.8399444259025
3520806,Inúbia Paulista (SP),2024,72.099,72.38770700041627
3520905,Ipaussu (SP),2001,75.0,76.23865563308617
3520905,Ipaussu (SP),2002,75.0,74.69349790220099
3520905,Ipaussu (SP),2003,80.0,77.69130718863597
3520905,Ipaussu (SP),2004,80.0,80.33946010368808
3520905,Ipaussu (SP),2005,79.471,78.75428527174893
3520905,Ipaussu (SP),2006,70.0,78.29401771459504
3520905,Ipaussu (SP),2007,80.0,73.19600490202473
3520905,Ipaussu (SP),2008,80.0,80.76795765132236
3520905,Ipaussu (SP),2009,80.0,78.84285257451106
3520905,Ipaussu (SP),2010,80.0,80.04826086026638
3520905,Ipaussu (SP),2011,80.0,80.20047915347985
3520905,Ipaussu (SP),2012,80.0,82.01609774008394
3520905,Ipaussu (SP),2013,80.0,82.95286074921785
3520905,Ipaussu (SP),2014,80.0,79.43804829173911
3520905,Ipaussu (SP),2015,80.0,76.66676461242649
3520905,Ipaussu (SP),2016,75.0,78.39127113160154
3520905,Ipaussu (SP),2017,75.0,76.26426473662542
3520905,Ipaussu (SP),2018,72.0,75.38476924217836
3520905,Ipaussu (SP),2019,80.0,76.60693168354781
3520905,Ipaussu (SP),2020,79.0,77.974952314054
3520905,Ipaussu (SP),2021,76.667,80.3098858135423
3520905,Ipaussu (SP),2022,77.222,77.47220438475023
3520905,Ipaussu (SP),2023,77.963,78.42577309169303
3520905,Ipaussu (SP),2024,75.0,75.87081452906814
3521002,Iperó (SP),2001,70.0,67.43517157949391
3521002,Iperó (SP),2002,80.0,74.4775884552523
3521002,Iperó (SP),2003,60.0,73.81601813905823
3521002,Iperó (SP),2004,70.0,64.51338873150134
3521002,Iperó (SP),2005,79.463,78.9426758764975
3521002,Iperó (SP),2006,79.463,88.80434913374947
3521002,Iperó (SP),2007,80.0,79.97912716591358
3521002,Iperó (SP),2008,80.0,82.43529164151228
3521002,Iperó (SP),2009,84.175,71.32673109348845
3521002,Iperó (SP),2010,75.0,88.39621410791986
3521002,Iperó (SP),2011,75.0,76.0947333004477
3521002,Iperó (SP),2013,79.944,80.15129470120353
3521002,Iperó (SP),2014,79.944,76.72451526639061
3521002,Iperó (SP),2015,79.944,85.28326626041815
3521002,Iperó (SP),2016,79.944,74.18346463268723
3521002,Iperó (SP),2017,79.944,80.09939188701823
3521002,Iperó (SP),2019,79.943,79.1566977008541
3521002,Iperó (SP),2020,79.944,80.95743679830409
3521002,Iperó (SP),2021,79.944,79.16330998032613
3521002,Iperó (SP),2022,79.944,80.04159456982063
3521002,Iperó (SP),2023,80.0,80.3195982972137
3521002,Iperó (SP),2024,80.0,76.61214026133212
3521101,Ipeúna (SP),2001,90.0,89.33297422472877
3521101,Ipeúna (SP),2002,87.07,86.4360270285615
3521101,Ipeúna (SP),2003,81.24,85.10890529635961
3521101,Ipeúna (SP),2004,77.197,80.63209738804208
3521101,Ipeúna (SP),2005,85.924,83.30292882427537
3521101,Ipeúna (SP),2006,90.0,86.44288483681513
3521101,Ipeúna (SP),2007,80.0,82.61917582823772
3521101,Ipeúna (SP),2008,78.0,80.59503091721108
3521101,Ipeúna (SP),2009,80.0,80.51430349220779
3521101,Ipeúna (SP),2010,78.0,78.96100434875994
3521101,Ipeúna (SP),2011,78.0,78.66722762541677
3521101,Ipeúna (SP),2012,78.0,79.32928236184841
3521101,Ipeúna (SP),2013,78.0,78.74551451348712
3521101,Ipeúna (SP),2014,56.678,63.57472887953705
3521101,Ipeúna (SP),2015,63.0,62.29492402836347
3521101,Ipeúna (SP),2016,59.85,66.02108933410595
3521101,Ipeúna (SP),2017,59.85,61.21230415893398
3521101,Ipeúna (SP),2018,77.0,72.33861320215291
3521101,Ipeúna (SP),2019,77.0,79.17201312960795
3521101,Ipeúna (SP),2020,80.0,79.7124173637571
3521101,Ipeúna (SP),2021,75.0,80.61626010044242
3521101,Ipeúna (SP),2022,75.0,75.3395032727402
3521101,Ipeúna (SP),2023,75.0,77.84506959662451
3521101,Ipeúna (SP),2024,75.667,72.57884916338054
3521150,Ipiguá (SP),2001,75.0,78.99321220072058
3521150,Ipiguá (SP),2002,100.0,83.93825425748639
3521150,Ipiguá (SP),2003,121.428,100.81389462232575
3521150,Ipiguá (SP),2004,115.0,104.16154363003419
3521150,Ipiguá (SP),2005,79.521,85.65549132927129
3521150,Ipiguá (SP),2006,100.0,94.36566286844642
3521150,Ipiguá (SP),2007,90.0,93.99087518892094
3521150,Ipiguá (SP),2008,80.0,90.10794402240492
3521150,Ipiguá (SP),2009,80.0,80.7238207464148
3521150,Ipiguá (SP),2010,80.0,81.29687662556371
3521150,Ipiguá (SP),2011,80.0,77.17117689776887
3521150,Ipiguá (SP),2012,80.0,80.29005487281373
3521150,Ipiguá (SP),2013,111.538,88.43291352299028
3521150,Ipiguá (SP),2014,90.0,86.6191132261458
3521150,Ipiguá (SP),2015,120.0,88.16751796441426
3521150,Ipiguá (SP),2016,90.0,95.34409717112055
3521150,Ipiguá (SP),2017,89.271,87.99332728564099
3521150,Ipiguá (SP),2018,89.271,92.32175830165903
3521150,Ipiguá (SP),2019,80.0,82.35694661766574
3521150,Ipiguá (SP),2020,90.0,82.43957105672996
3521150,Ipiguá (SP),2021,90.0,84.09015535827326
3521150,Ipiguá (SP),2022,90.0,87.90776520568107
3521150,Ipiguá (SP),2023,90.0,89.74344544932178
3521150,Ipiguá (SP),2024,90.0,82.16557057312131
3521200,Iporanga (SP),2011,50.0,83.42953581540517
3521200,Iporanga (SP),2013,50.0,46.76721247589909
3521200,Iporanga (SP),2014,50.0,51.02941821775446
3521200,Iporanga (SP),2015,50.0,49.40904629917142
3521200,Iporanga (SP),2016,50.0,47.128918372863225
3521200,Iporanga (SP),2017,50.0,48.17607521280434
3521200,Iporanga (SP),2018,20.0,37.72305974170274
3521200,Iporanga (SP),2019,20.0,29.621399808476255
3521200,Iporanga (SP),2020,40.0,33.21025869683094
3521200,Iporanga (SP),2021,36.667,38.281128690809204
3521200,Iporanga (SP),2022,32.2,37.959467971763544
3521200,Iporanga (SP),2023,29.6,33.205060038154095
3521200,Iporanga (SP),2024,35.0,35.63071759990009
3521309,Ipuã (SP),2001,80.0,88.85190160203925
3521309,Ipuã (SP),2002,80.0,87.87122719253647
3521309,Ipuã (SP),2003,89.0,85.40540915859692
3521309,Ipuã (SP),2004,89.0,86.76750633372994
3521309,Ipuã (SP),2005,82.925,87.28968189774324
3521309,Ipuã (SP),2006,90.0,84.91560021683958
3521309,Ipuã (SP),2007,90.0,90.8026563988362
3521309,Ipuã (SP),2008,90.0,89.6256249338578
3521309,Ipuã (SP),2009,90.0,87.73567386491492
3521309,Ipuã (SP),2010,90.0,90.46989383207952
3521309,Ipuã (SP),2011,90.0,81.9658857845248
3521309,Ipuã (SP),2012,80.0,83.51207460885371
3521309,Ipuã (SP),2013,80.0,83.41266638182586
3521309,Ipuã (SP),2014,80.0,75.8689317485554
3521309,Ipuã (SP),2015,80.0,80.63109105437013
3521309,Ipuã (SP),2016,80.0,81.1640320194665
3521309,Ipuã (SP),2017,80.0,79.80485931908441
3521309,Ipuã (SP),2018,80.0,80.83965101744361
3521309,Ipuã (SP),2019,75.0,75.95003369948213
3521309,Ipuã (SP),2020,75.0,76.23532373010886
3521309,Ipuã (SP),2021,70.0,71.21282597420816
3521309,Ipuã (SP),2022,67.0,76.8743486964261
3521309,Ipuã (SP),2023,78.0,76.2576807251359
3521309,Ipuã (SP),2024,80.0,79.79352760661942
3521408,Iracemápolis (SP),2001,90.0,89.57530354729904
3521408,Iracemápolis (SP),2002,84.337,86.87696265340665
3521408,Iracemápolis (SP),2003,90.0,86.37615082502212
3521408,Iracemápolis (SP),2004,90.0,84.61564848415641
3521408,Iracemápolis (SP),2005,89.406,89.50973414078855
3521408,Iracemápolis (SP),2006,92.169,90.57464131195415
3521408,Iracemápolis (SP),2007,85.0,85.51629076377301
3521408,Iracemápolis (SP),2008,90.0,87.17015619804175
3521408,Iracemápolis (SP),2009,90.0,86.94873693717038
3521408,Iracemápolis (SP),2010,90.0,92.11058761040584
3521408,Iracemápolis (SP),2011,85.0,86.44556487337532
3521408,Iracemápolis (SP),2012,85.0,83.18270859916952
3521408,Iracemápolis (SP),2013,85.0,85.45555993146517
3521408,Iracemápolis (SP),2014,86.659,69.81583816840106
3521408,Iracemápolis (SP),2015,85.0,84.22271962167031
3521408,Iracemápolis (SP),2016,85.0,83.07679238226137
3521408,Iracemápolis (SP),2017,86.659,84.29218560022758
3521408,Iracemápolis (SP),2018,81.694,84.6715326040692
3521408,Iracemápolis (SP),2019,85.5,82.1875702761971
3521408,Iracemápolis (SP),2020,85.667,84.82675012003996
3521408,Iracemápolis (SP),2021,65.0,78.82274268389936
3521408,Iracemápolis (SP),2022,90.0,68.7312779287875
3521408,Iracemápolis (SP),2023,85.889,85.67650842306301
3521408,Iracemápolis (SP),2024,80.0,79.61515863412833
3521507,Irapuã (SP),2001,80.0,89.06005507860195
3521507,Irapuã (SP),2002,80.0,82.98590469611636
3521507,Irapuã (SP),2003,80.0,80.45873500443761
3521507,Irapuã (SP),2004,80.0,80.68889204242691
3521507,Irapuã (SP),2005,79.463,81.59601834443157
3521507,Irapuã (SP),2006,70.0,73.78147895690672
3521507,Irapuã (SP),2007,80.0,76.90697721933047
3521507,Irapuã (SP),2008,80.0,79.48943405686768
3521507,Irapuã (SP),2009,80.0,84.6602711916903
3521507,Irapuã (SP),2010,80.0,79.77622190102991
3521507,Irapuã (SP),2011,80.0,80.25680275507119
3521507,Irapuã (SP),2012,90.0,84.4920325892939
3521507,Irapuã (SP),2013,90.0,89.91550085597405
3521507,Irapuã (SP),2014,72.0,72.60672582746423
3521507,Irapuã (SP),2015,80.0,81.65790881674376
3521507,Irapuã (SP),2016,90.0,87.62251928139948
3521507,Irapuã (SP),2017,90.0,89.06051422939223
3521507,Irapuã (SP),2018,83.367,82.98903873240575
3521507,Irapuã (SP),2019,90.0,81.29287571711733
3521507,Irapuã (SP),2020,98.0,92.27488737232507
3521507,Irapuã (SP),2021,90.0,83.67605691559537
3521507,Irapuã (SP),2022,80.0,82.0547208496444
3521507,Irapuã (SP),2023,90.0,84.15577298757916
3521507,Irapuã (SP),2024,80.0,80.70777305367955
3521606,Irapuru (SP),2003,116.504,96.28810698265625
3521606,Irapuru (SP),2004,100.0,95.27246258848831
3521606,Irapuru (SP),2005,77.477,82.01132898122368
3521606,Irapuru (SP),2006,130.0,93.71273972960763
3521606,Irapuru (SP),2007,120.0,111.3780588845738
3521606,Irapuru (SP),2008,100.0,98.82408131300645
3521606,Irapuru (SP),2009,110.0,102.70320840479319
3521606,Irapuru (SP),2010,110.0,103.88836160506088
3521606,Irapuru (SP),2011,110.0,95.43135216700134
3521606,Irapuru (SP),2012,70.0,72.82487870797259
3521606,Irapuru (SP),2013,75.0,73.92762367045029
3521606,Irapuru (SP),2014,60.0,63.95918510665723
3521606,Irapuru (SP),2015,70.0,69.69055790197011
3521606,Irapuru (SP),2016,70.0,69.87812348490696
3521606,Irapuru (SP),2017,70.0,71.1247606710146
3521606,Irapuru (SP),2018,70.0,70.15759483772234
3521606,Irapuru (SP),2019,70.0,71.82532155412359
3521606,Irapuru (SP),2020,70.0,70.37930886417165
3521606,Irapuru (SP),2021,65.0,64.43265706272157
3521606,Irapuru (SP),2022,70.0,67.76987591758973
3521606,Irapuru (SP),2023,70.0,72.12486899170035
3521606,Irapuru (SP),2024,70.0,71.34793479908956
3521705,Itaberá (SP),2008,25.0,61.36107915904975
3521705,Itaberá (SP),2009,0.075,28.88714845940865
3521705,Itaberá (SP),2011,55.0,69.00680323801197
3521705,Itaberá (SP),2012,99.0,61.49581874041934
3521705,Itaberá (SP),2013,70.0,75.83242269104511
3521705,Itaberá (SP),2014,70.0,71.20440777455723
3521705,Itaberá (SP),2015,70.0,73.99317706455656
3521804,Itaí (SP),2001,83.333,78.12171312851041
3521804,Itaí (SP),2002,100.0,86.4453838471731
3521804,Itaí (SP),2003,100.0,96.76712538823234
3521804,Itaí (SP),2004,95.454,90.85493338691003
3521804,Itaí (SP),2005,98.899,92.84835121457706
3521804,Itaí (SP),2006,80.0,85.9903104849364
3521804,Itaí (SP),2007,80.0,80.8019071161048
3521804,Itaí (SP),2008,90.0,80.3956860991134
3521804,Itaí (SP),2009,80.0,90.57804295302972
3521804,Itaí (SP),2010,80.0,80.39370104808418
3521804,Itaí (SP),2011,80.0,79.13547049876055
3521804,Itaí (SP),2012,80.0,80.43132757624983
3521804,Itaí (SP),2013,80.0,81.32119426677447
3521804,Itaí (SP),2014,70.0,75.70785647854987
3521804,Itaí (SP),2015,80.0,75.97067629842418
3521804,Itaí (SP),2016,70.0,75.53747740959358
3521804,Itaí (SP),2017,70.0,72.33128144301322
3521804,Itaí (SP),2018,45.0,72.80739261231605
3521804,Itaí (SP),2019,75.0,73.07634614427118
3521804,Itaí (SP),2020,75.0,74.40162717838726
3521804,Itaí (SP),2021,70.0,71.69910952227758
3521804,Itaí (SP),2022,70.0,73.29684665154109
3521804,Itaí (SP),2023,70.0,71.70451643326388
3521804,Itaí (SP),2024,74.0,68.48109306592708
3521903,Itajobi (SP),2001,75.0,77.78704102982444
3521903,Itajobi (SP),2002,70.0,75.17690391704207
3521903,Itajobi (SP),2003,80.0,76.34879846759218
3521903,Itajobi (SP),2004,80.0,80.39870553712349
3521903,Itajobi (SP),2005,82.128,82.2021587029135
3521903,Itajobi (SP),2006,70.0,79.45418807427664
3521903,Itajobi (SP),2007,80.0,76.87151485784004
3521903,Itajobi (SP),2008,80.0,82.53145797010356
3521903,Itajobi (SP),2009,80.0,81.13206179298422
3521903,Itajobi (SP),2010,80.0,80.40514387995363
3521903,Itajobi (SP),2011,80.0,79.71861116645007
3521903,Itajobi (SP),2012,80.0,80.98917361782668
3521903,Itajobi (SP),2013,80.0,80.42685018791599
3521903,Itajobi (SP),2014,70.0,68.49239018186795
3521903,Itajobi (SP),2015,70.0,74.55526319913851
3521903,Itajobi (SP),2016,80.0,77.50653400633348
3521903,Itajobi (SP),2017,80.0,79.87952186684961
3521903,Itajobi (SP),2018,90.0,82.17187409681169
3521903,Itajobi (SP),2019,76.0,88.47868231335183
3521903,Itajobi (SP),2020,90.0,81.65494861081439
3521903,Itajobi (SP),2021,80.0,80.79795422082245
3521903,Itajobi (SP),2022,90.0,83.83793986748299
3521903,Itajobi (SP),2023,90.0,89.69524836345803
3521903,Itajobi (SP),2024,80.0,80.96946650222002
3522000,Itaju (SP),2002,80.0,78.56796798126616
3522000,Itaju (SP),2003,80.0,84.86131391632858
3522000,Itaju (SP),2004,104.0,86.37104020735751
3522000,Itaju (SP),2005,84.446,86.11435901113035
3522000,Itaju (SP),2006,81.0,81.94166870373525
3522000,Itaju (SP),2007,102.6,89.61916435710079
3522000,Itaju (SP),2008,80.0,91.43959921591777
3522000,Itaju (SP),2009,97.0,86.0572377558095
3522000,Itaju (SP),2010,97.0,96.20845080816987
3522000,Itaju (SP),2011,97.0,96.63119798426362
3522000,Itaju (SP),2012,75.0,84.81455806740477
3522000,Itaju (SP),2013,77.817,77.3015160595852
3522000,Itaju (SP),2014,70.0,70.47807871821233
3522000,Itaju (SP),2015,77.0,74.68221468928922
3522000,Itaju (SP),2016,77.0,77.97365600586008
3522000,Itaju (SP),2017,77.0,78.85553525245109
3522000,Itaju (SP),2018,75.0,77.32627595181202
3522000,Itaju (SP),2019,75.0,76.07764817022489
3522000,Itaju (SP),2020,75.0,76.10439950875634
3522000,Itaju (SP),2021,74.0,71.93048812440041
3522000,Itaju (SP),2022,75.0,74.73743552094338
3522000,Itaju (SP),2023,85.0,80.61302485776257
3522000,Itaju (SP),2024,63.0,72.82995582324615
3522158,Itaoca (SP),2011,15.0,33.70274959413978
3522158,Itaoca (SP),2012,93.0,59.91781604893719
3522158,Itaoca (SP),2013,15.0,80.95627306524035
3522158,Itaoca (SP),2015,60.0,53.40048257563271
3522158,Itaoca (SP),2016,60.0,54.115638036782684
3522158,Itaoca (SP),2017,60.0,56.91592385008049
3522158,Itaoca (SP),2018,60.0,57.03714080068542
3522158,Itaoca (SP),2019,60.0,59.94283635843321
3522158,Itaoca (SP),2020,60.0,58.607095646769885
3522158,Itaoca (SP),2021,60.0,58.72532522040461
3522158,Itaoca (SP),2022,60.0,58.80026353980741
3522158,Itaoca (SP),2023,60.0,60.168935390817516
3522158,Itaoca (SP),2024,60.0,57.68832171583969
3522307,Itapetininga (SP),2001,63.333,73.87278990081221
3522307,Itapetininga (SP),2002,86.206,76.59830900046215
3522307,Itapetininga (SP),2003,82.254,82.93592344797838
3522307,Itapetininga (SP),2004,82.3,83.15321328631352
3522307,Itapetininga (SP),2005,69.53,76.11675703153787
3522307,Itapetininga (SP),2006,80.0,76.022682592487
3522307,Itapetininga (SP),2007,92.0,86.51268117142068
3522307,Itapetininga (SP),2008,80.961,83.83030315726982
3522307,Itapetininga (SP),2009,78.0,77.08466773346638
3522307,Itapetininga (SP),2010,79.058,80.64092336267093
3522307,Itapetininga (SP),2011,83.5,86.58745778082063
3522307,Itapetininga (SP),2012,73.0,77.26281797100705
3522307,Itapetininga (SP),2013,83.0,81.21151742122274
3522307,Itapetininga (SP),2014,78.26,77.64623128282828
3522307,Itapetininga (SP),2015,80.0,84.28960818809401
3522307,Itapetininga (SP),2016,80.0,69.13712519448562
3522307,Itapetininga (SP),2017,80.0,80.7222566870193
3522307,Itapetininga (SP),2018,80.0,79.63381793090927
3522307,Itapetininga (SP),2019,80.0,79.81997099602461
3522307,Itapetininga (SP),2020,80.0,80.2038605561018
3522307,Itapetininga (SP),2021,72.0,72.70164362114271
3522307,Itapetininga (SP),2022,80.0,78.11849339489463
3522307,Itapetininga (SP),2023,80.0,80.4519075072199
3522307,Itapetininga (SP),2024,80.0,78.96506003551427
3522406,Itapeva (SP),2001,70.0,72.36150617943025
3522406,Itapeva (SP),2002,70.0,71.94491961856147
3522406,Itapeva (SP),2003,70.0,69.93413787674565
3522406,Itapeva (SP),2004,70.0,68.5889763727305
3522406,Itapeva (SP),2005,79.463,72.72725668096093
3522406,Itapeva (SP),2006,100.0,87.00958390444646
3522406,Itapeva (SP),2007,100.0,95.20745771997764
3522406,Itapeva (SP),2008,100.0,96.58877555953657
3522406,Itapeva (SP),2009,100.0,87.69076818796482
3522406,Itapeva (SP),2010,20.0,95.73848988951544
3522406,Itapeva (SP),2011,10.0,40.88606930894105
3522406,Itapeva (SP),2012,90.0,84.6294613363581
3522406,Itapeva (SP),2013,90.0,79.75688167372125
3522406,Itapeva (SP),2015,80.0,84.05023286830188
3522406,Itapeva (SP),2016,80.0,76.47160024550709
3522406,Itapeva (SP),2017,80.0,79.02877537926902
3522406,Itapeva (SP),2018,80.0,79.05131431607013
3522406,Itapeva (SP),2019,80.0,78.86448568501696
3522406,Itapeva (SP),2020,80.0,76.6072444991146
3522406,Itapeva (SP),2021,80.0,79.35165996140611
3522406,Itapeva (SP),2022,80.0,78.87788630021906
3522406,Itapeva (SP),2023,80.0,79.64700804818395
3522406,Itapeva (SP),2024,80.0,78.04844670149942
3522604,Itapira (SP),2001,72.0,76.54639618124872
3522604,Itapira (SP),2002,75.0,75.21191052273342
3522604,Itapira (SP),2003,100.0,76.26087936987209
3522604,Itapira (SP),2004,97.206,97.0374167053406
3522604,Itapira (SP),2005,98.9,93.06537940268927
3522604,Itapira (SP),2006,100.0,93.88321610112976
3522604,Itapira (SP),2007,90.0,94.9059729051275
3522604,Itapira (SP),2008,90.0,89.237746794426
3522604,Itapira (SP),2009,90.0,90.49161508535306
3522604,Itapira (SP),2010,80.0,85.87358093768638
3522604,Itapira (SP),2011,85.0,81.53428644026916
3522604,Itapira (SP),2012,85.0,81.76335346091746
3522604,Itapira (SP),2013,85.0,86.7892574417153
3522604,Itapira (SP),2014,76.5,73.20270998472357
3522604,Itapira (SP),2015,66.0,71.91603222897163
3522604,Itapira (SP),2016,66.0,71.34369543070306
3522604,Itapira (SP),2017,50.0,69.9178932214746
3522604,Itapira (SP),2018,52.0,62.7362405244829
3522604,Itapira (SP),2019,60.0,61.20016617110154
3522604,Itapira (SP),2020,60.0,62.36437107347232
3522604,Itapira (SP),2021,65.0,62.419677464896196
3522604,Itapira (SP),2022,60.0,68.51983770700933
3522604,Itapira (SP),2023,75.0,64.99370739268106
3522604,Itapira (SP),2024,65.08,70.81860465721502
3522653,Itapirapuã Paulista (SP),2015,60.0,67.09345902885308
3522653,Itapirapuã Paulista (SP),2016,60.0,58.91841368993507
3522653,Itapirapuã Paulista (SP),2017,60.0,60.4309795650322
3522653,Itapirapuã Paulista (SP),2018,60.0,58.638397414238554
3522653,Itapirapuã Paulista (SP),2019,60.0,60.99850574320125
3522653,Itapirapuã Paulista (SP),2020,60.0,59.93890980772008
3522653,Itapirapuã Paulista (SP),2021,60.0,58.93292150556388
3522653,Itapirapuã Paulista (SP),2022,60.0,59.19121099152237
3522653,Itapirapuã Paulista (SP),2023,60.0,60.00471414647852
3522653,Itapirapuã Paulista (SP),2024,60.0,59.87530008934121
3522703,Itápolis (SP),2001,80.0,78.41274693784898
3522703,Itápolis (SP),2002,80.666,80.98131886795662
3522703,Itápolis (SP),2003,80.0,79.50629581225384
3522703,Itápolis (SP),2004,80.0,80.4243201071584
3522703,Itápolis (SP),2005,82.153,82.30579852433648
3522703,Itápolis (SP),2006,80.0,82.97252477470892
3522703,Itápolis (SP),2007,80.0,81.1748501353159
3522703,Itápolis (SP),2008,80.0,83.19513511194985
3522703,Itápolis (SP),2009,80.0,82.13755867128066
3522703,Itápolis (SP),2010,80.0,80.30718594768167
3522703,Itápolis (SP),2011,80.0,80.23587781143733
3522703,Itápolis (SP),2012,85.0,81.81888298286438
3522703,Itápolis (SP),2013,85.0,85.07363104252998
3522703,Itápolis (SP),2014,60.0,68.73759922394275
3522703,Itápolis (SP),2015,60.0,68.59039693859552
3522703,Itápolis (SP),2016,66.0,70.691016553779
3522703,Itápolis (SP),2017,66.0,69.76320380568137
3522703,Itápolis (SP),2018,90.0,77.92507096982303
3522703,Itápolis (SP),2019,90.0,88.5910449199631
3522703,Itápolis (SP),2020,87.0,86.54045634928744
3522703,Itápolis (SP),2021,70.0,74.33026350008323
3522703,Itápolis (SP),2022,60.0,76.53609261312288
3522703,Itápolis (SP),2023,80.0,76.36525968707683
3522703,Itápolis (SP),2024,85.0,78.25007445198557
3522802,Itaporanga (SP),2008,80.0,91.93034969515593
3522802,Itaporanga (SP),2010,80.0,79.85945834942781
3522802,Itaporanga (SP),2011,65.0,76.97997136821496
3522802,Itaporanga (SP),2012,70.0,69.51693709777221
3522802,Itaporanga (SP),2013,45.0,63.75686721388183
3522802,Itaporanga (SP),2014,70.0,61.50858811356002
3522802,Itaporanga (SP),2015,70.0,70.93776575271653
3522802,Itaporanga (SP),2018,70.0,70.62474681749933
3522901,Itapuí (SP),2001,90.0,81.12625073751808
3522901,Itapuí (SP),2002,80.0,84.16776687083892
3522901,Itapuí (SP),2003,90.0,85.5034815317997
3522901,Itapuí (SP),2004,90.0,87.61084561873616
3522901,Itapuí (SP),2005,89.406,89.99668091313457
3522901,Itapuí (SP),2006,90.0,89.1441516816242
3522901,Itapuí (SP),2007,100.0,89.93893325936283
3522901,Itapuí (SP),2008,100.0,90.050187178423
3522901,Itapuí (SP),2009,97.0,96.83580711687502
3522901,Itapuí (SP),2010,100.0,95.48000310881335
3522901,Itapuí (SP),2011,100.0,96.66732942513448
3522901,Itapuí (SP),2012,85.0,86.85468525713172
3522901,Itapuí (SP),2013,85.0,84.64291139117529
3522901,Itapuí (SP),2014,85.0,79.02309125726318
3522901,Itapuí (SP),2015,85.0,83.91119136468983
3522901,Itapuí (SP),2016,85.0,84.00562869075847
3522901,Itapuí (SP),2017,85.0,83.02343950421924
3522901,Itapuí (SP),2018,75.0,83.28698625931531
3522901,Itapuí (SP),2019,80.0,76.41233034781231
3522901,Itapuí (SP),2020,75.0,77.27114613828144
3522901,Itapuí (SP),2021,74.0,71.52456575564418
3522901,Itapuí (SP),2022,75.0,75.1173135258555
3522901,Itapuí (SP),2023,88.0,80.26100811125661
3522901,Itapuí (SP),2024,65.06,71.41342782122041
3523008,Itapura (SP),2006,90.0,94.31582729032777
3523008,Itapura (SP),2007,90.0,88.8259107760734
3523008,Itapura (SP),2008,99.946,93.40626665615201
3523008,Itapura (SP),2009,97.4,103.81016186806703
3523008,Itapura (SP),2010,90.0,91.96775105152938
3523008,Itapura (SP),2011,110.526,96.93991894654324
3523008,Itapura (SP),2012,64.785,76.41439802997334
3523008,Itapura (SP),2013,66.23,70.70258705716552
3523008,Itapura (SP),2014,66.23,66.67572640895672
3523008,Itapura (SP),2015,80.9,78.04156359005897
3523008,Itapura (SP),2016,100.0,80.05823999305541
3523008,Itapura (SP),2017,100.0,99.90154536164287
3523008,Itapura (SP),2018,100.0,88.98869023137046
3523008,Itapura (SP),2019,80.0,83.45017358589321
3523008,Itapura (SP),2020,95.0,77.04681994007383
3523008,Itapura (SP),2021,66.5,75.52179719444443
3523008,Itapura (SP),2022,62.0,66.90733004077781
3523008,Itapura (SP),2023,75.0,74.62499921954924
3523008,Itapura (SP),2024,67.0,69.28364063827367
3523206,Itararé (SP),2011,80.0,60.383461468753474
3523206,Itararé (SP),2018,70.0,73.7231043739488
3523206,Itararé (SP),2019,70.0,70.10879936779206
3523206,Itararé (SP),2020,70.0,67.87996933770394
3523206,Itararé (SP),2021,70.0,67.97291940382516
3523206,Itararé (SP),2022,70.0,69.42247781989258
3523206,Itararé (SP),2023,73.0,74.23295115347454
3523206,Itararé (SP),2024,70.0,69.75274409096623
3523404,Itatiba (SP),2009,80.0,74.70047095570824
3523404,Itatiba (SP),2010,80.0,76.80308530655323
3523404,Itatiba (SP),2011,80.0,77.72208208174767
3523404,Itatiba (SP),2012,80.0,82.55241985917904
3523404,Itatiba (SP),2013,80.0,74.18203223792112
3523404,Itatiba (SP),2014,80.0,77.98288903591407
3523404,Itatiba (SP),2015,50.0,69.45246810654353
3523404,Itatiba (SP),2016,50.0,52.984618348124094
3523404,Itatiba (SP),2017,50.0,51.6958864079254
3523404,Itatiba (SP),2018,50.0,54.354242389527144
3523404,Itatiba (SP),2019,50.0,49.99200810172263
3523404,Itatiba (SP),2020,50.0,54.74645744300145
3523404,Itatiba (SP),2021,50.0,52.86112214457765
3523404,Itatiba (SP),2022,50.0,51.45048605531073
3523404,Itatiba (SP),2023,75.0,60.78322300252525
3523404,Itatiba (SP),2024,50.0,64.35430413400483
3523503,Itatinga (SP),2008,60.0,62.212301930427685
3523503,Itatinga (SP),2009,60.0,62.63016613288102
3523503,Itatinga (SP),2010,61.224,62.83951224093961
3523503,Itatinga (SP),2011,60.0,64.64943878521478
3523503,Itatinga (SP),2012,60.0,60.85809050681541
3523503,Itatinga (SP),2013,70.0,65.83866886935284
3523503,Itatinga (SP),2014,90.0,74.21736526895465
3523503,Itatinga (SP),2015,80.0,87.368264793983
3523503,Itatinga (SP),2016,80.0,76.3043538637354
3523503,Itatinga (SP),2017,80.0,80.53630426499728
3523503,Itatinga (SP),2018,80.0,80.60478108512996
3523503,Itatinga (SP),2019,78.511,79.50634730782156
3523503,Itatinga (SP),2020,78.511,78.69187738914769
3523503,Itatinga (SP),2021,80.0,76.34879698678401
3523503,Itatinga (SP),2022,77.958,78.90965852450395
3523503,Itatinga (SP),2023,79.007,79.58671897834598
3523503,Itatinga (SP),2024,96.721,78.76357168303917
3523602,Itirapina (SP),2001,81.641,87.99418743651694
3523602,Itirapina (SP),2002,64.686,76.42926295427364
3523602,Itirapina (SP),2003,72.939,73.83586255129298
3523602,Itirapina (SP),2004,78.84,78.75395147336866
3523602,Itirapina (SP),2005,66.019,75.82886935402568
3523602,Itirapina (SP),2006,67.772,69.17468929959777
3523602,Itirapina (SP),2007,68.181,71.24381991798778
3523602,Itirapina (SP),2008,70.0,71.55149484361945
3523602,Itirapina (SP),2009,66.103,70.25845386446098
3523602,Itirapina (SP),2010,71.0,71.3717352860715
3523602,Itirapina (SP),2011,71.0,72.40332631085626
3523602,Itirapina (SP),2012,71.0,75.07481397993757
3523602,Itirapina (SP),2013,70.0,73.96593169864828
3523602,Itirapina (SP),2014,49.3,61.141511816835525
3523602,Itirapina (SP),2015,65.0,65.16341053162115
3523602,Itirapina (SP),2016,65.0,67.86829081210466
3523602,Itirapina (SP),2017,65.0,66.03532670765298
3523602,Itirapina (SP),2018,70.0,68.64027702229195
3523602,Itirapina (SP),2019,70.0,70.77510124226426
3523602,Itirapina (SP),2020,70.0,70.54508863039717
3523602,Itirapina (SP),2021,70.0,68.57475470415699
3523602,Itirapina (SP),2022,70.0,72.55643728256683
3523602,Itirapina (SP),2023,70.0,74.2192987966119
3523602,Itirapina (SP),2024,70.0,68.80315149664561
3523701,Itirapuã (SP),2009,95.0,76.97405915603714
3523701,Itirapuã (SP),2010,95.0,95.03816857405472
3523701,Itirapuã (SP),2011,100.0,93.89488527048809
3523701,Itirapuã (SP),2012,100.0,98.74842672625708
3523701,Itirapuã (SP),2013,100.0,96.95000540599229
3523701,Itirapuã (SP),2014,95.0,84.62400236213601
3523701,Itirapuã (SP),2015,100.0,96.04862360175585
3523701,Itirapuã (SP),2016,100.0,101.02614777256588
3523701,Itirapuã (SP),2017,90.0,94.61775039420944
3523701,Itirapuã (SP),2018,90.0,89.3111542533139
3523701,Itirapuã (SP),2019,83.75,89.85174210309324
3523701,Itirapuã (SP),2020,93.333,86.780204352465
3523701,Itirapuã (SP),2021,68.0,77.04172528550156
3523701,Itirapuã (SP),2022,70.0,71.61407718921708
3523701,Itirapuã (SP),2023,80.0,75.42136809143403
3523701,Itirapuã (SP),2024,73.375,78.02545028308488
3523800,Itobi (SP),2001,80.0,78.23552346902765
3523800,Itobi (SP),2002,80.0,81.3087951442417
3523800,Itobi (SP),2003,80.0,78.51451135312675
3523800,Itobi (SP),2004,80.0,80.72002805607009
3523800,Itobi (SP),2005,79.463,80.82084126277734
3523800,Itobi (SP),2006,80.0,81.38894833322729
3523800,Itobi (SP),2007,80.0,80.85736131388806
3523800,Itobi (SP),2008,80.0,81.39117499299026
3523800,Itobi (SP),2009,80.0,80.71077873014985
3523800,Itobi (SP),2010,80.0,78.05080437884
3523800,Itobi (SP),2011,80.0,80.35152604594218
3523800,Itobi (SP),2012,90.0,86.70750158068948
3523800,Itobi (SP),2013,100.0,92.25130616675318
3523800,Itobi (SP),2014,100.0,94.90528910563049
3523800,Itobi (SP),2015,80.0,89.39271092782641
3523800,Itobi (SP),2016,80.0,81.1802861305753
3523800,Itobi (SP),2017,80.0,79.1967059926554
3523800,Itobi (SP),2018,80.0,80.50280085244505
3523800,Itobi (SP),2019,80.556,80.30926326583399
3523800,Itobi (SP),2020,80.0,82.63329720238107
3523800,Itobi (SP),2021,94.394,79.31500687237191
3523800,Itobi (SP),2022,95.0,93.4899069121999
3523800,Itobi (SP),2023,71.61,82.40295216308805
3523800,Itobi (SP),2024,94.5,81.22646383932168
3523909,Itu (SP),2001,70.0,85.0322191759394
3523909,Itu (SP),2002,70.0,74.1410544311375
3523909,Itu (SP),2003,70.0,71.01577011446308
3523909,Itu (SP),2004,70.0,69.75715917030934
3523909,Itu (SP),2005,69.53,78.24092598109921
3523909,Itu (SP),2006,75.0,74.10796317908549
3523909,Itu (SP),2007,75.0,76.12220009566734
3523909,Itu (SP),2008,70.0,72.14323047775355
3523909,Itu (SP),2009,70.0,72.15336279956594
3523909,Itu (SP),2010,70.0,71.90175548430794
3523909,Itu (SP),2011,70.0,71.17772715979889
3523909,Itu (SP),2012,70.0,71.76728072219032
3523909,Itu (SP),2013,72.0,72.60501680066963
3523909,Itu (SP),2014,59.0,65.80955925577005
3523909,Itu (SP),2015,80.0,63.466083521318716
3523909,Itu (SP),2016,70.0,74.04169214432265
3523909,Itu (SP),2017,80.0,71.75497191132457
3523909,Itu (SP),2018,79.0,79.27030536786268
3523909,Itu (SP),2019,79.0,79.34471793960543
3523909,Itu (SP),2020,79.0,81.3790202263175
3523909,Itu (SP),2021,70.0,78.75387286189111
3523909,Itu (SP),2022,79.333,75.65059983369852
3523909,Itu (SP),2023,74.0,79.29839837260194
3523909,Itu (SP),2024,80.0,77.92034473125264
3524006,Itupeva (SP),2001,70.0,68.56102576697907
3524006,Itupeva (SP),2002,70.0,70.78931476809029
3524006,Itupeva (SP),2003,70.0,69.45415475712709
3524006,Itupeva (SP),2004,70.0,68.38617426815985
3524006,Itupeva (SP),2005,70.677,70.1875854863157
3524006,Itupeva (SP),2006,70.0,70.91855650681649
3524006,Itupeva (SP),2007,70.0,71.1911667517211
3524006,Itupeva (SP),2008,70.0,67.48708751745656
3524006,Itupeva (SP),2009,80.0,73.64809519184098
3524006,Itupeva (SP),2010,75.0,76.4953468721276
3524006,Itupeva (SP),2011,75.0,74.66203613280351
3524006,Itupeva (SP),2012,75.0,76.58638588407385
3524006,Itupeva (SP),2013,75.0,76.36418965911078
3524006,Itupeva (SP),2014,75.0,74.22123405212935
3524006,Itupeva (SP),2015,120.0,74.45759628493573
3524006,Itupeva (SP),2016,120.0,95.91739818243404
3524006,Itupeva (SP),2017,60.0,82.7369550789974
3524006,Itupeva (SP),2018,50.0,54.23975189348149
3524006,Itupeva (SP),2019,50.0,53.49219898730193
3524006,Itupeva (SP),2020,50.0,55.24400695355872
3524006,Itupeva (SP),2024,50.0,52.33089315401267
3524105,Ituverava (SP),2001,80.0,76.9715064875885
3524105,Ituverava (SP),2002,78.571,79.95864314347926
3524105,Ituverava (SP),2003,77.0,78.6871919859086
3524105,Ituverava (SP),2004,90.0,82.25293620163293
3524105,Ituverava (SP),2005,92.412,91.47692813866037
3524105,Ituverava (SP),2006,90.0,88.82021641905405
3524105,Ituverava (SP),2007,90.0,94.93973291293605
3524105,Ituverava (SP),2008,90.0,88.59644057238042
3524105,Ituverava (SP),2009,80.0,86.20138350516649
3524105,Ituverava (SP),2010,80.0,81.13340568035191
3524105,Ituverava (SP),2011,80.0,80.79657434995194
3524105,Ituverava (SP),2012,85.0,79.95438553000449
3524105,Ituverava (SP),2013,85.0,84.57360642744621
3524105,Ituverava (SP),2014,80.0,76.35718409278223
3524105,Ituverava (SP),2015,80.0,81.2127425132813
3524105,Ituverava (SP),2016,85.0,82.63438736256059
3524105,Ituverava (SP),2017,85.0,84.28590465728551
3524105,Ituverava (SP),2018,85.0,84.42448379536327
3524105,Ituverava (SP),2019,85.0,83.6705099651423
3524105,Ituverava (SP),2020,85.0,88.58269943831614
3524105,Ituverava (SP),2021,60.0,78.58036736659176
3524105,Ituverava (SP),2022,58.0,71.14301189001644
3524105,Ituverava (SP),2023,76.667,76.28428407319424
3524105,Ituverava (SP),2024,80.0,78.9495761469199
3524204,Jaborandi (SP),2001,80.0,81.65114914316806
3524204,Jaborandi (SP),2002,81.333,87.1059099864099
3524204,Jaborandi (SP),2003,90.0,83.98600043320266
3524204,Jaborandi (SP),2004,90.0,89.06466314824279
3524204,Jaborandi (SP),2005,92.399,90.5036072382974
3524204,Jaborandi (SP),2006,90.0,88.23753592392208
3524204,Jaborandi (SP),2007,90.0,90.82902475895195
3524204,Jaborandi (SP),2008,90.0,89.69673284441816
3524204,Jaborandi (SP),2009,90.0,88.33245081536623
3524204,Jaborandi (SP),2010,90.0,90.39964976827652
3524204,Jaborandi (SP),2011,75.0,82.15472649400861
3524204,Jaborandi (SP),2012,75.0,75.85802423628155
3524204,Jaborandi (SP),2013,75.0,76.79094442799638
3524204,Jaborandi (SP),2014,75.0,74.06664873648504
3524204,Jaborandi (SP),2015,75.0,73.91093345123554
3524204,Jaborandi (SP),2016,80.0,79.30561896537002
3524204,Jaborandi (SP),2017,75.0,79.47426833855089
3524204,Jaborandi (SP),2018,78.0,76.51360668861406
3524204,Jaborandi (SP),2019,76.0,76.22868395703938
3524204,Jaborandi (SP),2020,76.333,78.14878950638223
3524204,Jaborandi (SP),2021,76.778,71.43719773259913
3524204,Jaborandi (SP),2022,76.37,79.39852394194399
3524204,Jaborandi (SP),2023,76.494,78.99673361039049
3524204,Jaborandi (SP),2024,80.0,79.36948057306628
3524303,Jaboticabal (SP),2001,75.0,77.25783641484851
3524303,Jaboticabal (SP),2002,90.0,82.00427711278631
3524303,Jaboticabal (SP),2003,90.0,89.54501902172704
3524303,Jaboticabal (SP),2004,87.804,88.91366130002194
3524303,Jaboticabal (SP),2005,92.003,91.79994278727469
3524303,Jaboticabal (SP),2006,80.0,86.20713466505256
3524303,Jaboticabal (SP),2007,90.0,83.06464213581563
3524303,Jaboticabal (SP),2008,90.0,89.46703983506855
3524303,Jaboticabal (SP),2009,100.0,86.7391308257884
3524303,Jaboticabal (SP),2010,100.0,85.79925419877158
3524303,Jaboticabal (SP),2011,85.0,92.2949941492073
3524303,Jaboticabal (SP),2012,75.0,78.69872567498336
3524303,Jaboticabal (SP),2013,75.0,76.43690561897738
3524303,Jaboticabal (SP),2014,82.947,73.63152646567858
3524303,Jaboticabal (SP),2015,80.0,83.48821045814782
3524303,Jaboticabal (SP),2016,85.0,82.78510985120141
3524303,Jaboticabal (SP),2017,85.0,83.89137623608711
3524303,Jaboticabal (SP),2018,85.0,84.81992746918213
3524303,Jaboticabal (SP),2019,85.0,84.48029333445017
3524303,Jaboticabal (SP),2020,90.0,86.92964909142255
3524303,Jaboticabal (SP),2021,90.0,82.23497165731493
3524303,Jaboticabal (SP),2022,90.0,87.95555652410386
3524303,Jaboticabal (SP),2023,90.0,89.83547482463172
3524303,Jaboticabal (SP),2024,82.0,82.30552931994721
3524402,Jacareí (SP),2003,25.0,42.32130399374237
3524402,Jacareí (SP),2009,40.0,37.78003828943279
3524402,Jacareí (SP),2010,40.0,40.34731333325214
3524402,Jacareí (SP),2011,40.0,43.508061667259206
3524402,Jacareí (SP),2012,40.0,42.963172665913326
3524402,Jacareí (SP),2018,50.0,45.33101817852285
3524402,Jacareí (SP),2019,50.0,48.86738675614662
3524402,Jacareí (SP),2020,50.0,50.42353762090686
3524402,Jacareí (SP),2021,50.0,53.40791971296761
3524402,Jacareí (SP),2022,50.0,49.71124903408519
3524402,Jacareí (SP),2023,40.0,47.43881599370155
3524402,Jacareí (SP),2024,40.0,41.3555857014097
3524501,Jaci (SP),2004,110.0,94.97776264522565
3524501,Jaci (SP),2005,89.396,88.61359533517971
3524501,Jaci (SP),2006,250.0,116.10659314983806
3524501,Jaci (SP),2007,140.0,115.85654685503376
3524501,Jaci (SP),2008,80.0,82.90929276559461
3524501,Jaci (SP),2009,90.0,85.5280357352831
3524501,Jaci (SP),2010,90.0,89.8860838330076
3524501,Jaci (SP),2011,90.0,89.34309733847945
3524501,Jaci (SP),2012,90.0,85.3828698291275
3524501,Jaci (SP),2013,100.0,85.83934427225078
3524501,Jaci (SP),2014,75.0,78.08467488089688
3524501,Jaci (SP),2015,90.0,77.2684138547266
3524501,Jaci (SP),2016,110.0,94.06570024817287
3524501,Jaci (SP),2017,100.0,96.41677163214709
3524501,Jaci (SP),2018,110.0,90.13128291759571
3524501,Jaci (SP),2019,90.0,85.71241884320995
3524501,Jaci (SP),2020,90.0,87.1047744536971
3524501,Jaci (SP),2021,80.0,79.87073144519371
3524501,Jaci (SP),2022,80.0,84.63334640368886
3524501,Jaci (SP),2023,80.0,83.81812371088121
3524501,Jaci (SP),2024,80.0,79.59824453124652
3524600,Jacupiranga (SP),2019,30.0,25.961631798088757
3524600,Jacupiranga (SP),2020,30.0,31.635424449502548
3524600,Jacupiranga (SP),2021,30.0,28.737819087082286
3524600,Jacupiranga (SP),2022,30.0,30.2714898758907
3524600,Jacupiranga (SP),2023,30.0,29.420353648724078
3524600,Jacupiranga (SP),2024,30.0,32.62082594805685
3524709,Jaguariúna (SP),2001,70.0,77.24231088269725
3524709,Jaguariúna (SP),2002,80.0,74.88131159200617
3524709,Jaguariúna (SP),2003,80.0,80.59058579638192
3524709,Jaguariúna (SP),2004,90.0,83.24809710213418
3524709,Jaguariúna (SP),2005,99.329,88.84535319439924
3524709,Jaguariúna (SP),2006,80.0,90.89031007395286
3524709,Jaguariúna (SP),2007,100.0,87.29424815824392
3524709,Jaguariúna (SP),2008,100.0,100.35434858689892
3524709,Jaguariúna (SP),2009,100.0,100.53919426829044
3524709,Jaguariúna (SP),2010,52.0,73.94415686118498
3524709,Jaguariúna (SP),2011,83.0,81.55574495841947
3524709,Jaguariúna (SP),2012,83.0,81.62926124761341
3524709,Jaguariúna (SP),2013,83.0,84.1569845557051
3524709,Jaguariúna (SP),2014,70.0,72.00124250468977
3524709,Jaguariúna (SP),2015,80.0,76.86596598567759
3524709,Jaguariúna (SP),2016,80.0,78.98037824652299
3524709,Jaguariúna (SP),2017,80.0,80.27211519404463
3524709,Jaguariúna (SP),2018,80.0,77.18579071904679
3524709,Jaguariúna (SP),2019,80.0,79.66538605675754
3524709,Jaguariúna (SP),2020,80.0,81.99756094438027
3524709,Jaguariúna (SP),2021,80.0,79.85496036128329
3524709,Jaguariúna (SP),2022,80.0,81.24717638851124
3524709,Jaguariúna (SP),2023,80.0,81.85351658293453
3524709,Jaguariúna (SP),2024,80.0,78.57889814055997
3524808,Jales (SP),2010,110.0,102.63943623324947
3524808,Jales (SP),2011,90.0,90.94278599071757
3524808,Jales (SP),2012,85.0,86.10691391188044
3524808,Jales (SP),2013,85.0,84.08081536882796
3524808,Jales (SP),2014,80.0,77.03592316596882
3524808,Jales (SP),2015,80.0,85.2702149364193
3524808,Jales (SP),2016,80.0,79.95552903165
3524808,Jales (SP),2017,80.0,80.87435795361952
3524808,Jales (SP),2018,90.0,81.60131922194995
3524808,Jales (SP),2019,90.0,87.77220247975903
3524808,Jales (SP),2020,90.0,89.08990142498526
3524808,Jales (SP),2021,90.0,85.12303131783496
3524808,Jales (SP),2022,90.0,89.36245665901708
3524808,Jales (SP),2023,90.0,89.86864773825639
3524808,Jales (SP),2024,89.962,84.28592492471172
3524907,Jambeiro (SP),2001,60.0,57.312865217754464
3524907,Jambeiro (SP),2016,60.0,60.34422026810349
3524907,Jambeiro (SP),2023,40.0,54.252815800727014
3525102,Jardinópolis (SP),2001,70.0,76.61347754408476
3525102,Jardinópolis (SP),2002,80.0,75.95255278823774
3525102,Jardinópolis (SP),2003,80.0,81.59806987561736
3525102,Jardinópolis (SP),2004,80.0,80.59784844815147
3525102,Jardinópolis (SP),2005,82.144,81.58518427509442
3525102,Jardinópolis (SP),2006,80.0,83.07773206819884
3525102,Jardinópolis (SP),2007,80.035,80.62847606450653
3525102,Jardinópolis (SP),2008,80.0,81.1134984089434
3525102,Jardinópolis (SP),2009,120.0,88.1697824819321
3525102,Jardinópolis (SP),2010,89.998,109.09451121656114
3525102,Jardinópolis (SP),2011,89.999,86.15510716572754
3525102,Jardinópolis (SP),2012,79.985,84.15860025285821
3525102,Jardinópolis (SP),2013,79.985,80.96363489114842
3525102,Jardinópolis (SP),2014,74.1,73.65344129990842
3525102,Jardinópolis (SP),2015,80.0,74.89945661780268
3525102,Jardinópolis (SP),2016,80.0,80.21501554535877
3525102,Jardinópolis (SP),2017,80.0,79.09153203404603
3525102,Jardinópolis (SP),2018,80.0,81.57775563966555
3525102,Jardinópolis (SP),2019,80.0,79.97634159721711
3525102,Jardinópolis (SP),2020,80.0,80.62905501777428
3525102,Jardinópolis (SP),2021,80.0,77.90794350234324
3525102,Jardinópolis (SP),2022,80.0,82.25896952256534
3525102,Jardinópolis (SP),2023,80.0,80.84103524161826
3525102,Jardinópolis (SP),2024,80.0,80.66272882864166
3525201,Jarinu (SP),2001,75.0,75.44866410339164
3525201,Jarinu (SP),2002,75.0,73.97009520748051
3525201,Jarinu (SP),2003,75.0,73.83788056428314
3525201,Jarinu (SP),2004,75.0,75.37249772363323
3525201,Jarinu (SP),2005,74.495,73.49950259445092
3525201,Jarinu (SP),2006,75.0,74.77972828384145
3525201,Jarinu (SP),2007,75.0,75.67212423623766
3525201,Jarinu (SP),2008,75.0,75.82135610568871
3525201,Jarinu (SP),2009,75.0,76.40980106558659
3525201,Jarinu (SP),2010,70.0,72.70018797942919
3525201,Jarinu (SP),2011,70.0,68.36482146388082
3525201,Jarinu (SP),2012,80.0,75.3034448701281
3525201,Jarinu (SP),2013,80.0,73.40370738438646
3525201,Jarinu (SP),2014,80.0,77.21155915284942
3525201,Jarinu (SP),2015,65.0,67.64742293755278
3525201,Jarinu (SP),2016,65.0,65.68781681508769
3525201,Jarinu (SP),2017,65.0,66.63390505426518
3525201,Jarinu (SP),2018,65.0,62.50997047735159
3525201,Jarinu (SP),2019,65.0,65.74815764828962
3525201,Jarinu (SP),2020,65.0,66.71271396735209
3525201,Jarinu (SP),2021,65.0,65.0935170121363
3525201,Jarinu (SP),2022,65.0,62.42222234199431
3525201,Jarinu (SP),2023,65.0,70.61475254474692
3525201,Jarinu (SP),2024,65.0,64.579937127285
3525300,Jaú (SP),2001,81.081,78.21337608592229
3525300,Jaú (SP),2002,85.0,82.5443125853915
3525300,Jaú (SP),2003,80.0,82.45013060629579
3525300,Jaú (SP),2004,78.514,79.49533956259599
3525300,Jaú (SP),2005,81.781,79.89007941810185
3525300,Jaú (SP),2006,80.0,80.2070853531829
3525300,Jaú (SP),2007,82.0,82.14158289820709
3525300,Jaú (SP),2008,82.0,81.62111531393248
3525300,Jaú (SP),2009,82.988,81.8987568270556
3525300,Jaú (SP),2010,83.0,82.7485603216085
3525300,Jaú (SP),2011,85.0,82.91919105198264
3525300,Jaú (SP),2012,74.0,75.81440537859766
3525300,Jaú (SP),2013,78.0,78.82892481742782
3525300,Jaú (SP),2014,70.0,69.06313006192529
3525300,Jaú (SP),2015,75.035,78.54564646354017
3525300,Jaú (SP),2016,80.009,81.4865789945284
3525300,Jaú (SP),2017,78.01,81.0931410966762
3525300,Jaú (SP),2018,80.0,78.30871120212748
3525300,Jaú (SP),2019,80.0,79.97781738820356
3525300,Jaú (SP),2020,75.0,76.47493686348373
3525300,Jaú (SP),2021,74.0,72.05025402591849
3525300,Jaú (SP),2022,75.0,75.7408208215732
3525300,Jaú (SP),2023,85.0,80.71319416494097
3525300,Jaú (SP),2024,65.0,78.01808349054414
3525409,Jeriquara (SP),2001,100.0,100.69890998619003
3525409,Jeriquara (SP),2002,100.0,101.32455425083839
3525409,Jeriquara (SP),2003,100.0,104.16349248650639
3525409,Jeriquara (SP),2004,80.0,89.66195245490651
3525409,Jeriquara (SP),2005,89.396,81.68555939519275
3525409,Jeriquara (SP),2006,90.0,92.3310402404336
3525409,Jeriquara (SP),2007,80.0,92.40143298341022
3525409,Jeriquara (SP),2008,80.0,80.03169017314828
3525409,Jeriquara (SP),2009,75.0,81.17823016667101
3525409,Jeriquara (SP),2010,75.0,76.17426464885794
3525409,Jeriquara (SP),2011,80.0,78.86342856764533
3525409,Jeriquara (SP),2012,70.0,75.92287332633208
3525409,Jeriquara (SP),2013,100.0,80.90643367587928
3525409,Jeriquara (SP),2014,60.0,78.5735255096552
3525409,Jeriquara (SP),2015,70.0,71.58322918095058
3525409,Jeriquara (SP),2016,75.0,75.95174894815264
3525409,Jeriquara (SP),2017,80.0,76.84693229115378
3525409,Jeriquara (SP),2018,80.0,80.16549749472627
3525409,Jeriquara (SP),2019,80.0,78.80456871618647
3525409,Jeriquara (SP),2020,80.0,80.48656578063039
3525409,Jeriquara (SP),2021,75.0,76.90656233240449
3525409,Jeriquara (SP),2022,85.0,79.76309390209003
3525409,Jeriquara (SP),2023,80.0,82.04906935997504
3525409,Jeriquara (SP),2024,80.0,79.15188253062078
3525508,Joanópolis (SP),2003,40.0,45.151453160256416
3525508,Joanópolis (SP),2004,42.0,43.77347451547065
3525508,Joanópolis (SP),2005,40.957,42.38345188669663
3525508,Joanópolis (SP),2006,41.0,48.59626118163779
3525508,Joanópolis (SP),2007,41.0,47.478792106157755
3525508,Joanópolis (SP),2008,41.0,44.394933909340644
3525508,Joanópolis (SP),2009,41.0,41.09632867474195
3525508,Joanópolis (SP),2010,50.0,49.60247234479408
3525508,Joanópolis (SP),2011,60.0,52.01315254875677
3525607,João Ramalho (SP),2001,80.0,67.61977023846504
3525607,João Ramalho (SP),2002,80.0,77.79929221250059
3525607,João Ramalho (SP),2003,102.351,88.3684778813743
3525607,João Ramalho (SP),2004,102.351,90.58182264748856
3525607,João Ramalho (SP),2005,88.228,91.36350818450808
3525607,João Ramalho (SP),2006,70.0,84.57728143589665
3525607,João Ramalho (SP),2007,70.0,71.58199734235296
3525607,João Ramalho (SP),2008,73.15,72.36988517910186
3525607,João Ramalho (SP),2009,80.0,77.0149566406241
3525607,João Ramalho (SP),2010,80.0,80.78426662374788
3525607,João Ramalho (SP),2011,72.0,79.40888301330972
3525607,João Ramalho (SP),2012,70.0,72.29214314301919
3525607,João Ramalho (SP),2013,72.572,73.40169027973147
3525607,João Ramalho (SP),2014,63.0,66.39374672348012
3525607,João Ramalho (SP),2015,76.0,72.87600557065193
3525607,João Ramalho (SP),2016,68.454,79.27961064852225
3525607,João Ramalho (SP),2017,70.992,71.46204686187569
3525607,João Ramalho (SP),2018,65.871,69.78910536493015
3525607,João Ramalho (SP),2019,65.871,67.23082456830647
3525607,João Ramalho (SP),2020,67.331,70.50723517068016
3525607,João Ramalho (SP),2021,65.571,65.61664311270673
3525607,João Ramalho (SP),2022,66.294,68.32629811848904
3525607,João Ramalho (SP),2023,61.514,68.96767293464627
3525607,João Ramalho (SP),2024,60.519,64.41834968881435
3525706,José Bonifácio (SP),2001,80.0,92.87873771166795
3525706,José Bonifácio (SP),2002,80.0,87.57611208788194
3525706,José Bonifácio (SP),2003,80.0,84.14005760728652
3525706,José Bonifácio (SP),2004,80.0,86.79319540096391
3525706,José Bonifácio (SP),2005,118.68,94.26922280347944
3525706,José Bonifácio (SP),2006,80.0,93.51865434985164
3525706,José Bonifácio (SP),2007,100.0,86.32526295375719
3525706,José Bonifácio (SP),2008,90.0,91.43531315124157
3525706,José Bonifácio (SP),2009,90.0,89.38690418232272
3525706,José Bonifácio (SP),2010,90.0,89.87797667745126
3525706,José Bonifácio (SP),2011,90.0,89.39775875731583
3525706,José Bonifácio (SP),2012,99.048,88.18657810222484
3525706,José Bonifácio (SP),2013,90.0,89.83351993207694
3525706,José Bonifácio (SP),2014,60.0,71.21793510784029
3525706,José Bonifácio (SP),2015,60.606,73.45387362649281
3525706,José Bonifácio (SP),2016,80.0,75.11795468143441
3525706,José Bonifácio (SP),2017,70.0,80.07822281939664
3525706,José Bonifácio (SP),2018,70.0,70.59596368330635
3525706,José Bonifácio (SP),2019,70.0,72.04673325875603
3525706,José Bonifácio (SP),2020,80.0,73.26835379208697
3525706,José Bonifácio (SP),2021,65.0,75.65453220750284
3525706,José Bonifácio (SP),2022,70.0,74.84764475349998
3525706,José Bonifácio (SP),2023,90.0,86.17843399816071
3525706,José Bonifácio (SP),2024,80.0,83.3870088594771
3525805,Júlio Mesquita (SP),2008,50.0,81.92263502249172
3525805,Júlio Mesquita (SP),2009,50.0,60.850221514042325
3525805,Júlio Mesquita (SP),2011,80.0,67.22626538635669
3525805,Júlio Mesquita (SP),2012,60.0,73.09160526544409
3525805,Júlio Mesquita (SP),2013,59.314,64.25365357651856
3525805,Júlio Mesquita (SP),2014,70.0,64.30520768907483
3525805,Júlio Mesquita (SP),2015,80.0,74.10015304056046
3525805,Júlio Mesquita (SP),2016,60.0,81.17693859129803
3525805,Júlio Mesquita (SP),2017,70.0,66.75526639954329
3525805,Júlio Mesquita (SP),2018,70.0,71.662684187631
3525805,Júlio Mesquita (SP),2024,75.0,73.02361507551291
3525854,Jumirim (SP),2001,100.0,95.92186792316183
3525854,Jumirim (SP),2002,100.0,95.953270032419
3525854,Jumirim (SP),2003,100.0,97.55868906951959
3525854,Jumirim (SP),2004,100.0,91.45618143888903
3525854,Jumirim (SP),2005,99.328,96.94268180182847
3525854,Jumirim (SP),2006,80.0,88.21205072379061
3525854,Jumirim (SP),2007,80.0,79.625508333592
3525854,Jumirim (SP),2008,100.0,86.20862711677236
3525854,Jumirim (SP),2009,75.0,85.46348858135799
3525854,Jumirim (SP),2010,65.0,71.06300770599321
3525854,Jumirim (SP),2011,65.0,67.2558250592552
3525854,Jumirim (SP),2012,80.0,72.50463391559107
3525854,Jumirim (SP),2013,100.0,84.30283303975934
3525854,Jumirim (SP),2014,100.0,88.28227233484408
3525854,Jumirim (SP),2015,100.0,97.74491141884046
3525854,Jumirim (SP),2016,100.0,95.83933650769437
3525854,Jumirim (SP),2017,100.0,96.90957923711726
3525854,Jumirim (SP),2018,100.0,98.0174191311931
3525854,Jumirim (SP),2019,75.0,84.3337632936736
3525854,Jumirim (SP),2020,100.0,86.43989533541934
3525854,Jumirim (SP),2021,100.0,92.6378538367327
3525854,Jumirim (SP),2022,90.0,92.97513420236362
3525854,Jumirim (SP),2023,100.0,86.57683958207852
3525854,Jumirim (SP),2024,90.0,92.58781390351173
3525904,Jundiaí (SP),2003,50.0,51.1850688284077
3525904,Jundiaí (SP),2004,50.0,50.739308888972154
3525904,Jundiaí (SP),2005,49.666,50.90599043926906
3525904,Jundiaí (SP),2006,50.0,51.39961768700742
3525904,Jundiaí (SP),2007,50.0,51.03222446162172
3525904,Jundiaí (SP),2008,50.0,50.56277261932515
3525904,Jundiaí (SP),2010,60.0,60.391558958097455
3526001,Junqueirópolis (SP),2001,50.0,54.48351529971987
3526001,Junqueirópolis (SP),2002,58.444,62.24109577108756
3526001,Junqueirópolis (SP),2003,58.0,69.10983972695935
3526001,Junqueirópolis (SP),2004,70.0,67.78398484872504
3526001,Junqueirópolis (SP),2005,69.539,70.81385388147777
3526001,Junqueirópolis (SP),2006,85.0,75.40492279980774
3526001,Junqueirópolis (SP),2007,79.957,84.26345133951776
3526001,Junqueirópolis (SP),2008,85.2,84.24389144217605
3526001,Junqueirópolis (SP),2009,85.2,82.60454633686487
3526001,Junqueirópolis (SP),2010,80.0,82.10110911067027
3526001,Junqueirópolis (SP),2011,85.0,79.66640293240697
3526001,Junqueirópolis (SP),2012,75.6,71.97042698912195
3526001,Junqueirópolis (SP),2013,70.0,74.50507778278973
3526001,Junqueirópolis (SP),2014,52.884,61.336571220713616
3526001,Junqueirópolis (SP),2015,70.0,71.04642969899476
3526001,Junqueirópolis (SP),2016,65.0,69.81918137986627
3526001,Junqueirópolis (SP),2017,70.0,71.06465888195659
3526001,Junqueirópolis (SP),2018,70.0,70.50118124746032
3526001,Junqueirópolis (SP),2019,65.0,70.07353351257859
3526001,Junqueirópolis (SP),2020,65.0,66.93434776545605
3526001,Junqueirópolis (SP),2021,64.0,65.82848594273781
3526001,Junqueirópolis (SP),2022,68.0,68.28688652240963
3526001,Junqueirópolis (SP),2023,82.0,74.10891538406489
3526001,Junqueirópolis (SP),2024,65.0,73.65424224220222
3526308,Lagoinha (SP),2010,70.0,59.832121719752486
3526308,Lagoinha (SP),2011,70.0,67.07408176067031
3526308,Lagoinha (SP),2016,60.0,66.33001115545142
3526308,Lagoinha (SP),2017,88.0,68.83601682950382
3526308,Lagoinha (SP),2018,49.0,69.55191502029548
3526308,Lagoinha (SP),2019,25.0,37.64768038325563
3526308,Lagoinha (SP),2021,100.0,37.86282688407426
3526308,Lagoinha (SP),2022,75.0,82.43006559699947
3526308,Lagoinha (SP),2023,70.0,70.96979236621776
3526407,Laranjal Paulista (SP),2002,80.0,76.57393485602057
3526407,Laranjal Paulista (SP),2003,90.0,84.38346151155255
3526407,Laranjal Paulista (SP),2004,80.0,83.84589287596776
3526407,Laranjal Paulista (SP),2005,79.463,77.47645951806199
3526407,Laranjal Paulista (SP),2006,90.0,83.65929703597926
3526407,Laranjal Paulista (SP),2007,90.0,85.94586110838651
3526407,Laranjal Paulista (SP),2008,85.0,85.03271217970477
3526407,Laranjal Paulista (SP),2009,90.0,79.18031958283588
3526407,Laranjal Paulista (SP),2010,100.0,94.86691586090897
3526407,Laranjal Paulista (SP),2011,90.0,90.79826406803546
3526407,Laranjal Paulista (SP),2012,90.0,88.77420226355771
3526407,Laranjal Paulista (SP),2013,90.0,89.3207878118213
3526407,Laranjal Paulista (SP),2016,100.0,93.79740436169166
3526407,Laranjal Paulista (SP),2017,100.0,95.72072992999743
3526407,Laranjal Paulista (SP),2018,100.0,96.49634043154342
3526407,Laranjal Paulista (SP),2019,73.0,83.98280386496388
3526407,Laranjal Paulista (SP),2020,73.0,75.31397915164813
3526407,Laranjal Paulista (SP),2021,91.0,79.21880772870203
3526407,Laranjal Paulista (SP),2022,88.0,88.12947030410358
3526407,Laranjal Paulista (SP),2023,90.0,87.29948014973182
3526407,Laranjal Paulista (SP),2024,90.0,86.89936929336292
3526506,Lavínia (SP),2002,75.0,76.93793698448746
3526506,Lavínia (SP),2003,75.0,78.49596416398532
3526506,Lavínia (SP),2004,75.0,74.96531718592819
3526506,Lavínia (SP),2005,83.999,70.85837591779058
3526506,Lavínia (SP),2006,75.0,80.9368815487003
3526506,Lavínia (SP),2007,80.0,83.4902048579167
3526506,Lavínia (SP),2008,80.0,81.46857555078024
3526506,Lavínia (SP),2009,80.0,77.17403665789989
3526506,Lavínia (SP),2010,84.615,81.97110352568917
3526506,Lavínia (SP),2011,80.0,81.40505264657637
3526506,Lavínia (SP),2012,80.0,77.90402667111839
3526506,Lavínia (SP),2013,80.0,79.66116680922674
3526506,Lavínia (SP),2014,70.0,69.10707265725807
3526506,Lavínia (SP),2015,70.0,72.9363292623052
3526506,Lavínia (SP),2016,80.0,72.08500324550445
3526506,Lavínia (SP),2017,80.0,78.84716681246776
3526506,Lavínia (SP),2018,80.0,79.21183460734193
3526506,Lavínia (SP),2019,80.0,76.70101929334332
3526506,Lavínia (SP),2020,80.0,75.63410732105393
3526506,Lavínia (SP),2021,80.0,76.5528996729243
3526506,Lavínia (SP),2022,80.0,76.92444098201895
3526506,Lavínia (SP),2023,80.0,83.61899748030743
3526506,Lavínia (SP),2024,85.222,76.91622731835422
3526704,Leme (SP),2001,85.0,75.9773615361222
3526704,Leme (SP),2002,92.18,86.64693052523481
3526704,Leme (SP),2003,87.89,87.90245852186099
3526704,Leme (SP),2004,88.0,87.82523643538809
3526704,Leme (SP),2005,95.492,93.10420929031282
3526704,Leme (SP),2006,90.0,91.31095033184899
3526704,Leme (SP),2007,90.0,85.94011748856593
3526704,Leme (SP),2008,90.0,88.53865820501947
3526704,Leme (SP),2009,106.0,94.66879793151014
3526704,Leme (SP),2010,63.93,83.47125292262834
3526704,Leme (SP),2011,80.0,77.92118378933793
3526704,Leme (SP),2012,71.0,74.3675607528445
3526704,Leme (SP),2013,80.0,77.11783830699764
3526704,Leme (SP),2014,60.0,66.63295685765463
3526704,Leme (SP),2015,90.0,77.49703835873852
3526704,Leme (SP),2016,90.015,89.00742198831009
3526704,Leme (SP),2017,90.015,89.00914974120062
3526704,Leme (SP),2018,90.015,87.81983795185437
3526704,Leme (SP),2019,92.7,90.37119982782687
3526704,Leme (SP),2020,92.7,92.24176731242481
3526704,Leme (SP),2021,100.0,90.55947608467321
3526704,Leme (SP),2022,91.805,92.99779671852875
3526704,Leme (SP),2023,90.0,88.99889462662773
3526704,Leme (SP),2024,85.0,85.17096975359598
3526803,Lençóis Paulista (SP),2001,75.0,71.49091971156622
3526803,Lençóis Paulista (SP),2002,75.303,74.49951841967409
3526803,Lençóis Paulista (SP),2003,75.0,76.01854415184138
3526803,Lençóis Paulista (SP),2004,71.429,75.17278811561948
3526803,Lençóis Paulista (SP),2005,78.712,77.0874569158826
3526803,Lençóis Paulista (SP),2006,72.0,79.39310456899575
3526803,Lençóis Paulista (SP),2007,72.0,73.76745018488776
3526803,Lençóis Paulista (SP),2008,75.0,74.97892877817357
3526803,Lençóis Paulista (SP),2009,75.0,76.75042624992923
3526803,Lençóis Paulista (SP),2010,75.0,74.84281323550864
3526803,Lençóis Paulista (SP),2011,79.0,77.36580149693874
3526803,Lençóis Paulista (SP),2012,79.0,77.4098670737227
3526803,Lençóis Paulista (SP),2013,79.0,79.8034462448466
3526803,Lençóis Paulista (SP),2014,73.374,69.13420645081419
3526803,Lençóis Paulista (SP),2015,80.0,79.3366491079882
3526803,Lençóis Paulista (SP),2016,80.0,80.57653482651448
3526803,Lençóis Paulista (SP),2017,85.94,81.32838490437528
3526803,Lençóis Paulista (SP),2018,76.0,81.69234395522703
3526803,Lençóis Paulista (SP),2019,76.0,78.46457058354737
3526803,Lençóis Paulista (SP),2020,70.0,73.70575415253342
3526803,Lençóis Paulista (SP),2021,67.0,67.2436840799201
3526803,Lençóis Paulista (SP),2022,71.0,69.27419789440073
3526803,Lençóis Paulista (SP),2023,80.0,77.31193792821486
3526803,Lençóis Paulista (SP),2024,78.0,76.40364720733436
3526902,Limeira (SP),2001,70.0,72.43344191638528
3526902,Limeira (SP),2002,70.0,73.23402278655692
3526902,Limeira (SP),2003,70.0,71.87456817928626
3526902,Limeira (SP),2004,70.0,72.67659431079053
3526902,Limeira (SP),2005,71.879,74.98722538871863
3526902,Limeira (SP),2006,70.0,72.81824747506273
3526902,Limeira (SP),2007,70.0,72.018597697624
3526902,Limeira (SP),2008,70.0,72.75029964948213
3526902,Limeira (SP),2009,70.0,71.25994079685208
3526902,Limeira (SP),2010,80.0,74.00770843023255
3526902,Limeira (SP),2011,80.0,80.61200355355828
3526902,Limeira (SP),2012,80.0,79.558189027331
3526902,Limeira (SP),2013,83.0,80.69563799200267
3526902,Limeira (SP),2014,64.958,64.68049637067101
3526902,Limeira (SP),2015,72.698,68.44649199757093
3526902,Limeira (SP),2016,80.0,80.5629873876773
3526902,Limeira (SP),2017,80.0,80.15143402371683
3526902,Limeira (SP),2018,80.576,78.88458610243046
3526902,Limeira (SP),2019,79.2,80.12559868961898
3526902,Limeira (SP),2020,79.067,78.82377074335274
3526902,Limeira (SP),2021,90.0,81.57201295101554
3526902,Limeira (SP),2022,90.0,88.41576350704874
3526902,Limeira (SP),2023,79.422,84.74056240448789
3526902,Limeira (SP),2024,80.0,80.25181725090222
3527009,Lindóia (SP),2001,52.5,63.73113977639088
3527009,Lindóia (SP),2002,52.5,56.35210415584415
3527009,Lindóia (SP),2003,70.0,64.05015866274002
3527009,Lindóia (SP),2004,70.0,67.42843814330982
3527009,Lindóia (SP),2005,79.476,68.80500638908242
3527009,Lindóia (SP),2006,70.0,64.42764921235876
3527009,Lindóia (SP),2007,60.0,68.90053333167951
3527009,Lindóia (SP),2008,80.0,69.96376500215065
3527009,Lindóia (SP),2009,80.0,77.00863195088802
3527009,Lindóia (SP),2010,52.0,74.45444006431069
3527009,Lindóia (SP),2011,70.0,78.19053195342156
3527009,Lindóia (SP),2012,70.0,66.4829143638401
3527009,Lindóia (SP),2013,70.0,66.75649027855033
3527009,Lindóia (SP),2014,50.0,60.108033748402725
3527009,Lindóia (SP),2015,50.0,50.222335253196995
3527009,Lindóia (SP),2016,100.0,66.91855788177101
3527009,Lindóia (SP),2017,100.0,97.66828217275551
3527009,Lindóia (SP),2018,100.0,96.84672030137205
3527009,Lindóia (SP),2019,100.0,92.8004729608995
3527009,Lindóia (SP),2020,100.0,98.01817359337883
3527009,Lindóia (SP),2021,100.0,92.04242063347763
3527009,Lindóia (SP),2022,100.0,96.10020801742814
3527009,Lindóia (SP),2023,100.0,97.74682983172107
3527009,Lindóia (SP),2024,100.0,96.49841699772962
3527108,Lins (SP),2001,73.617,80.00326578127888
3527108,Lins (SP),2002,76.932,77.06196908211675
3527108,Lins (SP),2003,78.206,78.53981392579513
3527108,Lins (SP),2004,83.95,80.63007762833128
3527108,Lins (SP),2005,71.524,74.88903992164312
3527108,Lins (SP),2006,74.167,78.37894017261057
3527108,Lins (SP),2007,63.0,77.09875530613093
3527108,Lins (SP),2008,90.0,79.51715744235284
3527108,Lins (SP),2009,100.0,96.39756913791297
3527108,Lins (SP),2010,75.0,83.96214448878114
3527108,Lins (SP),2011,75.0,76.30151036392739
3527108,Lins (SP),2013,83.0,80.73608868698525
3527108,Lins (SP),2014,75.0,69.87521930604812
3527108,Lins (SP),2015,80.0,77.4740913516033
3527108,Lins (SP),2016,83.0,81.93967887325906
3527108,Lins (SP),2017,76.0,76.4162280492113
3527108,Lins (SP),2018,82.0,79.08986228170757
3527108,Lins (SP),2019,75.0,76.90875441122232
3527108,Lins (SP),2020,70.0,71.24819904241856
3527108,Lins (SP),2021,74.0,70.28280517235324
3527108,Lins (SP),2022,73.0,75.67720519133475
3527108,Lins (SP),2023,73.0,80.13100968589154
3527108,Lins (SP),2024,75.0,74.21319145967206
3527256,Lourdes (SP),2001,80.0,88.98529423119246
3527256,Lourdes (SP),2002,117.704,89.47104712759277
3527256,Lourdes (SP),2003,114.299,95.30698320268623
3527256,Lourdes (SP),2004,84.187,90.41211424284003
3527256,Lourdes (SP),2005,81.185,80.79466311297287
3527256,Lourdes (SP),2006,114.0,95.21237208900058
3527256,Lourdes (SP),2007,114.0,105.18380647019653
3527256,Lourdes (SP),2008,102.0,97.18903375392563
3527256,Lourdes (SP),2009,102.0,99.38360833160661
3527256,Lourdes (SP),2010,113.952,102.59242548071246
3527256,Lourdes (SP),2011,73.54,83.74520571136748
3527256,Lourdes (SP),2012,73.5,75.07382093491155
3527256,Lourdes (SP),2013,73.5,75.54501274886152
3527256,Lourdes (SP),2014,62.0,66.32708065817512
3527256,Lourdes (SP),2015,70.0,71.16242816055528
3527256,Lourdes (SP),2016,79.8,77.41158025229518
3527256,Lourdes (SP),2017,63.0,75.74710429033269
3527256,Lourdes (SP),2018,72.0,67.1575762597819
3527256,Lourdes (SP),2019,70.0,71.6014735345724
3527256,Lourdes (SP),2020,78.0,74.31913477511533
3527256,Lourdes (SP),2021,81.0,77.54205478044547
3527256,Lourdes (SP),2022,70.0,77.55556548313194
3527256,Lourdes (SP),2023,80.0,82.49996821119157
3527256,Lourdes (SP),2024,80.0,83.0664039172491
3527306,Louveira (SP),2012,60.0,51.26776826763514
3527306,Louveira (SP),2013,50.0,56.483933825410695
3527306,Louveira (SP),2014,55.0,53.382845536727146
3527306,Louveira (SP),2015,55.0,55.77865237648461
3527306,Louveira (SP),2016,55.0,56.06859308205684
3527306,Louveira (SP),2017,55.0,57.17105806696084
3527306,Louveira (SP),2018,55.0,52.744055596264836
3527306,Louveira (SP),2019,55.0,57.44509297084859
3527306,Louveira (SP),2020,55.0,58.370348430069924
3527306,Louveira (SP),2021,55.0,58.69208286886722
3527306,Louveira (SP),2022,55.0,52.6228336791958
3527306,Louveira (SP),2023,117.857,72.21492965845265
3527306,Louveira (SP),2024,55.0,80.07306124770409
3527405,Lucélia (SP),2001,70.0,71.92370574840241
3527405,Lucélia (SP),2002,79.688,83.57945315210034
3527405,Lucélia (SP),2003,79.81,77.91304439074872
3527405,Lucélia (SP),2004,80.0,79.95247900502878
3527405,Lucélia (SP),2005,80.464,82.15599978071927
3527405,Lucélia (SP),2006,87.0,85.25270142694485
3527405,Lucélia (SP),2007,87.0,84.73984658254149
3527405,Lucélia (SP),2008,87.0,85.23232780396783
3527405,Lucélia (SP),2009,86.986,84.84204023815653
3527405,Lucélia (SP),2010,87.0,84.06856228654273
3527405,Lucélia (SP),2011,80.0,77.68236546875505
3527405,Lucélia (SP),2012,63.0,67.831345283229
3527405,Lucélia (SP),2013,77.0,74.17529705374795
3527405,Lucélia (SP),2014,64.0,66.00423161648072
3527405,Lucélia (SP),2015,75.0,71.72714412530455
3527405,Lucélia (SP),2016,75.0,76.5609164804224
3527405,Lucélia (SP),2017,75.0,73.26573757584006
3527405,Lucélia (SP),2018,68.0,71.91366080007519
3527405,Lucélia (SP),2019,68.0,69.84432451879404
3527405,Lucélia (SP),2020,70.0,69.9638183015363
3527405,Lucélia (SP),2021,65.0,63.81514808617035
3527405,Lucélia (SP),2022,64.0,66.87652812189278
3527405,Lucélia (SP),2023,69.222,70.71707649086504
3527405,Lucélia (SP),2024,69.63,70.50187607276085
3527504,Lucianópolis (SP),2006,100.0,86.96615352688228
3527504,Lucianópolis (SP),2007,80.0,85.54087564428045
3527504,Lucianópolis (SP),2008,80.0,79.1908459626512
3527504,Lucianópolis (SP),2009,80.0,79.95923681269552
3527504,Lucianópolis (SP),2010,80.0,80.2016739402087
3527504,Lucianópolis (SP),2011,80.0,78.10968555546337
3527504,Lucianópolis (SP),2012,80.0,79.22106051858336
3527504,Lucianópolis (SP),2013,76.923,79.91021530850897
3527504,Lucianópolis (SP),2014,60.0,69.3701029415605
3527504,Lucianópolis (SP),2015,74.323,72.40959912044204
3527504,Lucianópolis (SP),2016,75.0,76.1021136629033
3527504,Lucianópolis (SP),2017,75.0,75.70589988369817
3527504,Lucianópolis (SP),2018,72.0,73.15701099826039
3527504,Lucianópolis (SP),2019,75.0,75.19146331617878
3527504,Lucianópolis (SP),2020,76.0,77.5685856265303
3527504,Lucianópolis (SP),2021,75.0,73.23696531224903
3527504,Lucianópolis (SP),2022,75.0,76.70856009194047
3527504,Lucianópolis (SP),2023,81.429,76.95679436243132
3527504,Lucianópolis (SP),2024,73.0,71.37640865129802
3527603,Luís Antônio (SP),2001,70.0,72.16278970856612
3527603,Luís Antônio (SP),2002,68.548,69.16277817910319
3527603,Luís Antônio (SP),2003,70.0,70.90403052706483
3527603,Luís Antônio (SP),2004,72.258,70.9912660203326
3527603,Luís Antônio (SP),2005,77.007,75.41204159360788
3527603,Luís Antônio (SP),2006,90.0,81.99080017611195
3527603,Luís Antônio (SP),2007,91.778,90.3744322459698
3527603,Luís Antônio (SP),2008,95.0,91.10612161767811
3527603,Luís Antônio (SP),2009,94.803,92.05434401311432
3527603,Luís Antônio (SP),2010,90.0,91.72712081275891
3527603,Luís Antônio (SP),2011,80.0,83.86402991092298
3527603,Luís Antônio (SP),2012,72.974,73.38633741007084
3527603,Luís Antônio (SP),2013,85.404,76.68890628427887
3527603,Luís Antônio (SP),2014,74.1,74.85912891920584
3527603,Luís Antônio (SP),2015,85.0,75.85068739586272
3527603,Luís Antônio (SP),2016,72.0,84.0628019288866
3527603,Luís Antônio (SP),2017,85.0,77.79021289406546
3527603,Luís Antônio (SP),2018,85.0,84.27589359019612
3527603,Luís Antônio (SP),2019,85.0,84.49892817485046
3527603,Luís Antônio (SP),2020,85.0,85.08127261438159
3527603,Luís Antônio (SP),2021,85.0,83.94642101653574
3527603,Luís Antônio (SP),2022,85.0,82.6228571998064
3527603,Luís Antônio (SP),2023,85.0,83.8328039885998
3527603,Luís Antônio (SP),2024,85.0,82.95120679094516
3527702,Luiziânia (SP),2001,62.5,73.96660113783159
3527702,Luiziânia (SP),2002,70.0,69.23422066499352
3527702,Luiziânia (SP),2003,70.023,70.93492007554812
3527702,Luiziânia (SP),2004,96.0,80.11546374617507
3527702,Luiziânia (SP),2005,79.0,83.03423542251429
3527702,Luiziânia (SP),2006,90.0,85.92671694490376
3527702,Luiziânia (SP),2007,90.0,89.16185736915367
3527702,Luiziânia (SP),2008,75.0,82.65562009809369
3527702,Luiziânia (SP),2009,75.0,78.08006594093752
3527702,Luiziânia (SP),2010,80.0,75.8457498332258
3527702,Luiziânia (SP),2011,75.0,78.93737927411522
3527702,Luiziânia (SP),2012,80.0,75.30381402868248
3527702,Luiziânia (SP),2013,70.0,77.63048562978777
3527702,Luiziânia (SP),2014,65.43,67.77885742784183
3527702,Luiziânia (SP),2015,62.72,65.97326576071916
3527702,Luiziânia (SP),2016,75.79,73.96896740144308
3527702,Luiziânia (SP),2017,68.33,71.88485546109125
3527702,Luiziânia (SP),2018,68.33,66.62688560887011
3527702,Luiziânia (SP),2019,70.0,73.03772869147286
3527702,Luiziânia (SP),2020,70.0,70.91836344942445
3527702,Luiziânia (SP),2021,70.0,70.73396902708357
3527702,Luiziânia (SP),2022,75.0,74.89211776331692
3527702,Luiziânia (SP),2023,80.0,81.46507942474364
3527702,Luiziânia (SP),2024,80.0,76.77369010253638
3527900,Lutécia (SP),2001,60.0,62.78372008068199
3527900,Lutécia (SP),2002,60.0,63.123091937850205
3527900,Lutécia (SP),2003,75.774,73.60922706122228
3527900,Lutécia (SP),2004,75.774,77.3486614395163
3527900,Lutécia (SP),2005,74.495,78.72916105554991
3527900,Lutécia (SP),2006,63.0,70.58571859959757
3527900,Lutécia (SP),2007,70.0,70.76113076819429
3527900,Lutécia (SP),2008,90.097,78.36495327862438
3527900,Lutécia (SP),2009,70.0,82.59259046994678
3527900,Lutécia (SP),2010,70.0,73.07439358811837
3527900,Lutécia (SP),2011,63.0,68.7971024975455
3527900,Lutécia (SP),2012,70.0,68.49873775336714
3527900,Lutécia (SP),2013,89.713,80.3176158851872
3527900,Lutécia (SP),2014,63.0,78.30439628292575
3527900,Lutécia (SP),2015,68.0,70.20963767333278
3527900,Lutécia (SP),2016,61.0,69.48707268100479
3527900,Lutécia (SP),2017,81.0,74.84367147593173
3527900,Lutécia (SP),2018,80.467,81.3707620595365
3527900,Lutécia (SP),2019,70.489,76.28507826607887
3527900,Lutécia (SP),2020,70.0,70.65941044853828
3527900,Lutécia (SP),2021,70.0,68.53960855351744
3527900,Lutécia (SP),2022,70.0,73.36619340138412
3527900,Lutécia (SP),2023,70.0,73.57898359217688
3527900,Lutécia (SP),2024,70.0,69.91264458142267
3528007,Macatuba (SP),2001,70.0,72.02578001860894
3528007,Macatuba (SP),2002,79.567,76.67410058004555
3528007,Macatuba (SP),2003,77.078,80.71739818506705
3528007,Macatuba (SP),2004,77.0,78.77814654970985
3528007,Macatuba (SP),2005,78.551,78.87476755587839
3528007,Macatuba (SP),2006,90.0,81.01035518132697
3528007,Macatuba (SP),2007,90.0,87.84573273682078
3528007,Macatuba (SP),2008,90.0,88.49175473638745
3528007,Macatuba (SP),2009,90.0,88.69336276776936
3528007,Macatuba (SP),2010,90.0,88.59474768483874
3528007,Macatuba (SP),2011,78.0,84.85357261460527
3528007,Macatuba (SP),2012,78.0,77.4092506514644
3528007,Macatuba (SP),2013,78.0,79.50092017956649
3528007,Macatuba (SP),2014,90.0,68.41881060269007
3528007,Macatuba (SP),2015,90.0,87.86332878704583
3528007,Macatuba (SP),2016,90.0,87.95936084121979
3528007,Macatuba (SP),2017,90.0,87.12217683104765
3528007,Macatuba (SP),2018,86.0,86.77317973871925
3528007,Macatuba (SP),2019,86.0,83.25194581617043
3528007,Macatuba (SP),2020,84.0,84.38068646959988
3528007,Macatuba (SP),2021,72.0,76.56085787598515
3528007,Macatuba (SP),2022,84.0,77.30046117783608
3528007,Macatuba (SP),2023,85.0,84.2893497798923
3528007,Macatuba (SP),2024,78.0,78.19086526639332
3528106,Macaubal (SP),2002,100.0,93.18577253451858
3528106,Macaubal (SP),2003,100.0,96.0743710762536
3528106,Macaubal (SP),2004,100.0,90.69652132835284
3528106,Macaubal (SP),2005,98.899,96.50105330079958
3528106,Macaubal (SP),2006,120.0,106.78189868929732
3528106,Macaubal (SP),2007,90.0,103.14883261986628
3528106,Macaubal (SP),2008,90.0,89.34724194070748
3528106,Macaubal (SP),2009,90.0,90.11597840076267
3528106,Macaubal (SP),2010,90.0,89.77103704217811
3528106,Macaubal (SP),2011,90.0,89.58149965776491
3528106,Macaubal (SP),2012,80.0,81.92181216279779
3528106,Macaubal (SP),2013,95.625,83.16001539304084
3528106,Macaubal (SP),2014,80.0,74.4670180068791
3528106,Macaubal (SP),2015,70.0,80.82718236412182
3528106,Macaubal (SP),2016,70.0,73.68766263022752
3528106,Macaubal (SP),2017,70.0,71.94314796383541
3528106,Macaubal (SP),2018,70.0,69.95734043606362
3528106,Macaubal (SP),2019,80.0,75.6719961473341
3528106,Macaubal (SP),2020,80.0,80.06934570084901
3528106,Macaubal (SP),2021,75.0,78.8835942077124
3528106,Macaubal (SP),2022,100.0,85.41132232804046
3528106,Macaubal (SP),2023,100.0,99.48031508286154
3528106,Macaubal (SP),2024,80.0,87.38659713043026
3528205,Macedônia (SP),2007,43.636,60.87773091917296
3528205,Macedônia (SP),2008,100.0,72.30980382967032
3528205,Macedônia (SP),2009,59.523,87.02633849680474
3528205,Macedônia (SP),2010,117.647,87.37249613822331
3528205,Macedônia (SP),2011,80.0,91.66720143093715
3528205,Macedônia (SP),2012,75.0,78.15305460763301
3528205,Macedônia (SP),2013,75.0,75.77356772290746
3528205,Macedônia (SP),2014,70.0,71.39024266247769
3528205,Macedônia (SP),2015,70.0,74.70598295581856
3528205,Macedônia (SP),2016,70.0,73.5098881937289
3528205,Macedônia (SP),2017,80.0,74.85301621288677
3528205,Macedônia (SP),2018,80.0,77.95647794473525
3528205,Macedônia (SP),2019,77.538,78.51157043482348
3528205,Macedônia (SP),2020,80.0,79.66393049106136
3528205,Macedônia (SP),2021,75.0,73.86874786208236
3528205,Macedônia (SP),2022,80.0,80.2907116864871
3528205,Macedônia (SP),2023,80.0,82.307655616145
3528205,Macedônia (SP),2024,80.0,78.90103473081408
3528304,Magda (SP),2001,70.0,67.89611001603116
3528304,Magda (SP),2002,54.883,67.87252929574805
3528304,Magda (SP),2003,82.059,87.99030117823258
3528304,Magda (SP),2004,84.395,81.95495223327433
3528304,Magda (SP),2005,89.951,86.81144795575456
3528304,Magda (SP),2006,85.0,86.3739262706525
3528304,Magda (SP),2007,85.0,83.96430716004065
3528304,Magda (SP),2008,74.755,80.1182382070271
3528304,Magda (SP),2009,81.744,79.63484679330577
3528304,Magda (SP),2010,85.0,82.56861654733686
3528304,Magda (SP),2011,85.0,80.44495127718625
3528304,Magda (SP),2012,62.295,72.78166882398158
3528304,Magda (SP),2013,62.3,69.81166939235217
3528304,Magda (SP),2014,69.0,69.71569313679132
3528304,Magda (SP),2015,75.131,72.32471415543658
3528304,Magda (SP),2016,76.0,76.26246704847807
3528304,Magda (SP),2017,75.0,77.21451952214885
3528304,Magda (SP),2018,75.0,75.79066408698233
3528304,Magda (SP),2019,75.0,70.38770924430425
3528304,Magda (SP),2020,65.0,71.4606419694778
3528304,Magda (SP),2021,62.5,64.9493845706826
3528304,Magda (SP),2022,75.0,73.35301468490395
3528304,Magda (SP),2023,75.0,78.35993850365907
3528304,Magda (SP),2024,68.0,69.25301551817302
3528403,Mairinque (SP),2002,60.0,59.92222723340212
3528403,Mairinque (SP),2003,60.0,59.90861992995237
3528403,Mairinque (SP),2004,60.0,62.21036484802442
3528403,Mairinque (SP),2005,69.523,57.78348471496553
3528403,Mairinque (SP),2006,60.0,70.51096257539908
3528403,Mairinque (SP),2008,69.523,63.87434944920433
3528601,Manduri (SP),2003,82.0,81.20419499461342
3528601,Manduri (SP),2004,82.0,82.22615508866788
3528601,Manduri (SP),2005,79.462,79.20615454435192
3528601,Manduri (SP),2006,100.0,77.5522599781644
3528601,Manduri (SP),2007,80.0,85.2907879146627
3528601,Manduri (SP),2008,81.0,80.42575222062771
3528601,Manduri (SP),2009,80.771,78.36287398383654
3528601,Manduri (SP),2010,81.0,80.38005632983099
3528601,Manduri (SP),2011,81.0,80.23283574254037
3528601,Manduri (SP),2012,81.0,82.34917068746795
3528601,Manduri (SP),2013,90.476,86.71449001612804
3528601,Manduri (SP),2014,88.0,84.08634006349415
3528601,Manduri (SP),2015,94.0,88.41599581510246
3528601,Manduri (SP),2016,94.0,88.43603286944372
3528601,Manduri (SP),2017,94.0,90.08234429964081
3528601,Manduri (SP),2018,94.0,91.05201487136492
3528601,Manduri (SP),2019,85.54,88.11416242174273
3528601,Manduri (SP),2020,85.54,84.9556511300325
3528601,Manduri (SP),2021,91.0,87.16699810659767
3528601,Manduri (SP),2022,88.0,88.36994345822727
3528601,Manduri (SP),2023,88.0,87.19365725020101
3528601,Manduri (SP),2024,88.0,81.2297025550491
3528700,Marabá Paulista (SP),2002,70.0,64.51606676816239
3528700,Marabá Paulista (SP),2003,70.0,67.16394078870547
3528700,Marabá Paulista (SP),2004,70.0,69.7376643812978
3528700,Marabá Paulista (SP),2005,79.464,81.25386343736969
3528700,Marabá Paulista (SP),2006,83.0,78.25747558721274
3528700,Marabá Paulista (SP),2007,83.0,81.33260938016365
3528700,Marabá Paulista (SP),2008,80.0,83.23672274053142
3528700,Marabá Paulista (SP),2009,80.0,81.89472139769225
3528700,Marabá Paulista (SP),2010,74.0,79.11557300392082
3528700,Marabá Paulista (SP),2011,74.0,73.11827053057101
3528700,Marabá Paulista (SP),2012,66.0,69.13272703576418
3528700,Marabá Paulista (SP),2013,70.0,68.92312899355878
3528700,Marabá Paulista (SP),2014,75.0,69.85973088056505
3528700,Marabá Paulista (SP),2015,76.989,76.31565587068695
3528700,Marabá Paulista (SP),2016,71.82,74.91909951995893
3528700,Marabá Paulista (SP),2017,70.0,71.74858162655363
3528700,Marabá Paulista (SP),2018,70.0,71.00035921663508
3528700,Marabá Paulista (SP),2019,72.273,74.54527732420931
3528700,Marabá Paulista (SP),2020,72.273,70.87771940001666
3528700,Marabá Paulista (SP),2021,71.364,69.16069773895633
3528700,Marabá Paulista (SP),2022,69.291,72.84917159715357
3528700,Marabá Paulista (SP),2023,70.0,72.5272082618998
3528700,Marabá Paulista (SP),2024,71.212,73.17779743799261
3528809,Maracaí (SP),2001,90.0,79.52926337636578
3528809,Maracaí (SP),2002,90.0,87.07642466962703
3528809,Maracaí (SP),2003,80.221,85.38448036005849
3528809,Maracaí (SP),2004,85.0,83.40485954750272
3528809,Maracaí (SP),2005,92.413,85.84411134359156
3528809,Maracaí (SP),2006,81.395,87.76258614763236
3528809,Maracaí (SP),2007,85.0,84.43185220090736
3528809,Maracaí (SP),2008,84.617,84.67306961092947
3528809,Maracaí (SP),2009,87.959,83.43942528631034
3528809,Maracaí (SP),2010,83.699,82.39143262105587
3528809,Maracaí (SP),2011,74.4,72.96895631934837
3528809,Maracaí (SP),2012,74.971,77.40269589343359
3528809,Maracaí (SP),2013,75.0,74.98516864648342
3528809,Maracaí (SP),2014,73.0,73.71059983248396
3528809,Maracaí (SP),2015,75.0,78.11744026789837
3528809,Maracaí (SP),2016,75.0,77.55469050550931
3528809,Maracaí (SP),2017,87.0,85.92174447312155
3528809,Maracaí (SP),2018,90.0,86.14523915220136
3528809,Maracaí (SP),2019,90.0,88.19763634179921
3528809,Maracaí (SP),2020,90.0,86.96888859215787
3528809,Maracaí (SP),2021,81.0,83.57740443592976
3528809,Maracaí (SP),2022,84.398,85.21767090792731
3528809,Maracaí (SP),2023,89.366,86.04451032249875
3528809,Maracaí (SP),2024,85.0,86.75596459015283
3528858,Marapoama (SP),2001,70.0,78.3841731743503
3528858,Marapoama (SP),2002,62.796,76.06999000221096
3528858,Marapoama (SP),2003,80.0,77.36887462514677
3528858,Marapoama (SP),2004,80.0,80.71409101155663
3528858,Marapoama (SP),2005,79.463,81.89381789205063
3528858,Marapoama (SP),2006,70.0,73.46643021554067
3528858,Marapoama (SP),2007,80.0,76.63508556936259
3528858,Marapoama (SP),2008,80.0,79.07899658319023
3528858,Marapoama (SP),2009,80.0,83.8531928513594
3528858,Marapoama (SP),2010,80.0,79.87192507067964
3528858,Marapoama (SP),2011,80.0,79.79012622172094
3528858,Marapoama (SP),2012,90.0,84.71872688247987
3528858,Marapoama (SP),2013,90.0,90.36038900161529
3528858,Marapoama (SP),2014,72.0,73.03253913861137
3528858,Marapoama (SP),2015,90.0,82.1240774824587
3528858,Marapoama (SP),2016,85.653,87.55309456236051
3528858,Marapoama (SP),2017,90.0,85.56929981349083
3528858,Marapoama (SP),2018,90.0,84.27711672762949
3528858,Marapoama (SP),2019,90.0,84.29511258273928
3528858,Marapoama (SP),2020,90.0,91.9826507042931
3528858,Marapoama (SP),2021,80.0,81.7637949980962
3528858,Marapoama (SP),2022,90.0,84.04460195063886
3528858,Marapoama (SP),2023,90.0,92.9866272981196
3528858,Marapoama (SP),2024,80.0,80.8892997542845
3528908,Mariápolis (SP),2006,120.0,95.11922664983507
3528908,Mariápolis (SP),2007,70.0,81.92285759592941
3528908,Mariápolis (SP),2008,70.0,72.8313265681277
3528908,Mariápolis (SP),2009,80.0,73.25807072807352
3528908,Mariápolis (SP),2010,80.0,81.03432158130774
3528908,Mariápolis (SP),2011,88.0,80.95590688231933
3528908,Mariápolis (SP),2012,60.0,77.29190307749192
3528908,Mariápolis (SP),2013,60.0,65.05677190801758
3528908,Mariápolis (SP),2014,60.0,67.76813762993115
3528908,Mariápolis (SP),2015,70.0,68.35500860924707
3528908,Mariápolis (SP),2016,70.0,71.65859501148114
3528908,Mariápolis (SP),2017,70.0,71.07488041488497
3528908,Mariápolis (SP),2018,70.0,70.85279143998048
3528908,Mariápolis (SP),2019,70.0,70.98228706665265
3528908,Mariápolis (SP),2020,70.0,70.36680648876522
3528908,Mariápolis (SP),2021,65.0,67.7181512165473
3528908,Mariápolis (SP),2022,70.0,68.14889485117622
3528908,Mariápolis (SP),2023,70.0,71.59215884366787
3528908,Mariápolis (SP),2024,70.0,69.3423892476204
3529005,Marília (SP),2008,70.0,70.5230780505172
3529005,Marília (SP),2009,70.0,72.65875000531929
3529005,Marília (SP),2010,80.0,76.2314157215044
3529005,Marília (SP),2011,70.0,87.22166054149594
3529005,Marília (SP),2012,70.0,70.56225381243136
3529005,Marília (SP),2013,55.0,73.65592295471625
3529005,Marília (SP),2014,40.0,57.82149332181707
3529005,Marília (SP),2015,35.0,53.474774763514276
3529005,Marília (SP),2016,35.0,58.74970259260183
3529005,Marília (SP),2017,80.0,77.51285988345113
3529005,Marília (SP),2018,80.0,79.33571257672214
3529005,Marília (SP),2019,77.5,79.83770797440603
3529005,Marília (SP),2020,64.167,76.51097004353178
3529005,Marília (SP),2021,60.0,63.242033630918314
3529005,Marília (SP),2022,73.889,70.69968722904133
3529005,Marília (SP),2023,80.0,78.50338471342428
3529005,Marília (SP),2024,74.286,72.34739257396076
3529104,Marinópolis (SP),2014,90.0,90.59677271182304
3529104,Marinópolis (SP),2015,90.0,91.53119672917133
3529104,Marinópolis (SP),2016,90.0,88.67520395152877
3529104,Marinópolis (SP),2017,90.0,89.27826150678611
3529104,Marinópolis (SP),2018,80.0,81.30675596242456
3529104,Marinópolis (SP),2019,80.0,78.84768351943288
3529104,Marinópolis (SP),2020,80.0,79.10269431192498
3529104,Marinópolis (SP),2021,80.0,73.21394436509246
3529104,Marinópolis (SP),2022,80.0,79.42939355866184
3529104,Marinópolis (SP),2023,85.0,83.19995291732488
3529104,Marinópolis (SP),2024,76.5,79.8046752505162
3529203,Martinópolis (SP),2002,60.0,63.377605797899704
3529203,Martinópolis (SP),2003,100.0,80.95974439158215
3529203,Martinópolis (SP),2004,100.0,93.43129759755088
3529203,Martinópolis (SP),2005,89.407,89.71506079705698
3529203,Martinópolis (SP),2006,90.0,86.87809214630177
3529203,Martinópolis (SP),2007,90.0,88.63526170394229
3529203,Martinópolis (SP),2008,90.0,89.78011644114254
3529203,Martinópolis (SP),2009,90.0,88.52166437919028
3529203,Martinópolis (SP),2010,90.0,89.07643367852482
3529203,Martinópolis (SP),2011,70.0,77.1584635071641
3529203,Martinópolis (SP),2012,70.6,70.72459709032005
3529203,Martinópolis (SP),2013,73.651,72.8932141204236
3529203,Martinópolis (SP),2014,77.0,74.54016929083093
3529203,Martinópolis (SP),2015,88.891,79.92061010486532
3529203,Martinópolis (SP),2016,84.0,79.33255210950159
3529203,Martinópolis (SP),2017,84.0,81.7970058654949
3529203,Martinópolis (SP),2018,87.361,81.85377137452464
3529203,Martinópolis (SP),2019,87.361,80.08023677526641
3529203,Martinópolis (SP),2020,85.494,84.85103042584784
3529203,Martinópolis (SP),2021,84.791,81.41659443248534
3529203,Martinópolis (SP),2022,85.162,85.69703182400274
3529203,Martinópolis (SP),2023,84.336,85.14504033485564
3529203,Martinópolis (SP),2024,85.135,81.1581467908109
3529302,Matão (SP),2002,71.6,72.5042949840206
3529302,Matão (SP),2003,68.0,69.73786261104547
3529302,Matão (SP),2004,72.27,75.3133098034928
3529302,Matão (SP),2005,71.79,74.30818722591556
3529302,Matão (SP),2006,70.0,72.47151842470306
3529302,Matão (SP),2007,80.0,73.56009943185224
3529302,Matão (SP),2008,80.0,84.45234039466231
3529302,Matão (SP),2010,100.137,85.31419754460741
3529302,Matão (SP),2011,100.138,93.43725830183246
3529302,Matão (SP),2012,70.0,88.12287550121333
3529302,Matão (SP),2013,70.0,73.10184762152882
3529302,Matão (SP),2014,75.0,71.78596577174856
3529302,Matão (SP),2015,67.5,73.79734952134467
3529302,Matão (SP),2016,80.0,77.79118766159561
3529302,Matão (SP),2017,80.0,80.83491348010057
3529302,Matão (SP),2018,95.238,84.8396100769308
3529302,Matão (SP),2019,80.0,86.93728994919866
3529302,Matão (SP),2020,72.727,78.5637732907643
3529302,Matão (SP),2021,70.0,71.44717511381671
3529302,Matão (SP),2022,75.0,74.99916305488686
3529302,Matão (SP),2023,75.0,76.09739548039659
3529302,Matão (SP),2024,74.0,73.96120873409615
3529500,Mendonça (SP),2002,70.0,76.52974073040892
3529500,Mendonça (SP),2003,70.0,72.76179863410476
3529500,Mendonça (SP),2004,70.0,77.70787280940505
3529500,Mendonça (SP),2005,79.463,75.21473784286995
3529500,Mendonça (SP),2006,90.0,89.54943238992773
3529500,Mendonça (SP),2007,90.0,87.3464547159492
3529500,Mendonça (SP),2008,90.0,87.15776709323542
3529500,Mendonça (SP),2009,90.0,89.76004588426564
3529500,Mendonça (SP),2010,90.0,89.88061524165562
3529500,Mendonça (SP),2011,90.0,89.4020367295684
3529500,Mendonça (SP),2012,86.842,85.57973286807464
3529500,Mendonça (SP),2013,90.0,85.25463972779285
3529500,Mendonça (SP),2014,80.0,75.18439538963732
3529500,Mendonça (SP),2015,85.0,82.90424802526086
3529500,Mendonça (SP),2016,85.0,84.15794040614318
3529500,Mendonça (SP),2017,85.0,84.79503391229906
3529500,Mendonça (SP),2018,90.0,85.5550132879384
3529500,Mendonça (SP),2019,80.0,81.35714562695634
3529500,Mendonça (SP),2020,80.0,79.16743361311336
3529500,Mendonça (SP),2021,80.0,78.29135127871653
3529500,Mendonça (SP),2022,90.0,84.49058321123285
3529500,Mendonça (SP),2023,100.0,93.29167124118452
3529500,Mendonça (SP),2024,90.0,86.09145439449956
3529609,Meridiano (SP),2002,60.0,70.83879168417587
3529609,Meridiano (SP),2003,60.0,83.26169273770674
3529609,Meridiano (SP),2004,60.0,70.85180699066214
3529609,Meridiano (SP),2005,60.0,67.58839105429291
3529609,Meridiano (SP),2006,100.0,81.11075486796892
3529609,Meridiano (SP),2007,80.0,103.55583305864965
3529609,Meridiano (SP),2008,80.0,82.15823892479322
3529609,Meridiano (SP),2009,80.0,81.69733755512264
3529609,Meridiano (SP),2010,82.352,81.4223254258547
3529609,Meridiano (SP),2011,70.0,74.54703565490637
3529609,Meridiano (SP),2012,60.0,65.96352357745117
3529609,Meridiano (SP),2013,75.0,71.17214834939097
3529609,Meridiano (SP),2014,75.0,73.07974711915122
3529609,Meridiano (SP),2015,69.231,72.49618463381901
3529609,Meridiano (SP),2016,75.0,75.04483067083895
3529609,Meridiano (SP),2017,74.525,77.68862585438826
3529609,Meridiano (SP),2018,75.0,74.82153012353916
3529609,Meridiano (SP),2019,62.0,68.86203345588437
3529609,Meridiano (SP),2020,70.0,71.6723138305861
3529609,Meridiano (SP),2021,80.0,67.45346076665004
3529609,Meridiano (SP),2022,80.0,80.29494027076211
3529609,Meridiano (SP),2023,80.0,81.49366286860591
3529609,Meridiano (SP),2024,80.0,76.27790019648867
3529658,Mesópolis (SP),2009,139.5,104.70832146328102
3529658,Mesópolis (SP),2010,130.0,118.76670460227272
3529658,Mesópolis (SP),2011,110.0,104.59334014597901
3529658,Mesópolis (SP),2012,80.0,84.88930651114163
3529658,Mesópolis (SP),2013,69.206,76.7601347420908
3529658,Mesópolis (SP),2014,65.0,68.144180744868
3529658,Mesópolis (SP),2015,80.0,77.13869585479326
3529658,Mesópolis (SP),2016,65.0,76.60903418052507
3529658,Mesópolis (SP),2017,72.0,72.35599553875254
3529658,Mesópolis (SP),2018,72.0,70.81243830014037
3529658,Mesópolis (SP),2019,71.982,73.15314696693109
3529658,Mesópolis (SP),2020,72.0,76.40518012842884
3529658,Mesópolis (SP),2021,72.0,72.67084707188644
3529658,Mesópolis (SP),2022,72.0,71.96179799901239
3529658,Mesópolis (SP),2023,72.0,76.44332088123753
3529658,Mesópolis (SP),2024,71.91,72.28156555081466
3529708,Miguelópolis (SP),2001,93.75,92.97710831930272
3529708,Miguelópolis (SP),2002,100.0,89.67569199933075
3529708,Miguelópolis (SP),2003,100.0,99.46143774035461
3529708,Miguelópolis (SP),2004,93.75,96.80550678625717
3529708,Miguelópolis (SP),2005,102.225,94.80268533543202
3529708,Miguelópolis (SP),2006,100.742,98.9356429453043
3529708,Miguelópolis (SP),2007,100.0,95.77287041687026
3529708,Miguelópolis (SP),2008,90.0,96.93968037939256
3529708,Miguelópolis (SP),2009,90.0,91.30168819100489
3529708,Miguelópolis (SP),2010,90.0,89.76998586849821
3529708,Miguelópolis (SP),2011,90.0,86.46729596838732
3529708,Miguelópolis (SP),2012,90.7,88.64136394243502
3529708,Miguelópolis (SP),2013,90.715,89.64952892103629
3529708,Miguelópolis (SP),2014,90.036,84.82577189089795
3529708,Miguelópolis (SP),2015,80.071,87.61968830542136
3529708,Miguelópolis (SP),2016,90.0,83.21370576748251
3529708,Miguelópolis (SP),2017,90.036,89.33491765686455
3529708,Miguelópolis (SP),2018,90.036,90.06878967203448
3529708,Miguelópolis (SP),2019,90.0,89.29510431254857
3529708,Miguelópolis (SP),2020,90.0,90.04445282129394
3529708,Miguelópolis (SP),2021,66.0,77.36402568920171
3529708,Miguelópolis (SP),2022,69.0,74.76734157940915
3529708,Miguelópolis (SP),2023,69.003,75.958603831053
3529708,Miguelópolis (SP),2024,80.0,76.46515206237198
3529807,Mineiros do Tietê (SP),2001,80.0,86.23366771310744
3529807,Mineiros do Tietê (SP),2002,79.09,79.88837124437174
3529807,Mineiros do Tietê (SP),2003,80.0,82.21550014369444
3529807,Mineiros do Tietê (SP),2004,80.0,79.77950930980111
3529807,Mineiros do Tietê (SP),2005,79.47,79.5275672300883
3529807,Mineiros do Tietê (SP),2006,80.0,81.4497839989139
3529807,Mineiros do Tietê (SP),2007,80.0,82.89560969570151
3529807,Mineiros do Tietê (SP),2008,80.0,80.31778619198919
3529807,Mineiros do Tietê (SP),2009,80.0,80.51663853878917
3529807,Mineiros do Tietê (SP),2010,80.0,80.5069838708319
3529807,Mineiros do Tietê (SP),2011,80.0,80.46940869061001
3529807,Mineiros do Tietê (SP),2012,67.0,76.23913935594535
3529807,Mineiros do Tietê (SP),2013,83.784,77.22399263361794
3529807,Mineiros do Tietê (SP),2014,70.0,70.72736147278415
3529807,Mineiros do Tietê (SP),2015,83.0,79.9899258325829
3529807,Mineiros do Tietê (SP),2016,83.0,81.23779041456766
3529807,Mineiros do Tietê (SP),2017,80.0,82.97224166624646
3529807,Mineiros do Tietê (SP),2018,76.0,78.35009801173956
3529807,Mineiros do Tietê (SP),2019,80.0,78.36090257537339
3529807,Mineiros do Tietê (SP),2020,75.0,76.3214000940587
3529807,Mineiros do Tietê (SP),2021,74.0,71.80746778973383
3529807,Mineiros do Tietê (SP),2022,75.0,75.64918455927423
3529807,Mineiros do Tietê (SP),2023,79.0,80.33940210338801
3529807,Mineiros do Tietê (SP),2024,66.0,76.4516215171218
3530003,Mira Estrela (SP),2008,70.0,69.52825042597723
3530003,Mira Estrela (SP),2009,53.333,63.40986996204933
3530003,Mira Estrela (SP),2010,80.0,87.85047875980683
3530003,Mira Estrela (SP),2011,80.0,78.11887086298161
3530003,Mira Estrela (SP),2012,80.0,80.16651260737653
3530003,Mira Estrela (SP),2013,85.0,79.01169660255819
3530003,Mira Estrela (SP),2014,80.0,80.47956481898936
3530003,Mira Estrela (SP),2015,85.714,84.09900588969413
3530003,Mira Estrela (SP),2016,80.0,81.72297202909591
3530003,Mira Estrela (SP),2017,80.0,79.22320152814856
3530003,Mira Estrela (SP),2018,80.0,78.5545221185822
3530003,Mira Estrela (SP),2019,80.0,79.30082627766178
3530003,Mira Estrela (SP),2020,80.0,78.73731634576797
3530003,Mira Estrela (SP),2021,50.0,69.27732626570571
3530003,Mira Estrela (SP),2022,80.099,62.824806423063045
3530003,Mira Estrela (SP),2023,80.099,81.86579966051949
3530003,Mira Estrela (SP),2024,80.099,78.3454192803598
3530102,Mirandópolis (SP),2002,78.01,77.19857981095267
3530102,Mirandópolis (SP),2003,78.0,79.45178768952846
3530102,Mirandópolis (SP),2004,80.0,79.47425243016488
3530102,Mirandópolis (SP),2005,78.503,75.35523361386416
3530102,Mirandópolis (SP),2006,78.0,83.35172145982906
3530102,Mirandópolis (SP),2007,78.0,84.88990474074973
3530102,Mirandópolis (SP),2008,78.0,80.86230775081376
3530102,Mirandópolis (SP),2009,78.0,82.03465893132034
3530102,Mirandópolis (SP),2010,78.0,80.61178420391924
3530102,Mirandópolis (SP),2011,78.007,80.8421629775952
3530102,Mirandópolis (SP),2012,80.0,77.09574437262248
3530102,Mirandópolis (SP),2013,78.0,79.56467973104104
3530102,Mirandópolis (SP),2014,70.0,69.01745822991009
3530102,Mirandópolis (SP),2015,78.0,72.6918716266139
3530102,Mirandópolis (SP),2016,78.0,77.60866308586768
3530102,Mirandópolis (SP),2017,70.0,75.10088617487042
3530102,Mirandópolis (SP),2018,73.683,71.86020821974313
3530102,Mirandópolis (SP),2019,74.333,71.76849748086967
3530102,Mirandópolis (SP),2020,76.778,74.40207505100457
3530102,Mirandópolis (SP),2021,76.37,74.24383653611666
3530102,Mirandópolis (SP),2022,75.827,76.47352180936632
3530102,Mirandópolis (SP),2023,77.0,81.95843502489392
3530102,Mirandópolis (SP),2024,77.0,76.12725136189505
3530201,Mirante do Paranapanema (SP),2005,69.533,68.59867314357831
3530201,Mirante do Paranapanema (SP),2006,90.0,77.75462513567138
3530201,Mirante do Paranapanema (SP),2007,80.0,87.42218652273117
3530201,Mirante do Paranapanema (SP),2008,99.667,87.88046435737272
3530201,Mirante do Paranapanema (SP),2009,99.667,97.23130302973252
3530201,Mirante do Paranapanema (SP),2010,100.0,97.12598620878477
3530201,Mirante do Paranapanema (SP),2011,71.0,85.1097802634577
3530201,Mirante do Paranapanema (SP),2012,66.0,71.91378878036171
3530201,Mirante do Paranapanema (SP),2013,62.0,68.39917900879917
3530201,Mirante do Paranapanema (SP),2014,66.0,65.98158370990858
3530201,Mirante do Paranapanema (SP),2015,74.874,70.13288820379373
3530201,Mirante do Paranapanema (SP),2016,76.999,76.42116613397567
3530201,Mirante do Paranapanema (SP),2017,65.862,74.07470163950101
3530201,Mirante do Paranapanema (SP),2018,65.862,69.69389386931569
3530201,Mirante do Paranapanema (SP),2019,68.912,68.97084962907836
3530201,Mirante do Paranapanema (SP),2020,75.0,72.84693931867518
3530201,Mirante do Paranapanema (SP),2021,69.925,69.84265106613525
3530201,Mirante do Paranapanema (SP),2022,68.784,70.47451996513315
3530201,Mirante do Paranapanema (SP),2023,75.0,74.70711018173881
3530201,Mirante do Paranapanema (SP),2024,71.279,71.38536646504883
3530300,Mirassol (SP),2001,60.0,75.67458807433732
3530300,Mirassol (SP),2002,80.0,73.60449543485461
3530300,Mirassol (SP),2003,80.0,80.45156848698896
3530300,Mirassol (SP),2004,80.0,94.33863285479383
3530300,Mirassol (SP),2005,79.464,84.41950227251003
3530300,Mirassol (SP),2006,80.0,88.34395068225484
3530300,Mirassol (SP),2007,90.0,84.47734857299628
3530300,Mirassol (SP),2008,80.0,86.54351749998615
3530300,Mirassol (SP),2009,80.0,85.36738372795709
3530300,Mirassol (SP),2010,80.0,80.17410618180605
3530300,Mirassol (SP),2011,80.0,79.43039138487411
3530300,Mirassol (SP),2012,82.857,80.44394278607204
3530300,Mirassol (SP),2013,90.0,86.17969170830145
3530300,Mirassol (SP),2014,80.0,75.77854863318628
3530300,Mirassol (SP),2015,85.0,82.33528705431945
3530300,Mirassol (SP),2016,85.0,83.28028684210227
3530300,Mirassol (SP),2017,85.0,84.44987604749343
3530300,Mirassol (SP),2018,85.0,84.80468585747951
3530300,Mirassol (SP),2019,85.0,77.39817224382404
3530300,Mirassol (SP),2020,85.0,84.63421251712914
3530300,Mirassol (SP),2021,85.0,75.793120936151
3530300,Mirassol (SP),2022,85.0,84.28425228932203
3530300,Mirassol (SP),2023,90.0,88.40973098015783
3530300,Mirassol (SP),2024,90.0,82.53362998849471
3530409,Mirassolândia (SP),2004,80.0,78.18902748694552
3530409,Mirassolândia (SP),2005,79.513,81.65733265687952
3530409,Mirassolândia (SP),2006,100.0,93.11435831107453
3530409,Mirassolândia (SP),2007,80.0,91.9781606371671
3530409,Mirassolândia (SP),2008,80.0,82.33387512897374
3530409,Mirassolândia (SP),2009,80.0,80.5551722950259
3530409,Mirassolândia (SP),2010,80.0,81.66338565999641
3530409,Mirassolândia (SP),2011,70.0,76.76776146107092
3530409,Mirassolândia (SP),2012,80.0,75.6082384717335
3530409,Mirassolândia (SP),2013,80.0,87.09280070683677
3530409,Mirassolândia (SP),2014,73.708,77.55766987875319
3530409,Mirassolândia (SP),2015,80.0,77.7051312796651
3530409,Mirassolândia (SP),2016,80.0,83.44566031861487
3530409,Mirassolândia (SP),2017,90.0,83.09615777494177
3530409,Mirassolândia (SP),2018,70.0,82.53787196920506
3530409,Mirassolândia (SP),2019,75.0,74.61412766941663
3530409,Mirassolândia (SP),2020,70.0,73.70613667542317
3530409,Mirassolândia (SP),2021,70.0,70.70744060864297
3530409,Mirassolândia (SP),2022,70.0,76.03956539264257
3530409,Mirassolândia (SP),2023,90.0,83.65637897019995
3530409,Mirassolândia (SP),2024,70.0,80.45892151576204
3530508,Mococa (SP),2001,70.0,75.89966526646123
3530508,Mococa (SP),2002,80.0,75.8976570641703
3530508,Mococa (SP),2003,75.5,79.68602198650846
3530508,Mococa (SP),2004,75.5,77.23760401969481
3530508,Mococa (SP),2005,75.003,75.55464027750754
3530508,Mococa (SP),2006,80.0,81.53928397348783
3530508,Mococa (SP),2007,80.0,79.96743175603022
3530508,Mococa (SP),2008,85.0,82.92197121370192
3530508,Mococa (SP),2009,85.0,85.83961562146362
3530508,Mococa (SP),2010,80.0,83.77149815109807
3530508,Mococa (SP),2011,85.0,81.9309106077524
3530508,Mococa (SP),2012,90.0,85.32399412440658
3530508,Mococa (SP),2013,90.0,90.60337809398126
3530508,Mococa (SP),2014,90.0,87.86789252357528
3530508,Mococa (SP),2015,92.5,89.60378108754495
3530508,Mococa (SP),2016,92.5,91.07626890807285
3530508,Mococa (SP),2017,92.5,90.3173056546378
3530508,Mococa (SP),2018,92.5,90.28976373290863
3530508,Mococa (SP),2019,80.0,88.39236100031721
3530508,Mococa (SP),2020,92.5,80.92376259926853
3530508,Mococa (SP),2021,80.0,83.30771253502797
3530508,Mococa (SP),2022,80.0,81.02239409980412
3530508,Mococa (SP),2023,84.167,80.6690833716241
3530508,Mococa (SP),2024,80.0,82.64268032087361
3530706,Mogi Guaçu (SP),2001,80.0,80.3426162964277
3530706,Mogi Guaçu (SP),2002,80.0,81.40240308632863
3530706,Mogi Guaçu (SP),2003,80.0,81.50412253530874
3530706,Mogi Guaçu (SP),2004,90.0,84.50773903483767
3530706,Mogi Guaçu (SP),2005,79.473,89.59923433383314
3530706,Mogi Guaçu (SP),2006,80.075,82.39679909693892
3530706,Mogi Guaçu (SP),2007,80.0,84.20717060333028
3530706,Mogi Guaçu (SP),2008,100.0,86.98554995412029
3530706,Mogi Guaçu (SP),2009,100.0,99.07648165137631
3530706,Mogi Guaçu (SP),2010,100.0,78.07774915070796
3530706,Mogi Guaçu (SP),2011,100.0,96.30277334746184
3530706,Mogi Guaçu (SP),2012,85.0,85.96553162026461
3530706,Mogi Guaçu (SP),2013,100.0,87.49769607720768
3530706,Mogi Guaçu (SP),2014,80.0,86.07826716691463
3530706,Mogi Guaçu (SP),2015,80.0,76.62792364994456
3530706,Mogi Guaçu (SP),2016,70.0,78.27286647098626
3530706,Mogi Guaçu (SP),2017,80.0,72.04047901126964
3530706,Mogi Guaçu (SP),2018,70.0,76.1594424497329
3530706,Mogi Guaçu (SP),2019,50.0,66.76144549285092
3530706,Mogi Guaçu (SP),2020,70.0,69.70778404107574
3530706,Mogi Guaçu (SP),2021,65.0,69.44812420576432
3530706,Mogi Guaçu (SP),2022,80.0,72.1757663983523
3530706,Mogi Guaçu (SP),2023,83.0,81.84582444543494
3530706,Mogi Guaçu (SP),2024,65.1,78.50682718583609
3530805,Mogi Mirim (SP),2001,80.0,78.16765381757774
3530805,Mogi Mirim (SP),2002,80.0,81.55882323065877
3530805,Mogi Mirim (SP),2003,76.909,81.22260416501261
3530805,Mogi Mirim (SP),2004,90.0,85.05020031299964
3530805,Mogi Mirim (SP),2005,89.396,89.66159172807482
3530805,Mogi Mirim (SP),2006,90.0,87.15658876748357
3530805,Mogi Mirim (SP),2007,90.0,88.92795600228126
3530805,Mogi Mirim (SP),2008,90.0,88.88137434385149
3530805,Mogi Mirim (SP),2009,90.0,90.678382497858
3530805,Mogi Mirim (SP),2010,85.0,85.85488200911496
3530805,Mogi Mirim (SP),2011,75.0,79.68715183691447
3530805,Mogi Mirim (SP),2012,75.0,76.2672792841126
3530805,Mogi Mirim (SP),2013,85.0,80.65274375232597
3530805,Mogi Mirim (SP),2014,70.0,72.8084328951465
3530805,Mogi Mirim (SP),2015,75.0,77.15849833391422
3530805,Mogi Mirim (SP),2016,85.0,78.52567991718153
3530805,Mogi Mirim (SP),2017,85.0,84.31177665073905
3530805,Mogi Mirim (SP),2018,83.5,78.27661878301912
3530805,Mogi Mirim (SP),2019,50.0,74.68248357478747
3530805,Mogi Mirim (SP),2020,70.0,69.11132689166959
3530805,Mogi Mirim (SP),2021,80.0,71.61020410875892
3530805,Mogi Mirim (SP),2022,100.0,81.68174350961412
3530805,Mogi Mirim (SP),2023,85.0,95.80481489056521
3530805,Mogi Mirim (SP),2024,74.4,78.28734119878582
3530904,Mombuca (SP),2001,65.0,70.5235318059097
3530904,Mombuca (SP),2002,70.0,70.37084219513034
3530904,Mombuca (SP),2003,70.0,71.23195418239037
3530904,Mombuca (SP),2004,63.636,70.75493374809666
3530904,Mombuca (SP),2005,69.53,69.48932673286812
3530904,Mombuca (SP),2006,65.0,69.45049662114492
3530904,Mombuca (SP),2007,65.0,67.33678047788257
3530904,Mombuca (SP),2008,65.0,69.03633722999604
3530904,Mombuca (SP),2009,80.0,76.2421719171945
3530904,Mombuca (SP),2010,84.21,80.79771876382553
3530904,Mombuca (SP),2011,72.0,73.76144904964762
3530904,Mombuca (SP),2012,68.0,75.73139184861492
3530904,Mombuca (SP),2013,68.0,71.28805692922339
3530904,Mombuca (SP),2014,50.4,61.22139625579101
3530904,Mombuca (SP),2015,64.8,66.20658056292365
3530904,Mombuca (SP),2016,65.0,66.0292694393815
3530904,Mombuca (SP),2017,65.0,65.47262194985075
3530904,Mombuca (SP),2018,67.0,67.20922042128613
3530904,Mombuca (SP),2019,67.0,69.93737595630017
3530904,Mombuca (SP),2020,65.667,67.42112209121278
3530904,Mombuca (SP),2021,59.875,61.16588502126627
3530904,Mombuca (SP),2022,67.5,66.92483420988619
3530904,Mombuca (SP),2023,66.63,68.63494224071749
3530904,Mombuca (SP),2024,65.925,67.18057244866299
3531001,Monções (SP),2007,83.5,84.46952035887001
3531001,Monções (SP),2008,110.9,83.54352881165103
3531001,Monções (SP),2009,95.0,101.31159930605868
3531001,Monções (SP),2010,90.0,90.13443905372742
3531001,Monções (SP),2011,89.0,89.10260799031488
3531001,Monções (SP),2012,89.0,85.46589163668092
3531001,Monções (SP),2013,89.0,89.74117459442331
3531001,Monções (SP),2014,64.0,69.8142398454499
3531001,Monções (SP),2015,90.0,73.3737052508226
3531001,Monções (SP),2016,81.0,84.06749188763321
3531001,Monções (SP),2017,90.0,84.5389294313959
3531001,Monções (SP),2018,71.81,79.81852005300023
3531001,Monções (SP),2019,71.81,71.87876727429925
3531001,Monções (SP),2020,73.0,73.07256439945677
3531001,Monções (SP),2021,70.0,69.82518181791124
3531001,Monções (SP),2022,80.0,76.23166340287943
3531001,Monções (SP),2023,71.873,84.77968014716568
3531001,Monções (SP),2024,70.0,69.9996195312325
3531209,Monte Alegre do Sul (SP),2001,80.0,60.80968081594453
3531209,Monte Alegre do Sul (SP),2006,50.0,65.03732747227937
3531209,Monte Alegre do Sul (SP),2007,100.0,68.71956768414917
3531209,Monte Alegre do Sul (SP),2008,100.0,101.62549687126776
3531209,Monte Alegre do Sul (SP),2009,100.0,100.83118234009925
3531209,Monte Alegre do Sul (SP),2010,52.0,73.32338437029391
3531209,Monte Alegre do Sul (SP),2011,70.0,78.53590856436615
3531209,Monte Alegre do Sul (SP),2012,50.0,64.8908907825444
3531209,Monte Alegre do Sul (SP),2013,50.0,50.43179646338385
3531209,Monte Alegre do Sul (SP),2014,50.0,53.993738082334346
3531209,Monte Alegre do Sul (SP),2015,40.0,50.18245731610631
3531209,Monte Alegre do Sul (SP),2016,55.0,62.42335168509962
3531209,Monte Alegre do Sul (SP),2017,60.0,58.4778524523116
3531209,Monte Alegre do Sul (SP),2018,60.0,60.83571018389287
3531209,Monte Alegre do Sul (SP),2019,60.0,64.41925646959986
3531209,Monte Alegre do Sul (SP),2020,60.0,61.10881105637417
3531209,Monte Alegre do Sul (SP),2021,60.0,61.91688112226659
3531209,Monte Alegre do Sul (SP),2022,60.0,60.96885407774042
3531209,Monte Alegre do Sul (SP),2023,60.0,65.77318370890947
3531209,Monte Alegre do Sul (SP),2024,60.0,66.44524607332946
3531308,Monte Alto (SP),2001,75.0,74.37180472235684
3531308,Monte Alto (SP),2002,80.0,76.67375010490024
3531308,Monte Alto (SP),2003,80.0,80.71730874256782
3531308,Monte Alto (SP),2004,77.657,80.89441627527175
3531308,Monte Alto (SP),2005,89.402,85.36735263062852
3531308,Monte Alto (SP),2006,80.0,88.8822506149022
3531308,Monte Alto (SP),2007,80.0,81.42241884074156
3531308,Monte Alto (SP),2008,90.0,84.71574368444912
3531308,Monte Alto (SP),2009,90.0,89.47887517533829
3531308,Monte Alto (SP),2010,90.0,90.10429310961348
3531308,Monte Alto (SP),2011,90.0,88.94769724684751
3531308,Monte Alto (SP),2012,90.0,88.33396192581145
3531308,Monte Alto (SP),2013,90.0,88.96811354387972
3531308,Monte Alto (SP),2014,63.0,67.94511856599324
3531308,Monte Alto (SP),2015,63.0,65.02337556293861
3531308,Monte Alto (SP),2016,70.0,74.47991263806024
3531308,Monte Alto (SP),2017,80.0,74.40431943035793
3531308,Monte Alto (SP),2018,90.0,81.62526771206589
3531308,Monte Alto (SP),2019,90.0,88.5158807270287
3531308,Monte Alto (SP),2020,87.0,86.84601361413604
3531308,Monte Alto (SP),2021,70.0,74.98022194502715
3531308,Monte Alto (SP),2022,85.0,79.4028198826214
3531308,Monte Alto (SP),2023,86.0,86.02663869257653
3531308,Monte Alto (SP),2024,80.0,77.31946731592024
3531407,Monte Aprazível (SP),2001,75.0,63.92745030626894
3531407,Monte Aprazível (SP),2002,100.0,84.3699262654511
3531407,Monte Aprazível (SP),2003,70.0,94.7605243079509
3531407,Monte Aprazível (SP),2004,70.0,73.33519437261403
3531407,Monte Aprazível (SP),2005,69.538,71.79927752420512
3531407,Monte Aprazível (SP),2006,88.0,79.94976825582131
3531407,Monte Aprazível (SP),2007,90.0,89.38011365253368
3531407,Monte Aprazível (SP),2008,90.0,89.34184046608061
3531407,Monte Aprazível (SP),2009,90.0,89.60215203754984
3531407,Monte Aprazível (SP),2010,90.0,89.75823944310054
3531407,Monte Aprazível (SP),2011,90.0,89.46010093616859
3531407,Monte Aprazível (SP),2012,80.0,83.07851687987554
3531407,Monte Aprazível (SP),2013,80.0,81.96074775314187
3531407,Monte Aprazível (SP),2014,70.0,71.83109117226522
3531407,Monte Aprazível (SP),2015,70.0,75.39773003248442
3531407,Monte Aprazível (SP),2016,70.0,73.57134423798166
3531407,Monte Aprazível (SP),2017,80.0,72.91284680396463
3531407,Monte Aprazível (SP),2018,70.0,75.6331902030209
3531407,Monte Aprazível (SP),2019,80.0,73.40459529237191
3531407,Monte Aprazível (SP),2020,80.0,79.68761063732342
3531407,Monte Aprazível (SP),2021,65.0,74.56796890512464
3531407,Monte Aprazível (SP),2022,90.0,76.65802026325413
3531407,Monte Aprazível (SP),2023,80.0,87.09241143748918
3531407,Monte Aprazível (SP),2024,95.0,83.43501873952384
3531506,Monte Azul Paulista (SP),2001,85.0,82.84714512146498
3531506,Monte Azul Paulista (SP),2002,84.782,84.66728758415736
3531506,Monte Azul Paulista (SP),2003,85.0,87.01132724063945
3531506,Monte Azul Paulista (SP),2004,94.0,88.4898334897482
3531506,Monte Azul Paulista (SP),2005,92.388,90.86970846565072
3531506,Monte Azul Paulista (SP),2006,90.0,88.46087153755178
3531506,Monte Azul Paulista (SP),2007,90.0,89.96807112319077
3531506,Monte Azul Paulista (SP),2008,94.0,89.48899612790925
3531506,Monte Azul Paulista (SP),2009,90.0,90.17247247669133
3531506,Monte Azul Paulista (SP),2010,90.0,89.85616740733754
3531506,Monte Azul Paulista (SP),2011,71.0,80.74355726442863
3531506,Monte Azul Paulista (SP),2012,80.0,74.95486212922195
3531506,Monte Azul Paulista (SP),2013,80.0,81.22833611123139
3531506,Monte Azul Paulista (SP),2014,75.0,70.18720075386135
3531506,Monte Azul Paulista (SP),2015,75.0,76.77772350739818
3531506,Monte Azul Paulista (SP),2016,80.0,80.20920956149334
3531506,Monte Azul Paulista (SP),2017,85.0,81.2494872053526
3531506,Monte Azul Paulista (SP),2018,75.0,80.29778397023155
3531506,Monte Azul Paulista (SP),2019,73.0,74.49016294916213
3531506,Monte Azul Paulista (SP),2020,70.0,74.4108867655662
3531506,Monte Azul Paulista (SP),2021,75.0,72.49636457734721
3531506,Monte Azul Paulista (SP),2022,75.0,76.09602752502828
3531506,Monte Azul Paulista (SP),2023,90.0,84.69427187713207
3531506,Monte Azul Paulista (SP),2024,80.0,79.52928778271732
3531605,Monte Castelo (SP),2007,85.0,83.76940063748256
3531605,Monte Castelo (SP),2008,82.632,83.67624920991419
3531605,Monte Castelo (SP),2009,82.632,82.4311557516998
3531605,Monte Castelo (SP),2010,80.0,82.92115598665987
3531605,Monte Castelo (SP),2011,80.0,80.2994872205536
3531605,Monte Castelo (SP),2012,70.097,71.68790634236518
3531605,Monte Castelo (SP),2013,70.536,73.199261813281
3531605,Monte Castelo (SP),2014,55.516,62.62203901892765
3531605,Monte Castelo (SP),2015,74.989,68.03999471520034
3531605,Monte Castelo (SP),2016,75.257,76.01624052486899
3531605,Monte Castelo (SP),2017,75.0,72.72954908633096
3531605,Monte Castelo (SP),2018,70.0,71.07720968008013
3531605,Monte Castelo (SP),2019,70.0,69.84865022593829
3531605,Monte Castelo (SP),2020,70.0,70.03260459782513
3531605,Monte Castelo (SP),2021,64.0,63.89887460807904
3531605,Monte Castelo (SP),2022,68.0,68.19473862351214
3531605,Monte Castelo (SP),2023,80.0,79.17344229632366
3531605,Monte Castelo (SP),2024,65.0,64.70876939781053
3531803,Monte Mor (SP),2002,91.666,75.24618903181302
3531803,Monte Mor (SP),2003,100.0,88.065718201374
3531803,Monte Mor (SP),2004,65.0,84.0479809691512
3531803,Monte Mor (SP),2005,64.564,67.3331239213507
3531803,Monte Mor (SP),2006,80.0,74.33016628343043
3531803,Monte Mor (SP),2007,70.0,78.32919104070723
3531803,Monte Mor (SP),2008,70.0,70.32201200356027
3531803,Monte Mor (SP),2009,70.0,70.44179159982178
3531803,Monte Mor (SP),2011,70.0,73.16250677955371
3531803,Monte Mor (SP),2012,63.0,69.70848293586096
3531803,Monte Mor (SP),2013,80.002,74.0881613467228
3531803,Monte Mor (SP),2014,80.0,69.71695583517175
3531803,Monte Mor (SP),2015,71.429,76.30990716657699
3531803,Monte Mor (SP),2016,114.286,83.24771061523163
3531803,Monte Mor (SP),2017,100.0,97.27220447981678
3531803,Monte Mor (SP),2018,97.67,95.62454631715322
3531803,Monte Mor (SP),2019,97.67,95.34038222228054
3531803,Monte Mor (SP),2020,104.762,97.10353968489127
3531803,Monte Mor (SP),2021,73.15,85.33828851748251
3531803,Monte Mor (SP),2022,73.15,74.79611960991735
3531803,Monte Mor (SP),2023,93.243,81.62088023443272
3531803,Monte Mor (SP),2024,78.0,82.82750640767415
3531902,Morro Agudo (SP),2001,80.0,78.05245574986485
3531902,Morro Agudo (SP),2002,100.0,89.31783301384516
3531902,Morro Agudo (SP),2003,90.0,97.04041972387549
3531902,Morro Agudo (SP),2004,88.0,87.76588348833789
3531902,Morro Agudo (SP),2005,90.474,89.53076339143112
3531902,Morro Agudo (SP),2006,82.0,86.20084924202645
3531902,Morro Agudo (SP),2007,82.0,82.33250185122317
3531902,Morro Agudo (SP),2008,90.0,83.2304605140906
3531902,Morro Agudo (SP),2009,82.0,86.50074745560805
3531902,Morro Agudo (SP),2010,82.0,81.67590128527347
3531902,Morro Agudo (SP),2011,82.0,81.60985001093694
3531902,Morro Agudo (SP),2012,82.18,81.64591269250982
3531902,Morro Agudo (SP),2013,82.182,84.13155042203446
3531902,Morro Agudo (SP),2014,70.0,75.57359564019156
3531902,Morro Agudo (SP),2015,80.0,77.20244867386404
3531902,Morro Agudo (SP),2016,82.0,82.07168842366995
3531902,Morro Agudo (SP),2017,82.0,81.08676341983202
3531902,Morro Agudo (SP),2018,82.0,82.60296916127122
3531902,Morro Agudo (SP),2019,77.0,78.08955268080761
3531902,Morro Agudo (SP),2020,77.0,81.84746688969399
3531902,Morro Agudo (SP),2021,60.0,69.56220929050117
3531902,Morro Agudo (SP),2022,62.0,67.49286382625712
3531902,Morro Agudo (SP),2023,72.0,74.76434311709656
3531902,Morro Agudo (SP),2024,80.176,78.5243881905608
3532009,Morungaba (SP),2011,100.0,97.61657823470301
3532009,Morungaba (SP),2012,85.0,89.3639432933996
3532009,Morungaba (SP),2013,85.0,84.84938597672195
3532009,Morungaba (SP),2014,60.0,73.12972950246501
3532009,Morungaba (SP),2015,60.0,60.29390811670144
3532009,Morungaba (SP),2016,60.0,59.91627688334938
3532009,Morungaba (SP),2017,60.0,60.57718562495501
3532009,Morungaba (SP),2018,60.0,56.44288100921296
3532009,Morungaba (SP),2019,60.0,61.041195889327994
3532009,Morungaba (SP),2020,60.0,60.44290743766853
3532009,Morungaba (SP),2021,60.0,60.175231724062705
3532009,Morungaba (SP),2022,60.0,56.270340544691386
3532009,Morungaba (SP),2023,60.0,69.1229115896326
3532009,Morungaba (SP),2024,60.0,60.99034212874627
3532058,Motuca (SP),2001,72.0,73.75363627211107
3532058,Motuca (SP),2002,71.6,80.59547039719781
3532058,Motuca (SP),2003,71.0,69.83365691390598
3532058,Motuca (SP),2004,76.15,76.80873045188834
3532058,Motuca (SP),2005,78.297,78.67185772087167
3532058,Motuca (SP),2006,78.298,79.68465032066324
3532058,Motuca (SP),2007,80.0,81.20599889504572
3532058,Motuca (SP),2008,90.0,84.7383971725927
3532058,Motuca (SP),2009,90.0,87.66208776007939
3532058,Motuca (SP),2010,97.464,92.6426518674438
3532058,Motuca (SP),2011,97.465,94.76818777094897
3532058,Motuca (SP),2012,70.0,83.26369366141485
3532058,Motuca (SP),2013,70.0,72.9695779969682
3532058,Motuca (SP),2014,70.0,71.66826872720651
3532058,Motuca (SP),2015,85.0,78.55857385031366
3532058,Motuca (SP),2016,80.0,84.31112134959456
3532058,Motuca (SP),2017,85.0,81.02514884587877
3532058,Motuca (SP),2018,85.0,84.94183752203415
3532058,Motuca (SP),2019,83.333,84.51598222449286
3532058,Motuca (SP),2020,83.0,82.12531249972197
3532058,Motuca (SP),2021,82.0,79.57061722795949
3532058,Motuca (SP),2022,81.0,81.45343976728688
3532058,Motuca (SP),2023,83.699,84.56705518824803
3532058,Motuca (SP),2024,78.0,79.71150460968894
3532108,Murutinga do Sul (SP),2005,111.217,78.68490406670414
3532108,Murutinga do Sul (SP),2006,80.0,90.63500207971167
3532108,Murutinga do Sul (SP),2007,100.0,90.53326181684614
3532108,Murutinga do Sul (SP),2008,100.0,100.16227092565344
3532108,Murutinga do Sul (SP),2009,100.0,100.01992624367944
3532108,Murutinga do Sul (SP),2010,100.0,97.80900223263954
3532108,Murutinga do Sul (SP),2011,100.0,95.06165682276344
3532108,Murutinga do Sul (SP),2012,100.0,84.43929229549256
3532108,Murutinga do Sul (SP),2013,100.0,98.7810825463288
3532108,Murutinga do Sul (SP),2014,100.0,93.19367214024788
3532108,Murutinga do Sul (SP),2015,70.0,99.54100749781372
3532108,Murutinga do Sul (SP),2016,70.0,70.09684365917829
3532108,Murutinga do Sul (SP),2017,70.0,69.88890172353675
3532108,Murutinga do Sul (SP),2018,70.0,71.23457921356015
3532108,Murutinga do Sul (SP),2019,90.0,76.49514392951767
3532108,Murutinga do Sul (SP),2020,73.333,76.67920464115052
3532108,Murutinga do Sul (SP),2021,74.444,70.05461988104956
3532108,Murutinga do Sul (SP),2022,75.926,74.74550811764828
3532108,Murutinga do Sul (SP),2023,100.0,87.78258364662256
3532108,Murutinga do Sul (SP),2024,100.0,95.81514354528798
3532157,Nantes (SP),2001,85.0,78.56825722013258
3532157,Nantes (SP),2002,64.0,73.0867973795771
3532157,Nantes (SP),2003,85.0,76.21818944705895
3532157,Nantes (SP),2004,85.0,80.45622366935372
3532157,Nantes (SP),2005,84.43,82.70702009327819
3532157,Nantes (SP),2006,85.0,81.90580868152819
3532157,Nantes (SP),2007,65.0,75.93398581872445
3532157,Nantes (SP),2008,85.0,76.99958732614681
3532157,Nantes (SP),2009,85.0,80.33484193565153
3532157,Nantes (SP),2010,85.0,84.11763102329033
3532157,Nantes (SP),2011,76.0,75.8701601267147
3532157,Nantes (SP),2012,85.0,78.36895069500609
3532157,Nantes (SP),2013,69.214,82.99206348978187
3532157,Nantes (SP),2014,76.5,75.69267484801071
3532157,Nantes (SP),2015,80.004,77.56964898333901
3532157,Nantes (SP),2016,90.46,83.65985713584922
3532157,Nantes (SP),2017,80.89,82.41649833175995
3532157,Nantes (SP),2018,65.8,76.35361788256017
3532157,Nantes (SP),2019,65.8,67.17485631126716
3532157,Nantes (SP),2020,80.017,73.97300317308604
3532157,Nantes (SP),2021,80.109,79.2909879542813
3532157,Nantes (SP),2022,79.715,80.57591437109991
3532157,Nantes (SP),2023,79.142,80.23730056119545
3532157,Nantes (SP),2024,77.366,78.95636273293252
3532207,Narandiba (SP),2002,70.0,69.43607522271407
3532207,Narandiba (SP),2003,100.0,79.05411641904301
3532207,Narandiba (SP),2004,100.0,93.89339632983098
3532207,Narandiba (SP),2005,89.396,96.16674369008895
3532207,Narandiba (SP),2006,90.0,88.89845927475352
3532207,Narandiba (SP),2007,90.0,88.3236127979016
3532207,Narandiba (SP),2008,90.0,88.53069645152372
3532207,Narandiba (SP),2009,90.0,88.42934877848167
3532207,Narandiba (SP),2010,90.0,87.05623289451304
3532207,Narandiba (SP),2011,70.0,78.21483477122597
3532207,Narandiba (SP),2012,70.6,70.51944877537476
3532207,Narandiba (SP),2013,70.0,72.74366154963997
3532207,Narandiba (SP),2014,80.0,76.08984957394927
3532207,Narandiba (SP),2015,90.0,81.40760792050327
3532207,Narandiba (SP),2016,80.0,77.73392297438996
3532207,Narandiba (SP),2017,70.0,75.26096097536912
3532207,Narandiba (SP),2018,89.999,81.79271172192026
3532207,Narandiba (SP),2019,89.999,88.47028122345608
3532207,Narandiba (SP),2020,83.332,82.53242659935813
3532207,Narandiba (SP),2021,81.101,80.79608369415256
3532207,Narandiba (SP),2022,81.479,81.57157302393816
3532207,Narandiba (SP),2023,81.814,81.59851416144795
3532207,Narandiba (SP),2024,81.467,81.51417581626583
3532306,Natividade da Serra (SP),2001,30.0,47.43931197535802
3532306,Natividade da Serra (SP),2005,57.15,50.91593165803112
3532306,Natividade da Serra (SP),2006,90.0,56.596254416690996
3532306,Natividade da Serra (SP),2007,86.4,85.07840139229576
3532306,Natividade da Serra (SP),2008,57.15,67.00677967902563
3532306,Natividade da Serra (SP),2009,57.15,58.17916615537243
3532306,Natividade da Serra (SP),2010,90.0,70.9667905749916
3532306,Natividade da Serra (SP),2011,90.0,86.5213254991656
3532306,Natividade da Serra (SP),2013,60.0,78.67873947362132
3532306,Natividade da Serra (SP),2014,70.0,64.01053228368855
3532405,Nazaré Paulista (SP),2002,45.0,40.422873086330334
3532405,Nazaré Paulista (SP),2003,46.0,47.02550739799089
3532405,Nazaré Paulista (SP),2004,45.0,46.39418460824592
3532405,Nazaré Paulista (SP),2005,44.405,45.338359795773684
3532405,Nazaré Paulista (SP),2006,45.0,43.83119224199411
3532405,Nazaré Paulista (SP),2007,45.0,46.037326975579965
3532405,Nazaré Paulista (SP),2008,45.0,46.458512147526086
3532405,Nazaré Paulista (SP),2009,45.0,44.60985628657455
3532405,Nazaré Paulista (SP),2010,54.0,51.40308830576697
3532405,Nazaré Paulista (SP),2011,80.0,76.37158787012697
3532405,Nazaré Paulista (SP),2012,70.0,75.40704626351189
3532405,Nazaré Paulista (SP),2013,70.0,64.13047383414954
3532405,Nazaré Paulista (SP),2014,70.0,68.72890946786248
3532405,Nazaré Paulista (SP),2015,70.0,70.83988418310838
3532405,Nazaré Paulista (SP),2016,95.0,70.97485025756673
3532405,Nazaré Paulista (SP),2017,95.0,84.66857226798247
3532405,Nazaré Paulista (SP),2018,95.0,92.74020048286171
3532405,Nazaré Paulista (SP),2019,85.0,88.0310458644712
3532405,Nazaré Paulista (SP),2020,85.0,84.30405510718727
3532405,Nazaré Paulista (SP),2021,91.656,86.16088182667326
3532405,Nazaré Paulista (SP),2022,90.563,83.29017891144376
3532405,Nazaré Paulista (SP),2023,89.063,87.28709149227434
3532405,Nazaré Paulista (SP),2024,88.219,88.71749973430346
3532504,Neves Paulista (SP),2001,80.0,75.74152286638292
3532504,Neves Paulista (SP),2002,80.0,80.42886148708507
3532504,Neves Paulista (SP),2003,80.0,80.60317720798486
3532504,Neves Paulista (SP),2004,80.0,95.6907038293808
3532504,Neves Paulista (SP),2005,79.462,83.62166978137553
3532504,Neves Paulista (SP),2006,80.0,87.7707660830054
3532504,Neves Paulista (SP),2007,80.0,81.95234596949376
3532504,Neves Paulista (SP),2008,80.0,83.09047895209915
3532504,Neves Paulista (SP),2009,90.0,86.09874369587202
3532504,Neves Paulista (SP),2010,90.0,89.88350254675221
3532504,Neves Paulista (SP),2011,90.0,89.3316145928806
3532504,Neves Paulista (SP),2012,80.0,84.5342080670778
3532504,Neves Paulista (SP),2013,80.0,80.63800946264432
3532504,Neves Paulista (SP),2014,70.0,72.24919387640504
3532504,Neves Paulista (SP),2015,70.0,76.36951759953963
3532504,Neves Paulista (SP),2016,80.0,77.90650157757302
3532504,Neves Paulista (SP),2017,80.0,81.02570940353048
3532504,Neves Paulista (SP),2018,80.0,79.57669732060602
3532504,Neves Paulista (SP),2019,80.0,77.22125128698615
3532504,Neves Paulista (SP),2020,80.0,78.84600294865636
3532504,Neves Paulista (SP),2021,80.0,77.90606808976821
3532504,Neves Paulista (SP),2022,90.0,85.2654258096085
3532504,Neves Paulista (SP),2023,90.0,92.28319289525652
3532504,Neves Paulista (SP),2024,80.0,82.53362998849471
3532603,Nhandeara (SP),2001,60.0,64.23246485334437
3532603,Nhandeara (SP),2002,70.0,73.07344289109285
3532603,Nhandeara (SP),2003,80.0,74.00266712810341
3532603,Nhandeara (SP),2004,80.0,81.12687430987793
3532603,Nhandeara (SP),2005,79.463,81.15920098838852
3532603,Nhandeara (SP),2006,80.0,83.20748260806084
3532603,Nhandeara (SP),2007,90.0,83.57942084361815
3532603,Nhandeara (SP),2008,90.0,89.33529465756945
3532603,Nhandeara (SP),2009,90.0,89.64614409371758
3532603,Nhandeara (SP),2010,90.0,88.48164964550546
3532603,Nhandeara (SP),2011,90.0,88.89715367419322
3532603,Nhandeara (SP),2012,90.0,85.88923314140916
3532603,Nhandeara (SP),2013,80.0,82.99434297958784
3532603,Nhandeara (SP),2014,70.0,73.50441081040606
3532603,Nhandeara (SP),2015,75.0,72.62491965154092
3532603,Nhandeara (SP),2016,75.0,75.90315465271658
3532603,Nhandeara (SP),2017,90.0,78.90833747958561
3532603,Nhandeara (SP),2018,80.0,83.23861131694781
3532603,Nhandeara (SP),2019,80.0,73.43767275038849
3532603,Nhandeara (SP),2020,80.0,78.19495984260293
3532603,Nhandeara (SP),2021,70.0,75.16789875660453
3532603,Nhandeara (SP),2022,70.0,72.1714290391035
3532603,Nhandeara (SP),2023,90.0,77.89734684706869
3532603,Nhandeara (SP),2024,90.0,83.7214215175829
3532702,Nipoã (SP),2001,80.0,81.96379348144815
3532702,Nipoã (SP),2002,80.0,87.72449594491381
3532702,Nipoã (SP),2003,80.0,83.46460576023121
3532702,Nipoã (SP),2004,80.0,82.30378076280303
3532702,Nipoã (SP),2005,79.476,82.96233900139545
3532702,Nipoã (SP),2006,80.0,82.99561304343165
3532702,Nipoã (SP),2007,80.0,84.8504855026541
3532702,Nipoã (SP),2008,80.0,80.51815742107958
3532702,Nipoã (SP),2009,90.0,84.36359506847191
3532702,Nipoã (SP),2010,90.0,89.79909971678127
3532702,Nipoã (SP),2011,90.0,89.62331596332048
3532702,Nipoã (SP),2012,80.0,82.13729361589044
3532702,Nipoã (SP),2013,77.714,82.1775367956411
3532702,Nipoã (SP),2014,80.0,71.20923663998501
3532702,Nipoã (SP),2015,80.0,81.07379999019017
3532702,Nipoã (SP),2016,80.0,81.65322620719719
3532702,Nipoã (SP),2017,80.0,79.46948461415307
3532702,Nipoã (SP),2018,80.0,76.36376559921074
3532702,Nipoã (SP),2019,70.0,76.23621908103004
3532702,Nipoã (SP),2020,70.0,73.73621469705992
3532702,Nipoã (SP),2021,70.0,71.01262824304082
3532702,Nipoã (SP),2022,70.0,78.33128271092947
3532702,Nipoã (SP),2023,90.0,87.1266761138497
3532702,Nipoã (SP),2024,70.0,78.7438486115759
3532801,Nova Aliança (SP),2003,80.0,78.44154090312783
3532801,Nova Aliança (SP),2004,100.0,97.40701614175046
3532801,Nova Aliança (SP),2005,118.68,96.12775911898797
3532801,Nova Aliança (SP),2006,123.333,109.85853775925248
3532801,Nova Aliança (SP),2007,120.0,113.08324479355362
3532801,Nova Aliança (SP),2008,90.0,88.32405289824736
3532801,Nova Aliança (SP),2009,90.0,89.85367624542351
3532801,Nova Aliança (SP),2010,90.0,89.84954374706687
3532801,Nova Aliança (SP),2011,90.0,89.54113591499194
3532801,Nova Aliança (SP),2012,90.0,85.05235791321775
3532801,Nova Aliança (SP),2013,80.0,85.81036546357484
3532801,Nova Aliança (SP),2014,75.0,73.38368815676104
3532801,Nova Aliança (SP),2015,80.0,77.73191523124471
3532801,Nova Aliança (SP),2016,90.0,86.2727315866719
3532801,Nova Aliança (SP),2017,90.0,89.08788755342258
3532801,Nova Aliança (SP),2018,90.341,86.48983434320182
3532801,Nova Aliança (SP),2019,80.0,81.96703751849822
3532801,Nova Aliança (SP),2020,80.0,78.91300181248103
3532801,Nova Aliança (SP),2021,85.0,77.64662546161148
3532801,Nova Aliança (SP),2022,80.0,83.71558043586744
3532801,Nova Aliança (SP),2023,80.0,81.91887832184266
3532801,Nova Aliança (SP),2024,80.0,78.63954237556885
3532827,Nova Campina (SP),2020,75.0,60.34065901924463
3532827,Nova Campina (SP),2021,75.0,73.45012117355907
3532827,Nova Campina (SP),2022,75.0,71.07806678127481
3532827,Nova Campina (SP),2023,75.0,77.21585868465192
3532827,Nova Campina (SP),2024,75.0,72.5217330084515
3532843,Nova Canaã Paulista (SP),2008,100.0,98.56356450862656
3532843,Nova Canaã Paulista (SP),2009,150.0,109.61226192509801
3532843,Nova Canaã Paulista (SP),2010,120.0,114.304012146796
3532843,Nova Canaã Paulista (SP),2011,120.0,103.13933028279034
3532843,Nova Canaã Paulista (SP),2012,80.0,83.00663533606668
3532843,Nova Canaã Paulista (SP),2013,80.0,80.58798121941399
3532843,Nova Canaã Paulista (SP),2014,60.0,68.82065284382203
3532843,Nova Canaã Paulista (SP),2015,90.0,82.51384516511514
3532843,Nova Canaã Paulista (SP),2016,90.0,87.9211015203827
3532843,Nova Canaã Paulista (SP),2017,90.0,84.3654048307865
3532843,Nova Canaã Paulista (SP),2018,90.0,85.24482227455876
3532843,Nova Canaã Paulista (SP),2019,85.0,84.49049553952987
3532843,Nova Canaã Paulista (SP),2020,85.0,80.05275380700219
3532843,Nova Canaã Paulista (SP),2021,80.0,74.23612645768124
3532843,Nova Canaã Paulista (SP),2022,80.0,77.66156160144938
3532843,Nova Canaã Paulista (SP),2023,85.0,84.69446329959835
3532843,Nova Canaã Paulista (SP),2024,76.5,77.10705832789839
3532868,Nova Castilho (SP),2001,10.0,58.4056608786384
3532868,Nova Castilho (SP),2002,86.553,82.64559977955378
3532868,Nova Castilho (SP),2003,65.934,82.11144074616887
3532868,Nova Castilho (SP),2004,100.0,82.71118489141281
3532868,Nova Castilho (SP),2005,94.214,94.70144979217812
3532868,Nova Castilho (SP),2006,120.0,98.26778125343728
3532868,Nova Castilho (SP),2007,100.0,106.4938843164058
3532868,Nova Castilho (SP),2008,72.0,89.13638448324414
3532868,Nova Castilho (SP),2009,100.0,76.44125995438722
3532868,Nova Castilho (SP),2010,90.0,95.9861280362639
3532868,Nova Castilho (SP),2011,78.261,82.79425026990499
3532868,Nova Castilho (SP),2012,65.675,71.84521005780256
3532868,Nova Castilho (SP),2013,75.117,71.28322692230569
3532868,Nova Castilho (SP),2014,65.0,70.04403790578988
3532868,Nova Castilho (SP),2015,60.734,76.51857664730468
3532868,Nova Castilho (SP),2016,61.0,65.77610998807357
3532868,Nova Castilho (SP),2017,61.0,65.38485280732122
3532868,Nova Castilho (SP),2018,61.0,65.60273411009172
3532868,Nova Castilho (SP),2019,75.0,70.83760353537258
3532868,Nova Castilho (SP),2020,65.0,72.36607731646842
3532868,Nova Castilho (SP),2021,60.0,65.2130194489677
3532868,Nova Castilho (SP),2022,65.0,68.79489442426394
3532868,Nova Castilho (SP),2023,70.0,71.47300845503179
3532868,Nova Castilho (SP),2024,65.0,70.75262421340794
3532900,Nova Europa (SP),2001,80.0,79.74696113212548
3532900,Nova Europa (SP),2002,71.6,77.8488907131427
3532900,Nova Europa (SP),2003,71.6,73.12415843248638
3532900,Nova Europa (SP),2004,90.0,80.27686447485665
3532900,Nova Europa (SP),2005,89.409,90.46077489159336
3532900,Nova Europa (SP),2006,89.41,89.3779518833134
3532900,Nova Europa (SP),2007,80.0,86.69043432573822
3532900,Nova Europa (SP),2008,85.0,82.42322422009603
3532900,Nova Europa (SP),2009,85.0,84.68859430604414
3532900,Nova Europa (SP),2010,94.182,83.28524888480955
3532900,Nova Europa (SP),2011,94.183,93.53702189179688
3532900,Nova Europa (SP),2012,90.0,85.91053781802918
3532900,Nova Europa (SP),2013,90.0,89.27713438915933
3532900,Nova Europa (SP),2014,90.0,85.15979158954937
3532900,Nova Europa (SP),2015,75.0,80.99532098189273
3532900,Nova Europa (SP),2016,85.0,80.03762946890868
3532900,Nova Europa (SP),2017,72.25,80.28416784250541
3532900,Nova Europa (SP),2018,68.0,72.45480919868169
3532900,Nova Europa (SP),2019,81.667,76.5180677893301
3532900,Nova Europa (SP),2020,89.014,81.45261092709421
3532900,Nova Europa (SP),2021,80.0,80.19176364805618
3532900,Nova Europa (SP),2022,78.0,79.37312903419917
3532900,Nova Europa (SP),2023,78.324,79.2840533759222
3532900,Nova Europa (SP),2024,78.765,72.85867328793428
3533007,Nova Granada (SP),2001,70.0,73.31705586946846
3533007,Nova Granada (SP),2002,90.0,85.72123607982809
3533007,Nova Granada (SP),2003,90.0,88.58930794570793
3533007,Nova Granada (SP),2004,90.0,87.92281257798454
3533007,Nova Granada (SP),2005,89.396,87.31515643150749
3533007,Nova Granada (SP),2006,75.0,94.47424277556696
3533007,Nova Granada (SP),2007,90.0,84.24857412147232
3533007,Nova Granada (SP),2008,100.0,91.10637721762586
3533007,Nova Granada (SP),2009,100.0,93.7208134859441
3533007,Nova Granada (SP),2010,85.0,88.60588297154317
3533007,Nova Granada (SP),2011,85.0,81.84950150461663
3533007,Nova Granada (SP),2012,85.0,79.99954735232262
3533007,Nova Granada (SP),2013,85.0,82.29095406608751
3533007,Nova Granada (SP),2014,80.0,80.51403281945834
3533007,Nova Granada (SP),2015,85.0,81.13699909170023
3533007,Nova Granada (SP),2016,72.0,79.7164839385875
3533007,Nova Granada (SP),2017,70.0,72.73084297712019
3533007,Nova Granada (SP),2018,70.0,70.31499682017932
3533007,Nova Granada (SP),2019,80.0,74.81653280632139
3533007,Nova Granada (SP),2020,75.0,78.51896333207857
3533007,Nova Granada (SP),2021,72.333,72.57664725417638
3533007,Nova Granada (SP),2022,80.0,77.80989001566866
3533007,Nova Granada (SP),2023,80.0,84.50323497034354
3533007,Nova Granada (SP),2024,80.0,79.33150224848471
3533106,Nova Guataporanga (SP),2005,99.328,88.31069407685366
3533106,Nova Guataporanga (SP),2006,95.0,96.70464787177195
3533106,Nova Guataporanga (SP),2007,100.0,87.95611564961752
3533106,Nova Guataporanga (SP),2008,100.0,98.17749290882595
3533106,Nova Guataporanga (SP),2009,100.0,99.39441698363194
3533106,Nova Guataporanga (SP),2010,100.0,99.17826781940846
3533106,Nova Guataporanga (SP),2011,100.0,97.52435165726294
3533106,Nova Guataporanga (SP),2012,74.324,76.95514058240533
3533106,Nova Guataporanga (SP),2013,75.0,75.05885623055318
3533106,Nova Guataporanga (SP),2014,61.111,62.57569067669136
3533106,Nova Guataporanga (SP),2015,65.763,68.66322931582482
3533106,Nova Guataporanga (SP),2016,75.0,76.52198783392382
3533106,Nova Guataporanga (SP),2017,73.0,73.18966725179412
3533106,Nova Guataporanga (SP),2018,70.0,71.39785825825244
3533106,Nova Guataporanga (SP),2019,65.0,70.56050765342431
3533106,Nova Guataporanga (SP),2020,65.0,65.39284757571592
3533106,Nova Guataporanga (SP),2021,60.0,64.0214889810467
3533106,Nova Guataporanga (SP),2022,68.0,69.12027138158561
3533106,Nova Guataporanga (SP),2023,81.0,77.37022676996192
3533106,Nova Guataporanga (SP),2024,65.0,65.38115296310549
3533205,Nova Independência (SP),2006,110.0,95.7008714006795
3533205,Nova Independência (SP),2007,110.0,110.12523944366748
3533205,Nova Independência (SP),2008,110.0,105.67569102601834
3533205,Nova Independência (SP),2009,110.0,105.3986045985852
3533205,Nova Independência (SP),2010,90.0,94.3813603862127
3533205,Nova Independência (SP),2011,90.0,88.4077592792476
3533205,Nova Independência (SP),2012,77.0,78.55286220147964
3533205,Nova Independência (SP),2013,80.0,79.69804805206189
3533205,Nova Independência (SP),2014,62.0,67.99849273030998
3533205,Nova Independência (SP),2015,62.523,68.68625950642783
3533205,Nova Independência (SP),2016,70.0,70.80581523408841
3533205,Nova Independência (SP),2017,70.0,70.04204044498486
3533205,Nova Independência (SP),2018,70.0,71.14948209617145
3533205,Nova Independência (SP),2019,68.0,72.05942970847391
3533205,Nova Independência (SP),2020,69.333,70.22421998134797
3533205,Nova Independência (SP),2021,69.778,68.29655572163705
3533205,Nova Independência (SP),2022,69.704,71.59565750674433
3533205,Nova Independência (SP),2023,75.0,72.64043156154031
3533205,Nova Independência (SP),2024,74.528,71.32785044562932
3533254,Novais (SP),2001,80.0,78.40092420457643
3533254,Novais (SP),2002,85.0,82.11842981915325
3533254,Novais (SP),2003,85.0,86.08479028560019
3533254,Novais (SP),2004,85.0,86.17553422918607
3533254,Novais (SP),2005,84.439,84.7988310102506
3533254,Novais (SP),2006,70.0,77.08026836840068
3533254,Novais (SP),2007,85.0,82.24161814416384
3533254,Novais (SP),2008,85.0,85.69357970830664
3533254,Novais (SP),2009,85.0,84.07590387133017
3533254,Novais (SP),2010,85.0,84.5600723794376
3533254,Novais (SP),2011,85.0,83.97105633821646
3533254,Novais (SP),2012,75.0,78.75235599127721
3533254,Novais (SP),2013,75.0,79.90590009666788
3533254,Novais (SP),2014,70.0,70.27484702442162
3533254,Novais (SP),2015,70.0,77.0808709106644
3533254,Novais (SP),2016,70.0,76.08386400994871
3533254,Novais (SP),2017,75.0,73.79430510651463
3533254,Novais (SP),2018,75.0,75.52351972069009
3533254,Novais (SP),2019,75.0,74.60167921361544
3533254,Novais (SP),2020,80.0,74.71374969157097
3533254,Novais (SP),2021,75.0,67.89666074325673
3533254,Novais (SP),2022,70.0,77.0151161852624
3533254,Novais (SP),2023,80.0,83.22309221689507
3533254,Novais (SP),2024,90.0,77.75902592255785
3533304,Nova Luzitânia (SP),2001,85.0,91.6175326819418
3533304,Nova Luzitânia (SP),2002,80.0,81.21035633871561
3533304,Nova Luzitânia (SP),2003,85.0,83.99771330703099
3533304,Nova Luzitânia (SP),2004,85.0,84.75289627734335
3533304,Nova Luzitânia (SP),2005,77.907,80.77744745500179
3533304,Nova Luzitânia (SP),2006,85.0,93.16222171653395
3533304,Nova Luzitânia (SP),2007,85.02,85.26404535456146
3533304,Nova Luzitânia (SP),2008,85.0,83.99113241330063
3533304,Nova Luzitânia (SP),2009,80.0,81.87046110657215
3533304,Nova Luzitânia (SP),2010,81.0,80.63519138756901
3533304,Nova Luzitânia (SP),2011,75.0,77.21553213797729
3533304,Nova Luzitânia (SP),2012,80.0,76.86417474054369
3533304,Nova Luzitânia (SP),2013,80.0,81.46835738180478
3533304,Nova Luzitânia (SP),2014,60.0,69.75828711262267
3533304,Nova Luzitânia (SP),2015,70.0,71.51788844983628
3533304,Nova Luzitânia (SP),2016,67.206,72.93916584115362
3533304,Nova Luzitânia (SP),2017,59.071,66.89555320340818
3533304,Nova Luzitânia (SP),2018,67.094,66.3452885833611
3533304,Nova Luzitânia (SP),2019,68.0,70.1965147298909
3533304,Nova Luzitânia (SP),2020,72.0,74.29588476507075
3533304,Nova Luzitânia (SP),2021,67.068,69.03305401375623
3533304,Nova Luzitânia (SP),2022,61.455,70.5718008562268
3533304,Nova Luzitânia (SP),2023,70.0,72.16710804033278
3533304,Nova Luzitânia (SP),2024,68.0,69.9607686933903
3533403,Nova Odessa (SP),2001,60.0,64.97261051789499
3533403,Nova Odessa (SP),2002,60.0,64.80331435821837
3533403,Nova Odessa (SP),2003,60.0,60.3654952128911
3533403,Nova Odessa (SP),2004,60.0,61.474734000409136
3533403,Nova Odessa (SP),2005,59.597,60.18408048421795
3533403,Nova Odessa (SP),2006,60.0,66.29570867935308
3533403,Nova Odessa (SP),2007,60.0,62.485330061213105
3533403,Nova Odessa (SP),2008,60.0,61.13599309974409
3533403,Nova Odessa (SP),2009,85.0,71.74563130928833
3533403,Nova Odessa (SP),2011,60.0,73.2126122040284
3533403,Nova Odessa (SP),2012,60.0,62.54074563341519
3533403,Nova Odessa (SP),2013,75.0,67.93427750276113
3533403,Nova Odessa (SP),2014,75.0,70.69825097181565
3533403,Nova Odessa (SP),2015,67.0,72.3596684963542
3533403,Nova Odessa (SP),2016,67.778,67.59975497264583
3533403,Nova Odessa (SP),2017,67.778,69.81257463616274
3533403,Nova Odessa (SP),2018,71.111,70.66856935755091
3533403,Nova Odessa (SP),2019,70.0,71.52492460097072
3533502,Novo Horizonte (SP),2001,78.712,79.19376182778116
3533502,Novo Horizonte (SP),2002,79.629,80.89902850166868
3533502,Novo Horizonte (SP),2003,80.0,80.74032818448764
3533502,Novo Horizonte (SP),2004,80.0,80.50385828996328
3533502,Novo Horizonte (SP),2005,82.142,80.90618998102804
3533502,Novo Horizonte (SP),2006,90.0,78.62747317832408
3533502,Novo Horizonte (SP),2007,80.0,86.39274047991435
3533502,Novo Horizonte (SP),2008,90.0,82.88699388330076
3533502,Novo Horizonte (SP),2009,90.0,90.74402723161938
3533502,Novo Horizonte (SP),2010,90.0,89.73724887607925
3533502,Novo Horizonte (SP),2011,90.0,87.42344999441424
3533502,Novo Horizonte (SP),2012,90.0,88.4727058062909
3533502,Novo Horizonte (SP),2013,90.0,89.546116100565
3533502,Novo Horizonte (SP),2014,80.0,72.70174143045844
3533502,Novo Horizonte (SP),2015,90.0,83.68367881262301
3533502,Novo Horizonte (SP),2016,90.0,88.00649913532557
3533502,Novo Horizonte (SP),2017,90.0,88.69640543313766
3533502,Novo Horizonte (SP),2018,74.988,81.52865712404866
3533502,Novo Horizonte (SP),2019,70.0,76.02496082554661
3533502,Novo Horizonte (SP),2020,84.0,78.40165044513806
3533502,Novo Horizonte (SP),2021,70.0,73.71668712633199
3533502,Novo Horizonte (SP),2022,70.0,72.67151165093874
3533502,Novo Horizonte (SP),2023,110.0,86.89025548103699
3533502,Novo Horizonte (SP),2024,70.0,79.7931132287851
3533601,Nuporanga (SP),2001,80.0,81.71532663146424
3533601,Nuporanga (SP),2002,80.903,80.24910163267465
3533601,Nuporanga (SP),2003,80.0,80.10372677455412
3533601,Nuporanga (SP),2004,80.0,80.97188885271312
3533601,Nuporanga (SP),2005,77.019,80.5683293693374
3533601,Nuporanga (SP),2006,80.0,80.18894664393184
3533601,Nuporanga (SP),2007,80.0,79.98485814579021
3533601,Nuporanga (SP),2008,80.0,80.2772641561546
3533601,Nuporanga (SP),2009,80.0,80.68129028369356
3533601,Nuporanga (SP),2010,80.0,80.29812170007082
3533601,Nuporanga (SP),2011,80.0,79.49578604676029
3533601,Nuporanga (SP),2012,80.0,79.31071230890805
3533601,Nuporanga (SP),2013,80.0,80.35829024900471
3533601,Nuporanga (SP),2014,80.0,75.78343861019115
3533601,Nuporanga (SP),2015,80.0,80.34599747754133
3533601,Nuporanga (SP),2016,80.0,80.93607873129075
3533601,Nuporanga (SP),2017,80.0,82.32316856459006
3533601,Nuporanga (SP),2018,80.0,80.31681747328619
3533601,Nuporanga (SP),2019,80.0,79.77183114109808
3533601,Nuporanga (SP),2020,80.0,80.2964166124374
3533601,Nuporanga (SP),2021,65.0,74.11379544130531
3533601,Nuporanga (SP),2022,65.0,68.46175338840318
3533601,Nuporanga (SP),2023,75.0,74.71153947941364
3533601,Nuporanga (SP),2024,80.0,78.04657389024003
3533700,Ocauçu (SP),2008,100.0,96.9621949363305
3533700,Ocauçu (SP),2009,100.0,95.27222363209647
3533700,Ocauçu (SP),2010,92.5,95.04167375944888
3533700,Ocauçu (SP),2011,100.0,90.13008526380504
3533700,Ocauçu (SP),2012,70.0,78.14747597667774
3533700,Ocauçu (SP),2013,80.0,76.61068870215271
3533700,Ocauçu (SP),2014,100.0,86.88818801145655
3533700,Ocauçu (SP),2015,100.0,97.94148724439137
3533700,Ocauçu (SP),2016,100.0,88.70825014049143
3533700,Ocauçu (SP),2017,100.0,92.33608926901141
3533700,Ocauçu (SP),2018,100.0,96.95869016888811
3533700,Ocauçu (SP),2019,75.0,82.40456819874024
3533700,Ocauçu (SP),2020,100.0,83.35311292949244
3533700,Ocauçu (SP),2021,75.0,86.95286116146865
3533700,Ocauçu (SP),2022,80.0,79.02881516565621
3533700,Ocauçu (SP),2023,85.0,83.34766228245655
3533700,Ocauçu (SP),2024,70.0,75.99784157304502
3533809,Óleo (SP),2001,90.0,83.43446002842342
3533809,Óleo (SP),2002,81.0,82.85151953091359
3533809,Óleo (SP),2003,85.0,81.68488808257236
3533809,Óleo (SP),2004,85.0,82.92435600904884
3533809,Óleo (SP),2005,79.462,79.59865467266073
3533809,Óleo (SP),2006,75.0,77.49821314757617
3533809,Óleo (SP),2007,80.0,77.2685570606538
3533809,Óleo (SP),2008,80.0,80.31653052838936
3533809,Óleo (SP),2009,80.0,78.61472718896316
3533809,Óleo (SP),2010,80.0,80.09626361698065
3533809,Óleo (SP),2011,81.5,79.31443073653752
3533809,Óleo (SP),2012,81.5,83.75622800261517
3533809,Óleo (SP),2013,90.0,87.18373690307867
3533809,Óleo (SP),2014,90.0,83.12416207484792
3533809,Óleo (SP),2015,90.0,84.78645394027089
3533809,Óleo (SP),2016,90.0,83.20484167079223
3533809,Óleo (SP),2017,90.0,87.98784849231248
3533809,Óleo (SP),2018,85.0,89.00928045988832
3533809,Óleo (SP),2019,85.0,83.7625781039152
3533809,Óleo (SP),2020,85.0,84.37619768725307
3533809,Óleo (SP),2021,90.0,84.98712200902855
3533809,Óleo (SP),2022,90.0,88.25242461627904
3533809,Óleo (SP),2023,80.0,85.61299230318372
3533809,Óleo (SP),2024,80.0,78.71929732627352
3533908,Olímpia (SP),2001,72.727,73.92891253959009
3533908,Olímpia (SP),2002,90.0,78.9525591812257
3533908,Olímpia (SP),2003,90.0,89.31097564264253
3533908,Olímpia (SP),2004,88.163,88.47819396574432
3533908,Olímpia (SP),2005,90.528,89.23313989307813
3533908,Olímpia (SP),2006,90.0,89.21517312957772
3533908,Olímpia (SP),2007,90.0,89.54469075325949
3533908,Olímpia (SP),2008,90.0,90.05089057891722
3533908,Olímpia (SP),2009,90.0,89.88577280035129
3533908,Olímpia (SP),2010,85.0,88.01356149426587
3533908,Olímpia (SP),2011,75.0,81.23790414905704
3533908,Olímpia (SP),2012,70.0,76.97495913509664
3533908,Olímpia (SP),2013,85.714,77.90392935883985
3533908,Olímpia (SP),2014,80.0,79.27804472688427
3533908,Olímpia (SP),2015,75.0,78.23611521915448
3533908,Olímpia (SP),2016,75.0,82.34475883619854
3533908,Olímpia (SP),2017,80.0,77.98088480077966
3533908,Olímpia (SP),2018,75.0,77.2935744369774
3533908,Olímpia (SP),2019,75.0,74.73623650218634
3533908,Olímpia (SP),2020,75.0,75.4778316101007
3533908,Olímpia (SP),2021,75.0,74.85550669476355
3533908,Olímpia (SP),2022,75.0,76.14950941865625
3533908,Olímpia (SP),2023,75.0,77.55565846838573
3533908,Olímpia (SP),2024,75.0,73.9668802924622
3534005,Onda Verde (SP),2001,80.0,74.77287082160755
3534005,Onda Verde (SP),2002,80.0,79.88249075459815
3534005,Onda Verde (SP),2003,80.0,79.84905721880513
3534005,Onda Verde (SP),2004,80.0,79.28670287139475
3534005,Onda Verde (SP),2005,79.463,80.33519464045449
3534005,Onda Verde (SP),2006,85.0,90.87682126534364
3534005,Onda Verde (SP),2007,80.0,84.05426745077403
3534005,Onda Verde (SP),2008,85.0,81.8385282385737
3534005,Onda Verde (SP),2009,85.0,84.37966046431679
3534005,Onda Verde (SP),2010,80.0,84.76279190582687
3534005,Onda Verde (SP),2011,79.0,77.8435664160971
3534005,Onda Verde (SP),2012,80.0,79.7042326757666
3534005,Onda Verde (SP),2013,83.0,83.3113093872482
3534005,Onda Verde (SP),2014,85.0,79.457301752419
3534005,Onda Verde (SP),2015,70.0,77.89827600358126
3534005,Onda Verde (SP),2016,82.892,76.81123587316318
3534005,Onda Verde (SP),2017,83.0,82.78331069622892
3534005,Onda Verde (SP),2018,70.55,75.45260108963288
3534005,Onda Verde (SP),2019,75.0,74.61213963045941
3534005,Onda Verde (SP),2020,75.0,74.94731395239711
3534005,Onda Verde (SP),2021,73.0,71.46613546449385
3534005,Onda Verde (SP),2022,80.0,79.07007460990246
3534005,Onda Verde (SP),2023,85.0,86.37032117564982
3534005,Onda Verde (SP),2024,80.0,80.36160687107335
3534104,Oriente (SP),2009,80.0,85.26331369118753
3534104,Oriente (SP),2010,80.0,80.53101927275412
3534104,Oriente (SP),2011,80.0,87.9780997224234
3534104,Oriente (SP),2012,70.218,75.41696858718217
3534104,Oriente (SP),2013,80.0,76.70421411169642
3534104,Oriente (SP),2014,80.0,77.71207484033492
3534104,Oriente (SP),2015,80.0,77.6710920032733
3534104,Oriente (SP),2016,80.0,81.93460526132996
3534104,Oriente (SP),2017,80.0,81.84779044123599
3534104,Oriente (SP),2018,80.0,79.48954927978627
3534104,Oriente (SP),2019,80.0,79.56142531570859
3534104,Oriente (SP),2020,80.0,79.03645975128357
3534104,Oriente (SP),2021,80.0,78.75254783291697
3534104,Oriente (SP),2022,80.0,81.31016616547058
3534104,Oriente (SP),2023,80.0,82.96751850489359
3534203,Orindiúva (SP),2001,83.0,78.8360950928729
3534203,Orindiúva (SP),2002,86.0,85.17307597012488
3534203,Orindiúva (SP),2003,72.0,78.69853660978467
3534203,Orindiúva (SP),2004,72.0,73.94171293054487
3534203,Orindiúva (SP),2005,71.521,73.553360906753
3534203,Orindiúva (SP),2006,80.0,77.1180155079113
3534203,Orindiúva (SP),2007,90.0,84.73390415695705
3534203,Orindiúva (SP),2008,85.0,87.39253119414019
3534203,Orindiúva (SP),2009,85.0,84.59000702210615
3534203,Orindiúva (SP),2010,80.0,85.17007350955186
3534203,Orindiúva (SP),2011,80.0,80.13164516845191
3534203,Orindiúva (SP),2012,80.0,80.08241059896375
3534203,Orindiúva (SP),2013,80.0,81.28112322206628
3534203,Orindiúva (SP),2014,80.0,77.29453786645944
3534203,Orindiúva (SP),2015,75.0,79.07526101925468
3534203,Orindiúva (SP),2016,75.0,78.29869724410591
3534203,Orindiúva (SP),2017,60.0,71.49785631863128
3534203,Orindiúva (SP),2018,61.233,72.54319265503271
3534203,Orindiúva (SP),2019,70.0,71.81925619171689
3534203,Orindiúva (SP),2020,77.0,75.34654949611676
3534203,Orindiúva (SP),2021,79.0,75.69794662438218
3534203,Orindiúva (SP),2022,78.0,78.60726953512868
3534203,Orindiúva (SP),2023,85.0,83.30936387958724
3534203,Orindiúva (SP),2024,80.0,80.96295455591498
3534302,Orlândia (SP),2001,75.001,76.65073786110557
3534302,Orlândia (SP),2002,82.352,75.12985113772368
3534302,Orlândia (SP),2003,68.0,79.69093947195915
3534302,Orlândia (SP),2004,90.0,80.97725909951969
3534302,Orlândia (SP),2005,92.41,90.17125445405091
3534302,Orlândia (SP),2006,90.0,88.63887868993034
3534302,Orlândia (SP),2007,92.0,90.87526989784082
3534302,Orlândia (SP),2008,92.0,90.17879921278005
3534302,Orlândia (SP),2009,90.0,88.37189913312349
3534302,Orlândia (SP),2010,90.0,90.51822533345994
3534302,Orlândia (SP),2011,90.0,85.0586619219162
3534302,Orlândia (SP),2012,80.0,84.1970700459995
3534302,Orlândia (SP),2013,85.0,83.7767019721448
3534302,Orlândia (SP),2014,75.0,75.43767721667221
3534302,Orlândia (SP),2015,70.0,73.8486041068316
3534302,Orlândia (SP),2016,80.0,76.07747802646173
3534302,Orlândia (SP),2017,80.0,79.55363504866172
3534302,Orlândia (SP),2018,80.0,80.39099180650287
3534302,Orlândia (SP),2019,72.0,75.5683688064858
3534302,Orlândia (SP),2020,72.0,74.21567462480317
3534302,Orlândia (SP),2021,64.0,66.87624481012375
3534302,Orlândia (SP),2022,65.0,68.25274648241457
3534302,Orlândia (SP),2023,75.0,74.65924076121236
3534302,Orlândia (SP),2024,80.0,79.0925605406842
3534500,Oscar Bressane (SP),2008,84.008,85.35801353238638
3534500,Oscar Bressane (SP),2009,110.0,83.37258168646122
3534500,Oscar Bressane (SP),2010,110.0,100.808377072355
3534500,Oscar Bressane (SP),2011,99.0,98.63635984912075
3534500,Oscar Bressane (SP),2012,87.722,82.14306437712456
3534500,Oscar Bressane (SP),2013,50.0,86.26871983042933
3534500,Oscar Bressane (SP),2014,50.0,59.33675123757379
3534500,Oscar Bressane (SP),2015,65.0,69.4320421077395
3534500,Oscar Bressane (SP),2016,110.0,81.95578146524414
3534500,Oscar Bressane (SP),2017,87.0,92.00339464177797
3534500,Oscar Bressane (SP),2018,65.0,78.09017098550169
3534500,Oscar Bressane (SP),2019,65.0,67.0334720733869
3534500,Oscar Bressane (SP),2020,72.333,70.42751586841757
3534500,Oscar Bressane (SP),2021,65.0,67.23654030371395
3534500,Oscar Bressane (SP),2022,65.0,67.58195331052451
3534500,Oscar Bressane (SP),2023,65.0,67.7567817981739
3534500,Oscar Bressane (SP),2024,65.0,65.70473711322006
3534609,Osvaldo Cruz (SP),2001,90.0,95.18008456466538
3534609,Osvaldo Cruz (SP),2002,80.0,83.35843639464396
3534609,Osvaldo Cruz (SP),2003,86.971,85.15132363784637
3534609,Osvaldo Cruz (SP),2004,85.0,82.47143635653897
3534609,Osvaldo Cruz (SP),2005,75.606,80.50979416458541
3534609,Osvaldo Cruz (SP),2006,90.0,80.2011446493358
3534609,Osvaldo Cruz (SP),2007,90.0,88.92927936599268
3534609,Osvaldo Cruz (SP),2008,90.0,87.2605349809191
3534609,Osvaldo Cruz (SP),2009,100.0,94.96962469251983
3534609,Osvaldo Cruz (SP),2010,100.0,96.79802928357108
3534609,Osvaldo Cruz (SP),2011,100.0,95.60459818600843
3534609,Osvaldo Cruz (SP),2012,70.0,70.93556582320458
3534609,Osvaldo Cruz (SP),2013,70.0,72.21298190439347
3534609,Osvaldo Cruz (SP),2014,70.0,68.12344575057634
3534609,Osvaldo Cruz (SP),2015,70.0,71.86478565952538
3534609,Osvaldo Cruz (SP),2016,70.0,74.07579856640633
3534609,Osvaldo Cruz (SP),2017,70.0,71.46714495784039
3534609,Osvaldo Cruz (SP),2018,70.0,70.3007543882315
3534609,Osvaldo Cruz (SP),2019,70.0,67.99070977755616
3534609,Osvaldo Cruz (SP),2020,70.0,72.00452576194651
3534609,Osvaldo Cruz (SP),2021,65.0,66.12076140576397
3534609,Osvaldo Cruz (SP),2022,70.0,69.61259202615855
3534609,Osvaldo Cruz (SP),2023,70.0,74.73904688137773
3534609,Osvaldo Cruz (SP),2024,70.0,67.23884791356869
3534708,Ourinhos (SP),2001,85.0,82.15120238614749
3534708,Ourinhos (SP),2002,85.0,83.39880858455517
3534708,Ourinhos (SP),2003,85.1,83.27269697213818
3534708,Ourinhos (SP),2004,77.363,80.74896402855767
3534708,Ourinhos (SP),2005,85.431,81.46087761760197
3534708,Ourinhos (SP),2006,100.0,81.10526736570422
3534708,Ourinhos (SP),2007,84.0,88.11564637955449
3534708,Ourinhos (SP),2008,100.0,85.3854760644809
3534708,Ourinhos (SP),2009,100.0,94.54858947778607
3534708,Ourinhos (SP),2010,100.0,95.65756904439377
3534708,Ourinhos (SP),2011,100.0,94.77119410240576
3534708,Ourinhos (SP),2012,85.0,82.51049702173503
3534708,Ourinhos (SP),2013,75.522,79.5566499948227
3534708,Ourinhos (SP),2014,86.0,79.53429401416341
3534708,Ourinhos (SP),2015,76.0,79.83184049215967
3534708,Ourinhos (SP),2016,81.0,81.38626380554483
3534708,Ourinhos (SP),2017,80.0,79.67176638102244
3534708,Ourinhos (SP),2018,67.0,75.00243631407773
3534708,Ourinhos (SP),2019,80.0,68.68456354027536
3534708,Ourinhos (SP),2020,79.138,78.86025963666893
3534708,Ourinhos (SP),2021,80.0,77.51023007206099
3534708,Ourinhos (SP),2022,80.0,80.64972217423748
3534708,Ourinhos (SP),2023,80.0,81.65721791907103
3534708,Ourinhos (SP),2024,80.0,77.73253784794365
3534757,Ouroeste (SP),2001,75.0,74.15205287680288
3534757,Ouroeste (SP),2002,75.0,77.19852973912595
3534757,Ouroeste (SP),2003,75.0,78.1940675254502
3534757,Ouroeste (SP),2004,75.0,76.36810736814843
3534757,Ouroeste (SP),2005,74.497,74.32852260835071
3534757,Ouroeste (SP),2006,75.0,78.08692684879567
3534757,Ouroeste (SP),2007,75.0,79.87017126295426
3534757,Ouroeste (SP),2008,75.0,79.78823013866351
3534757,Ouroeste (SP),2009,44.117,67.45567266121374
3534757,Ouroeste (SP),2010,83.333,79.32812089140026
3534757,Ouroeste (SP),2011,75.0,79.00430269847327
3534757,Ouroeste (SP),2012,75.0,75.21270469531795
3534757,Ouroeste (SP),2013,75.0,76.14225721936815
3534757,Ouroeste (SP),2014,75.0,73.72240360070916
3534757,Ouroeste (SP),2015,75.0,75.12283969315672
3534757,Ouroeste (SP),2016,75.0,77.02098210364349
3534757,Ouroeste (SP),2017,76.96,79.0953670800517
3534757,Ouroeste (SP),2018,75.0,74.96767855526852
3534757,Ouroeste (SP),2019,75.0,74.01349558491673
3534757,Ouroeste (SP),2020,75.0,74.82386327386864
3534757,Ouroeste (SP),2021,75.0,73.3984801956654
3534757,Ouroeste (SP),2022,60.0,70.48494641031522
3534757,Ouroeste (SP),2023,60.0,68.21887477101927
3534757,Ouroeste (SP),2024,80.0,68.96408787944435
3534807,Ouro Verde (SP),2005,84.429,78.85829840741206
3534807,Ouro Verde (SP),2006,80.0,81.62120422170057
3534807,Ouro Verde (SP),2007,87.517,86.80395291617678
3534807,Ouro Verde (SP),2008,84.2,85.35158586705451
3534807,Ouro Verde (SP),2009,84.2,81.91880756305076
3534807,Ouro Verde (SP),2010,80.0,82.77609728867324
3534807,Ouro Verde (SP),2011,80.0,80.5370678109882
3534807,Ouro Verde (SP),2012,77.369,72.29523855402935
3534807,Ouro Verde (SP),2013,77.369,81.89997944698047
3534807,Ouro Verde (SP),2014,60.0,65.89201110091295
3534807,Ouro Verde (SP),2015,65.0,67.47512422114195
3534807,Ouro Verde (SP),2016,80.0,75.24658662750073
3534807,Ouro Verde (SP),2017,70.0,73.82666538656113
3534807,Ouro Verde (SP),2018,69.0,68.71539013409397
3534807,Ouro Verde (SP),2019,70.0,69.26727584755972
3534807,Ouro Verde (SP),2020,70.0,70.08496915329742
3534807,Ouro Verde (SP),2021,64.0,64.60734154011921
3534807,Ouro Verde (SP),2022,68.0,68.06752037405326
3534807,Ouro Verde (SP),2023,82.0,79.24019089101085
3534807,Ouro Verde (SP),2024,65.0,65.09615542685093
3534906,Pacaembu (SP),2003,41.88,71.3622159751139
3534906,Pacaembu (SP),2004,87.0,76.50714040316663
3534906,Pacaembu (SP),2005,77.486,79.59215613612776
3534906,Pacaembu (SP),2006,120.0,95.43238632051674
3534906,Pacaembu (SP),2007,120.0,107.11681352220823
3534906,Pacaembu (SP),2008,90.0,98.34365765187592
3534906,Pacaembu (SP),2009,100.0,92.58278069072315
3534906,Pacaembu (SP),2010,110.0,102.50057241678621
3534906,Pacaembu (SP),2011,82.0,93.34511734265507
3534906,Pacaembu (SP),2012,60.0,68.53794008649518
3534906,Pacaembu (SP),2013,75.0,73.62296541907399
3534906,Pacaembu (SP),2014,60.0,62.831049707410656
3534906,Pacaembu (SP),2015,70.0,70.59220306802222
3534906,Pacaembu (SP),2016,70.0,69.95513628642766
3534906,Pacaembu (SP),2017,70.0,71.13872761253984
3534906,Pacaembu (SP),2018,70.0,70.1206406673377
3534906,Pacaembu (SP),2019,70.0,70.55573842947616
3534906,Pacaembu (SP),2020,70.0,70.09714840716678
3534906,Pacaembu (SP),2021,65.0,64.31319700716602
3534906,Pacaembu (SP),2022,70.0,67.5292004868787
3534906,Pacaembu (SP),2023,70.0,72.19687891949754
3534906,Pacaembu (SP),2024,70.0,70.98648823262386
3535002,Palestina (SP),2001,70.0,78.12284752966939
3535002,Palestina (SP),2002,100.0,85.09811970251072
3535002,Palestina (SP),2003,80.0,94.51532427914844
3535002,Palestina (SP),2004,80.0,79.17952283433776
3535002,Palestina (SP),2005,79.464,80.60647430630645
3535002,Palestina (SP),2006,100.0,90.86254810136045
3535002,Palestina (SP),2007,80.0,96.80616015312468
3535002,Palestina (SP),2008,80.0,81.6125250230117
3535002,Palestina (SP),2009,80.0,80.80936642201469
3535002,Palestina (SP),2010,80.0,80.70744116837473
3535002,Palestina (SP),2011,80.0,78.93926927960946
3535002,Palestina (SP),2012,80.0,80.39365230962989
3535002,Palestina (SP),2013,80.0,83.63996447769006
3535002,Palestina (SP),2014,80.0,76.49178429482934
3535002,Palestina (SP),2015,80.0,81.01246781215013
3535002,Palestina (SP),2016,90.0,84.97387302783144
3535002,Palestina (SP),2017,106.061,90.13954307825816
3535002,Palestina (SP),2018,63.618,81.2838484121358
3535002,Palestina (SP),2019,75.0,73.39154003427811
3535002,Palestina (SP),2020,80.0,76.17194372543071
3535002,Palestina (SP),2021,80.0,74.76323544583194
3535002,Palestina (SP),2022,80.0,80.3403798324573
3535002,Palestina (SP),2023,90.0,84.9673897761723
3535002,Palestina (SP),2024,90.0,85.34910152213388
3535101,Palmares Paulista (SP),2001,70.0,73.60102349066479
3535101,Palmares Paulista (SP),2002,85.0,82.77970022451116
3535101,Palmares Paulista (SP),2003,85.0,85.35731543738665
3535101,Palmares Paulista (SP),2004,85.0,86.2185718932684
3535101,Palmares Paulista (SP),2005,84.443,84.86483403846931
3535101,Palmares Paulista (SP),2006,70.0,74.09839092021471
3535101,Palmares Paulista (SP),2007,85.0,82.05314501568736
3535101,Palmares Paulista (SP),2008,85.0,86.46412985379692
3535101,Palmares Paulista (SP),2009,85.0,84.31156419337172
3535101,Palmares Paulista (SP),2010,85.0,85.81941781170781
3535101,Palmares Paulista (SP),2011,80.0,80.69633247516099
3535101,Palmares Paulista (SP),2012,70.0,78.87976171712903
3535101,Palmares Paulista (SP),2013,80.0,74.0867842174454
3535101,Palmares Paulista (SP),2014,56.0,67.54016875812589
3535101,Palmares Paulista (SP),2015,70.0,67.5300627041634
3535101,Palmares Paulista (SP),2016,75.0,77.55943334479029
3535101,Palmares Paulista (SP),2017,85.0,76.16256731843572
3535101,Palmares Paulista (SP),2018,85.0,82.50083399541344
3535101,Palmares Paulista (SP),2019,64.0,74.77309156869518
3535101,Palmares Paulista (SP),2020,76.667,74.53030660853757
3535101,Palmares Paulista (SP),2021,70.0,69.44696099355116
3535101,Palmares Paulista (SP),2022,77.0,79.11349806880544
3535101,Palmares Paulista (SP),2023,110.0,89.98431358732873
3535101,Palmares Paulista (SP),2024,90.0,84.90624093347449
3535200,Palmeira d'Oeste (SP),2009,60.0,69.45787245031356
3535200,Palmeira d'Oeste (SP),2010,60.0,70.52376670061882
3535200,Palmeira d'Oeste (SP),2011,90.0,85.3456835103425
3535200,Palmeira d'Oeste (SP),2012,90.0,85.98682906049166
3535200,Palmeira d'Oeste (SP),2013,85.0,87.51853682409846
3535200,Palmeira d'Oeste (SP),2014,70.0,77.89815853275482
3535200,Palmeira d'Oeste (SP),2015,70.0,71.78488238793175
3535200,Palmeira d'Oeste (SP),2016,70.0,70.48775674743173
3535200,Palmeira d'Oeste (SP),2017,70.0,65.29864056840654
3535200,Palmeira d'Oeste (SP),2018,70.0,67.20337209747335
3535200,Palmeira d'Oeste (SP),2019,80.0,76.13231513574512
3535200,Palmeira d'Oeste (SP),2020,80.0,78.94413390578944
3535200,Palmeira d'Oeste (SP),2021,70.0,73.07295535410343
3535200,Palmeira d'Oeste (SP),2022,80.0,75.15053383465984
3535200,Palmeira d'Oeste (SP),2023,80.0,81.44538482488473
3535309,Palmital (SP),2001,85.0,75.1945252426038
3535309,Palmital (SP),2002,85.0,83.55245360223195
3535309,Palmital (SP),2003,98.046,83.32815311463459
3535309,Palmital (SP),2004,97.454,88.29734540586782
3535309,Palmital (SP),2005,89.404,89.10173589359252
3535309,Palmital (SP),2006,85.0,82.01786692355927
3535309,Palmital (SP),2007,100.0,83.32901957900972
3535309,Palmital (SP),2008,98.131,93.1606170344759
3535309,Palmital (SP),2009,98.139,92.27968659212452
3535309,Palmital (SP),2010,93.0,89.93668580080295
3535309,Palmital (SP),2011,72.25,82.21186252651454
3535309,Palmital (SP),2012,70.0,70.21773257546096
3535309,Palmital (SP),2013,70.0,73.24611696467171
3535309,Palmital (SP),2014,68.0,72.1773591859879
3535309,Palmital (SP),2015,68.0,73.11026352401261
3535309,Palmital (SP),2016,75.0,73.34273171681576
3535309,Palmital (SP),2017,75.0,77.86600355075164
3535309,Palmital (SP),2018,80.0,78.05551042555366
3535309,Palmital (SP),2019,80.0,79.90396932877832
3535309,Palmital (SP),2020,80.0,78.78303774341305
3535309,Palmital (SP),2021,70.0,75.72571118715426
3535309,Palmital (SP),2022,100.0,80.9116013545082
3535309,Palmital (SP),2023,105.0,97.48985302823485
3535309,Palmital (SP),2024,90.0,84.93001570736901
3535408,Panorama (SP),2011,98.246,94.1042607183603
3535408,Panorama (SP),2012,70.0,74.13764129999251
3535408,Panorama (SP),2013,75.0,73.45700723933074
3535408,Panorama (SP),2014,50.0,61.52831214689476
3535408,Panorama (SP),2015,76.3,69.13206117200784
3535408,Panorama (SP),2016,75.0,75.81300566755169
3535408,Panorama (SP),2017,70.0,72.1822982890913
3535408,Panorama (SP),2018,70.0,68.73522771972763
3535408,Panorama (SP),2019,70.0,69.94463858073627
3535408,Panorama (SP),2020,70.0,70.0178734435211
3535408,Panorama (SP),2021,70.0,64.60885895853414
3535408,Panorama (SP),2022,70.0,70.68563725505271
3535408,Panorama (SP),2023,75.0,76.64622877840159
3535408,Panorama (SP),2024,65.0,68.12929053254787
3535507,Paraguaçu Paulista (SP),2001,65.0,70.1162753754097
3535507,Paraguaçu Paulista (SP),2002,65.0,66.897805079284
3535507,Paraguaçu Paulista (SP),2003,74.968,73.65914744487563
3535507,Paraguaçu Paulista (SP),2004,74.968,76.12885857185302
3535507,Paraguaçu Paulista (SP),2005,76.668,76.67449678983756
3535507,Paraguaçu Paulista (SP),2006,80.0,79.04445891693754
3535507,Paraguaçu Paulista (SP),2007,80.0,82.67527194936689
3535507,Paraguaçu Paulista (SP),2008,82.0,81.13245628217281
3535507,Paraguaçu Paulista (SP),2009,80.0,83.81161118170381
3535507,Paraguaçu Paulista (SP),2010,82.0,81.16230141689988
3535507,Paraguaçu Paulista (SP),2011,73.8,75.3804967954215
3535507,Paraguaçu Paulista (SP),2012,81.416,77.58145467145187
3535507,Paraguaçu Paulista (SP),2013,84.84,86.07526453527188
3535507,Paraguaçu Paulista (SP),2014,70.413,76.52198747535523
3535507,Paraguaçu Paulista (SP),2015,71.251,74.84614158300067
3535507,Paraguaçu Paulista (SP),2016,73.449,74.35143616552017
3535507,Paraguaçu Paulista (SP),2017,72.451,83.29779501919765
3535507,Paraguaçu Paulista (SP),2018,76.421,74.7233949443444
3535507,Paraguaçu Paulista (SP),2019,75.0,75.7875635009243
3535507,Paraguaçu Paulista (SP),2020,72.0,76.26174127254835
3535507,Paraguaçu Paulista (SP),2021,63.0,70.5634730054653
3535507,Paraguaçu Paulista (SP),2022,75.0,71.7089244518113
3535507,Paraguaçu Paulista (SP),2023,75.0,78.16042538976289
3535507,Paraguaçu Paulista (SP),2024,75.0,72.5359050568598
3535606,Paraibuna (SP),2002,30.0,50.26033541033738
3535606,Paraibuna (SP),2003,80.0,54.431449060878265
3535606,Paraibuna (SP),2004,30.0,61.814646236986434
3535606,Paraibuna (SP),2005,49.821,50.25776343317264
3535606,Paraibuna (SP),2006,70.0,57.57119856517255
3535606,Paraibuna (SP),2007,30.0,68.17561312419213
3535606,Paraibuna (SP),2008,30.0,32.9499855699695
3535606,Paraibuna (SP),2009,30.0,32.70061441268234
3535606,Paraibuna (SP),2010,30.0,36.70882103637809
3535606,Paraibuna (SP),2016,40.0,44.69399906040936
3535606,Paraibuna (SP),2023,40.0,43.32441350853476
3535606,Paraibuna (SP),2024,40.0,40.68599344468033
3535705,Paraíso (SP),2001,75.0,73.19824790809997
3535705,Paraíso (SP),2002,87.5,83.64368769824732
3535705,Paraíso (SP),2003,85.0,90.55514145737676
3535705,Paraíso (SP),2004,85.0,89.05766337135985
3535705,Paraíso (SP),2005,84.439,85.99039510453115
3535705,Paraíso (SP),2006,60.0,75.02258011411804
3535705,Paraíso (SP),2007,85.0,82.86594652984431
3535705,Paraíso (SP),2008,85.0,85.74954481230519
3535705,Paraíso (SP),2009,85.0,84.20601676280347
3535705,Paraíso (SP),2010,85.0,85.8320237080753
3535705,Paraíso (SP),2011,80.0,80.61279445022757
3535705,Paraíso (SP),2012,80.0,79.03014948703199
3535705,Paraíso (SP),2013,80.0,81.2041244235562
3535705,Paraíso (SP),2014,70.0,67.81059015568543
3535705,Paraíso (SP),2015,83.189,79.61582495620598
3535705,Paraíso (SP),2016,80.5,83.11480039146011
3535705,Paraíso (SP),2017,80.5,81.12945852876173
3535705,Paraíso (SP),2018,80.5,79.46415780771967
3535705,Paraíso (SP),2019,80.5,76.70418354808372
3535705,Paraíso (SP),2020,80.5,80.5791575055811
3535705,Paraíso (SP),2021,60.0,66.70444380044955
3535705,Paraíso (SP),2022,70.0,69.25659946351543
3535705,Paraíso (SP),2023,80.0,83.59380466560721
3535705,Paraíso (SP),2024,60.0,70.58430501541514
3535804,Paranapanema (SP),2001,82.901,76.45632231176236
3535804,Paranapanema (SP),2002,50.0,72.94674560504245
3535804,Paranapanema (SP),2003,50.0,57.1110358295593
3535804,Paranapanema (SP),2004,50.0,54.79329858531742
3535804,Paranapanema (SP),2005,49.663,56.14584703911365
3535804,Paranapanema (SP),2006,100.0,79.23716965501161
3535804,Paranapanema (SP),2007,50.0,91.84905927740661
3535804,Paranapanema (SP),2008,50.0,53.43680333616381
3535804,Paranapanema (SP),2009,100.0,78.10039608800923
3535804,Paranapanema (SP),2010,80.0,97.58143106803551
3535804,Paranapanema (SP),2011,80.0,78.95307599136139
3535804,Paranapanema (SP),2012,80.0,79.8395425793264
3535804,Paranapanema (SP),2013,80.0,78.60744098740565
3535804,Paranapanema (SP),2014,80.0,79.12515151330442
3535804,Paranapanema (SP),2015,88.5,84.29509566870695
3535804,Paranapanema (SP),2016,88.5,85.41750824648307
3535804,Paranapanema (SP),2017,88.5,86.38693077379676
3535804,Paranapanema (SP),2018,70.0,80.78394631249303
3535804,Paranapanema (SP),2019,80.0,74.39969544383749
3535804,Paranapanema (SP),2020,77.5,78.30759335683709
3535804,Paranapanema (SP),2021,68.0,75.72791638615476
3535804,Paranapanema (SP),2022,76.667,75.54928754283608
3535804,Paranapanema (SP),2023,72.222,75.23459626379102
3535804,Paranapanema (SP),2024,72.963,70.7945977061102
3535903,Paranapuã (SP),2002,90.0,89.49877528219449
3535903,Paranapuã (SP),2003,120.967,96.62297894093925
3535903,Paranapuã (SP),2004,100.0,92.11225215704889
3535903,Paranapuã (SP),2005,89.38,98.47551241042764
3535903,Paranapuã (SP),2006,90.0,94.64651776726384
3535903,Paranapuã (SP),2007,60.0,81.35960791210759
3535903,Paranapuã (SP),2008,90.0,86.34096946342794
3535903,Paranapuã (SP),2009,70.0,94.51301760128807
3535903,Paranapuã (SP),2010,110.0,85.65978880421972
3535903,Paranapuã (SP),2011,120.0,99.43690612544866
3535903,Paranapuã (SP),2012,100.0,89.21548478037239
3535903,Paranapuã (SP),2013,97.0,97.97087806506588
3535903,Paranapuã (SP),2014,90.0,84.00922570281574
3535903,Paranapuã (SP),2015,100.0,92.5987946953357
3535903,Paranapuã (SP),2016,85.0,104.36425444327315
3535903,Paranapuã (SP),2017,90.0,87.06500998475057
3535903,Paranapuã (SP),2018,90.0,86.20707289987784
3535903,Paranapuã (SP),2019,90.0,87.18041424110184
3535903,Paranapuã (SP),2020,90.0,88.59225718511507
3535903,Paranapuã (SP),2021,90.0,81.31771020904097
3535903,Paranapuã (SP),2022,90.0,89.1882848541544
3535903,Paranapuã (SP),2023,90.0,90.15220280302046
3535903,Paranapuã (SP),2024,87.8,82.65317820245035
3536000,Parapuã (SP),2001,80.0,80.35928424327217
3536000,Parapuã (SP),2002,65.114,73.34026117865969
3536000,Parapuã (SP),2003,69.399,73.36641812864785
3536000,Parapuã (SP),2004,70.069,73.6085769216463
3536000,Parapuã (SP),2005,72.89,76.12515253725746
3536000,Parapuã (SP),2006,70.0,73.03745038259322
3536000,Parapuã (SP),2007,70.0,71.44791850637233
3536000,Parapuã (SP),2008,70.0,71.92712903813337
3536000,Parapuã (SP),2009,70.0,72.26163360490683
3536000,Parapuã (SP),2010,80.0,77.05748714483508
3536000,Parapuã (SP),2011,80.0,78.2281798382328
3536000,Parapuã (SP),2012,70.0,80.39188303602647
3536000,Parapuã (SP),2013,63.5,72.30813314072687
3536000,Parapuã (SP),2014,73.0,68.8090204263094
3536000,Parapuã (SP),2015,70.0,75.7380135205171
3536000,Parapuã (SP),2016,75.0,74.19181501458317
3536000,Parapuã (SP),2017,90.0,74.94760545712903
3536000,Parapuã (SP),2018,85.0,87.36175805345775
3536000,Parapuã (SP),2019,72.0,76.70182831229066
3536000,Parapuã (SP),2020,80.0,70.58957331338065
3536000,Parapuã (SP),2021,70.0,71.87730942737815
3536000,Parapuã (SP),2022,70.0,70.56937901374982
3536000,Parapuã (SP),2023,86.5,77.12366489495456
3536000,Parapuã (SP),2024,65.0,66.12514524386722
3536109,Pardinho (SP),2009,70.0,64.78378656579575
3536109,Pardinho (SP),2010,71.428,71.19568224964911
3536109,Pardinho (SP),2011,70.0,73.15723148928645
3536109,Pardinho (SP),2013,70.0,70.53006124390275
3536109,Pardinho (SP),2014,70.0,66.37652363765999
3536109,Pardinho (SP),2015,70.0,71.00195169340643
3536109,Pardinho (SP),2016,70.0,69.51280910009939
3536109,Pardinho (SP),2017,70.0,70.17380311258111
3536109,Pardinho (SP),2018,70.0,71.11308903296752
3536109,Pardinho (SP),2019,61.333,66.66016306078643
3536109,Pardinho (SP),2020,61.333,62.340271217157834
3536109,Pardinho (SP),2021,70.0,64.87891748238822
3536109,Pardinho (SP),2022,50.0,64.76891354982612
3536208,Pariquera-Açu (SP),2005,11.955,44.92799052326843
3536208,Pariquera-Açu (SP),2006,70.0,56.119723568341385
3536208,Pariquera-Açu (SP),2008,12.0,44.21633638543401
3536208,Pariquera-Açu (SP),2009,11.0,52.45514087780277
3536208,Pariquera-Açu (SP),2010,50.0,45.09587093096488
3536208,Pariquera-Açu (SP),2011,50.0,47.950583660671
3536208,Pariquera-Açu (SP),2012,70.0,54.59094952765288
3536208,Pariquera-Açu (SP),2013,70.0,60.482924609109865
3536208,Pariquera-Açu (SP),2014,70.0,71.15517661793545
3536208,Pariquera-Açu (SP),2016,50.0,45.45617180223945
3536208,Pariquera-Açu (SP),2017,50.0,49.20226000134422
3536208,Pariquera-Açu (SP),2018,50.0,45.19065172544123
3536208,Pariquera-Açu (SP),2019,50.0,46.93901863536299
3536208,Pariquera-Açu (SP),2020,50.0,52.96716773554224
3536208,Pariquera-Açu (SP),2021,50.0,48.966539837022445
3536208,Pariquera-Açu (SP),2022,50.0,49.67058948017259
3536208,Pariquera-Açu (SP),2023,50.0,48.125753570414055
3536208,Pariquera-Açu (SP),2024,50.0,50.67536352081334
3536257,Parisi (SP),2008,110.0,106.25711892132246
3536257,Parisi (SP),2009,80.0,91.49422335066161
3536257,Parisi (SP),2010,80.384,80.69659055383268
3536257,Parisi (SP),2011,74.45,74.20194059252984
3536257,Parisi (SP),2012,80.0,78.31230744728228
3536257,Parisi (SP),2013,80.0,81.46747193036526
3536257,Parisi (SP),2014,80.0,76.70978708406881
3536257,Parisi (SP),2015,80.0,80.8731890372824
3536257,Parisi (SP),2016,80.0,80.38702219643842
3536257,Parisi (SP),2017,80.0,80.22364868043404
3536257,Parisi (SP),2018,80.0,77.46153274315274
3536257,Parisi (SP),2019,80.0,75.9830579680759
3536257,Parisi (SP),2020,70.0,77.1470696132796
3536257,Parisi (SP),2021,70.0,67.81038495264457
3536257,Parisi (SP),2022,80.0,74.68235229125592
3536257,Parisi (SP),2023,85.0,82.36556068770861
3536257,Parisi (SP),2024,70.0,78.44579170881765
3536307,Patrocínio Paulista (SP),2001,90.0,83.26399014399166
3536307,Patrocínio Paulista (SP),2002,90.0,89.25757903740408
3536307,Patrocínio Paulista (SP),2003,90.0,90.08449180929118
3536307,Patrocínio Paulista (SP),2004,82.968,86.56148404210458
3536307,Patrocínio Paulista (SP),2005,89.41,82.72859090159476
3536307,Patrocínio Paulista (SP),2006,90.0,89.64193754330674
3536307,Patrocínio Paulista (SP),2007,110.0,94.7068391874604
3536307,Patrocínio Paulista (SP),2008,100.0,102.65938090454722
3536307,Patrocínio Paulista (SP),2009,100.0,97.47853730621226
3536307,Patrocínio Paulista (SP),2010,100.0,97.13945050275541
3536307,Patrocínio Paulista (SP),2011,100.0,95.98638611922446
3536307,Patrocínio Paulista (SP),2012,87.0,93.79483674175664
3536307,Patrocínio Paulista (SP),2013,85.0,83.88508954331466
3536307,Patrocínio Paulista (SP),2014,75.0,75.19934259607061
3536307,Patrocínio Paulista (SP),2015,80.0,77.80573564154345
3536307,Patrocínio Paulista (SP),2016,80.0,80.72272805920691
3536307,Patrocínio Paulista (SP),2017,80.0,82.01132430127942
3536307,Patrocínio Paulista (SP),2018,80.0,80.18590020691731
3536307,Patrocínio Paulista (SP),2019,80.0,79.452658612164
3536307,Patrocínio Paulista (SP),2020,80.0,80.2841568995947
3536307,Patrocínio Paulista (SP),2021,80.0,74.5653535401077
3536307,Patrocínio Paulista (SP),2022,80.0,80.3726404722663
3536307,Patrocínio Paulista (SP),2023,80.0,80.2768620295673
3536307,Patrocínio Paulista (SP),2024,80.0,79.12622340689958
3536406,Paulicéia (SP),2008,100.0,91.98263048718356
3536406,Paulicéia (SP),2009,100.0,97.68229084943646
3536406,Paulicéia (SP),2010,95.0,96.2787268556975
3536406,Paulicéia (SP),2011,92.611,89.50891411263885
3536406,Paulicéia (SP),2012,67.0,74.77004650969779
3536406,Paulicéia (SP),2013,80.0,74.43052923072541
3536406,Paulicéia (SP),2014,66.821,65.99781387273838
3536406,Paulicéia (SP),2015,69.995,72.19364769487017
3536406,Paulicéia (SP),2016,75.0,73.7796976849535
3536406,Paulicéia (SP),2017,69.106,72.4242273234646
3536406,Paulicéia (SP),2018,65.0,68.16994500408323
3536406,Paulicéia (SP),2019,65.0,65.7243020629126
3536406,Paulicéia (SP),2020,62.0,64.78653737811125
3536406,Paulicéia (SP),2021,60.0,63.27171242739203
3536406,Paulicéia (SP),2022,68.0,68.80183496009889
3536406,Paulicéia (SP),2023,79.0,79.10373752032874
3536406,Paulicéia (SP),2024,64.0,64.5953534615246
3536505,Paulínia (SP),2003,70.0,71.49116453063453
3536505,Paulínia (SP),2004,70.0,69.15320570095142
3536505,Paulínia (SP),2005,70.0,72.33578290190336
3536505,Paulínia (SP),2006,70.0,71.1477194287776
3536505,Paulínia (SP),2007,75.001,71.44379577321162
3536505,Paulínia (SP),2008,70.0,78.83590099935572
3536505,Paulínia (SP),2012,82.857,77.4351545164337
3536505,Paulínia (SP),2013,82.857,83.34870664997052
3536505,Paulínia (SP),2014,82.857,76.62082092550028
3536505,Paulínia (SP),2015,82.857,81.50681538852459
3536505,Paulínia (SP),2016,82.857,83.49142995580942
3536505,Paulínia (SP),2017,91.429,86.84561107031587
3536505,Paulínia (SP),2018,91.429,88.02115324148434
3536505,Paulínia (SP),2019,91.429,87.62693912520686
3536505,Paulínia (SP),2022,88.678,87.91248568534702
3536505,Paulínia (SP),2023,87.761,82.71762160356167
3536505,Paulínia (SP),2024,87.455,85.35760004264901
3536570,Paulistânia (SP),2001,60.0,63.80274290967002
3536570,Paulistânia (SP),2002,83.0,73.9866126177352
3536570,Paulistânia (SP),2003,60.0,83.87574643440836
3536570,Paulistânia (SP),2004,60.0,62.160789725417565
3536570,Paulistânia (SP),2005,58.888,59.98191074918116
3536570,Paulistânia (SP),2006,70.0,67.42990738515172
3536570,Paulistânia (SP),2007,58.887,66.30066691007805
3536570,Paulistânia (SP),2008,58.887,64.99418310986233
3536570,Paulistânia (SP),2009,58.604,63.108746628607875
3536570,Paulistânia (SP),2010,58.887,60.342683583773145
3536570,Paulistânia (SP),2011,65.0,64.36698890512959
3536570,Paulistânia (SP),2012,65.0,66.71880380294519
3536570,Paulistânia (SP),2013,65.0,67.86666860112504
3536570,Paulistânia (SP),2014,93.105,75.04932240090031
3536570,Paulistânia (SP),2015,93.105,90.10898368906342
3536570,Paulistânia (SP),2016,62.5,79.81250497946382
3536570,Paulistânia (SP),2017,62.5,68.79537514623263
3536570,Paulistânia (SP),2018,70.0,68.7893590144121
3536570,Paulistânia (SP),2019,70.0,71.088719967851
3536570,Paulistânia (SP),2020,70.0,70.3840038066978
3536570,Paulistânia (SP),2021,65.0,63.88410278912757
3536570,Paulistânia (SP),2022,65.0,67.25620821484068
3536570,Paulistânia (SP),2023,65.0,67.15576155309245
3536570,Paulistânia (SP),2024,65.0,64.80696195115556
3536604,Paulo de Faria (SP),2001,83.333,81.98860103797878
3536604,Paulo de Faria (SP),2002,85.0,85.06336231949986
3536604,Paulo de Faria (SP),2003,85.0,79.41713598139383
3536604,Paulo de Faria (SP),2004,85.0,84.02699172882265
3536604,Paulo de Faria (SP),2005,87.282,85.29527940970164
3536604,Paulo de Faria (SP),2006,85.0,83.97500615907197
3536604,Paulo de Faria (SP),2007,90.0,86.62210330569508
3536604,Paulo de Faria (SP),2008,85.0,87.50046742064453
3536604,Paulo de Faria (SP),2009,85.0,84.6259490647487
3536604,Paulo de Faria (SP),2010,85.0,85.41891321667805
3536604,Paulo de Faria (SP),2011,85.0,83.48996950178493
3536604,Paulo de Faria (SP),2012,85.0,83.34457683871979
3536604,Paulo de Faria (SP),2013,85.0,83.52872952424548
3536604,Paulo de Faria (SP),2014,85.0,82.06412600401934
3536604,Paulo de Faria (SP),2015,85.0,81.43171847271209
3536604,Paulo de Faria (SP),2016,80.0,81.10593267054695
3536604,Paulo de Faria (SP),2017,83.784,82.22287109934946
3536604,Paulo de Faria (SP),2018,90.0,85.17709591650791
3536604,Paulo de Faria (SP),2019,78.0,82.68655533081883
3536604,Paulo de Faria (SP),2020,85.0,81.69813410587166
3536604,Paulo de Faria (SP),2021,85.0,81.28983636088584
3536604,Paulo de Faria (SP),2022,90.0,86.78880841658072
3536604,Paulo de Faria (SP),2023,90.0,89.45724788734397
3536604,Paulo de Faria (SP),2024,90.0,85.81788838701902
3536703,Pederneiras (SP),2001,77.5,77.91629482135266
3536703,Pederneiras (SP),2002,75.0,78.28393479733228
3536703,Pederneiras (SP),2003,76.957,75.55969035430493
3536703,Pederneiras (SP),2004,75.0,77.60985282969716
3536703,Pederneiras (SP),2005,79.065,77.00727108301514
3536703,Pederneiras (SP),2006,80.0,80.15838309749485
3536703,Pederneiras (SP),2007,80.0,82.08235823028514
3536703,Pederneiras (SP),2008,80.0,80.44211184439479
3536703,Pederneiras (SP),2009,80.0,81.29423078017348
3536703,Pederneiras (SP),2010,80.0,80.48706247521476
3536703,Pederneiras (SP),2011,80.0,80.80573762124264
3536703,Pederneiras (SP),2012,80.0,77.21366033911495
3536703,Pederneiras (SP),2013,80.0,80.20472425546672
3536703,Pederneiras (SP),2014,71.018,69.59561464525862
3536703,Pederneiras (SP),2015,82.0,79.62714773746885
3536703,Pederneiras (SP),2016,80.0,80.57733259086706
3536703,Pederneiras (SP),2017,89.0,81.5540579480058
3536703,Pederneiras (SP),2018,85.0,85.79778278900369
3536703,Pederneiras (SP),2019,85.0,82.81628597519149
3536703,Pederneiras (SP),2020,90.0,84.70446433394385
3536703,Pederneiras (SP),2021,80.0,82.24783889757464
3536703,Pederneiras (SP),2022,85.0,82.0535310855936
3536703,Pederneiras (SP),2023,85.0,84.61169332939835
3536703,Pederneiras (SP),2024,76.4,78.08867119631061
3536802,Pedra Bela (SP),2009,40.0,40.48143563464234
3536802,Pedra Bela (SP),2010,51.0,50.212842089882336
3536802,Pedra Bela (SP),2011,51.0,58.71571281132463
3536802,Pedra Bela (SP),2012,51.0,61.018144408334734
3536802,Pedra Bela (SP),2013,51.0,50.59864214350926
3536802,Pedra Bela (SP),2014,51.0,54.82715305831628
3536802,Pedra Bela (SP),2015,80.0,61.35010904233755
3536802,Pedra Bela (SP),2016,80.0,78.5775545403738
3536802,Pedra Bela (SP),2017,80.0,77.3994148467332
3536802,Pedra Bela (SP),2018,90.0,82.78787977859638
3536802,Pedra Bela (SP),2019,85.0,83.6324700445948
3536802,Pedra Bela (SP),2020,85.0,83.76440725690783
3536802,Pedra Bela (SP),2021,83.333,84.81697958390214
3536802,Pedra Bela (SP),2022,84.467,83.97582535561001
3536802,Pedra Bela (SP),2023,84.467,82.81060827945203
3536802,Pedra Bela (SP),2024,84.667,83.83037326792933
3536901,Pedranópolis (SP),2001,80.0,77.05659688547563
3536901,Pedranópolis (SP),2002,71.111,79.09972917634082
3536901,Pedranópolis (SP),2003,35.516,75.97555212694878
3536901,Pedranópolis (SP),2004,60.0,64.6092780223249
3536901,Pedranópolis (SP),2005,59.596,69.65128355042178
3536901,Pedranópolis (SP),2006,75.0,83.65284307873694
3536901,Pedranópolis (SP),2007,75.0,79.2470555003784
3536901,Pedranópolis (SP),2008,75.0,78.7024054597997
3536901,Pedranópolis (SP),2009,65.625,68.11704933109276
3536901,Pedranópolis (SP),2010,88.235,84.99967404448041
3536901,Pedranópolis (SP),2011,80.0,83.77234156070489
3536901,Pedranópolis (SP),2012,73.0,78.30968927501716
3536901,Pedranópolis (SP),2013,75.0,76.24679767725988
3536901,Pedranópolis (SP),2014,70.0,71.28771316385131
3536901,Pedranópolis (SP),2015,70.0,74.47930336773565
3536901,Pedranópolis (SP),2016,75.0,74.46812419187239
3536901,Pedranópolis (SP),2017,75.0,81.39797397393504
3536901,Pedranópolis (SP),2018,70.0,72.0939001865616
3536901,Pedranópolis (SP),2019,75.0,74.87164300830096
3536901,Pedranópolis (SP),2020,80.0,74.56258468171595
3536901,Pedranópolis (SP),2021,83.692,74.7636334424187
3536901,Pedranópolis (SP),2022,83.692,81.029987315533
3536901,Pedranópolis (SP),2023,83.692,83.17720242396223
3536901,Pedranópolis (SP),2024,77.714,78.53752353770281
3537008,Pedregulho (SP),2001,80.0,81.96257977071217
3537008,Pedregulho (SP),2002,80.0,80.07222808523892
3537008,Pedregulho (SP),2003,80.0,79.37160371265556
3537008,Pedregulho (SP),2004,80.0,80.25950789283114
3537008,Pedregulho (SP),2005,79.463,80.22708333679606
3537008,Pedregulho (SP),2006,80.0,80.40272557107706
3537008,Pedregulho (SP),2007,80.0,80.72766934735198
3537008,Pedregulho (SP),2008,80.0,80.01749655211654
3537008,Pedregulho (SP),2009,82.0,81.10673480983341
3537008,Pedregulho (SP),2010,82.0,81.6509182665128
3537008,Pedregulho (SP),2011,78.0,79.3030730767077
3537008,Pedregulho (SP),2012,62.826,74.14476170212363
3537008,Pedregulho (SP),2013,80.0,77.08128250450801
3537008,Pedregulho (SP),2014,65.0,72.59825594747582
3537008,Pedregulho (SP),2015,65.0,69.50939776004302
3537008,Pedregulho (SP),2016,80.0,76.34479484392722
3537008,Pedregulho (SP),2017,80.0,80.37589295154467
3537008,Pedregulho (SP),2018,80.0,80.15857917467797
3537008,Pedregulho (SP),2019,75.0,78.33724032573485
3537008,Pedregulho (SP),2020,80.0,79.96031295460745
3537008,Pedregulho (SP),2021,60.0,73.81952496203873
3537008,Pedregulho (SP),2022,100.0,76.88418575207628
3537008,Pedregulho (SP),2023,78.0,86.60749412409838
3537008,Pedregulho (SP),2024,77.667,78.26610017544468
3537107,Pedreira (SP),2001,60.0,59.760964342653935
3537107,Pedreira (SP),2002,60.0,59.553760582140086
3537107,Pedreira (SP),2003,60.0,64.0159550779082
3537107,Pedreira (SP),2004,60.0,67.23034039047066
3537107,Pedreira (SP),2005,60.548,60.56754124226822
3537107,Pedreira (SP),2006,60.0,62.97842352600572
3537107,Pedreira (SP),2007,60.0,61.5752867135053
3537107,Pedreira (SP),2008,60.0,69.5191106450078
3537107,Pedreira (SP),2009,80.0,62.1719821361971
3537107,Pedreira (SP),2010,52.0,74.45444006431069
3537107,Pedreira (SP),2011,90.0,78.44535012497222
3537107,Pedreira (SP),2012,85.0,84.94716719888488
3537107,Pedreira (SP),2013,60.0,78.65226616144821
3537107,Pedreira (SP),2014,60.0,61.18339890094624
3537107,Pedreira (SP),2015,60.0,60.05439237562436
3537156,Pedrinhas Paulista (SP),2004,87.705,83.29295429511049
3537156,Pedrinhas Paulista (SP),2005,98.9,92.18293626325061
3537156,Pedrinhas Paulista (SP),2006,100.0,92.44807197541616
3537156,Pedrinhas Paulista (SP),2007,115.0,105.45812227610975
3537156,Pedrinhas Paulista (SP),2008,127.048,106.65164130363765
3537156,Pedrinhas Paulista (SP),2009,102.0,103.14069161696634
3537156,Pedrinhas Paulista (SP),2010,93.0,94.7570132501369
3537156,Pedrinhas Paulista (SP),2011,84.6,84.20611513567954
3537156,Pedrinhas Paulista (SP),2012,90.0,85.62979712796393
3537156,Pedrinhas Paulista (SP),2013,85.0,86.20842782074052
3537156,Pedrinhas Paulista (SP),2014,85.0,80.60666073459277
3537156,Pedrinhas Paulista (SP),2015,81.098,81.4265403574145
3537156,Pedrinhas Paulista (SP),2016,75.0,76.67430366863148
3537156,Pedrinhas Paulista (SP),2017,85.0,83.10663686450751
3537156,Pedrinhas Paulista (SP),2018,90.0,85.20949722631656
3537156,Pedrinhas Paulista (SP),2019,85.0,87.2768456834137
3537156,Pedrinhas Paulista (SP),2020,100.0,86.62468345070573
3537156,Pedrinhas Paulista (SP),2021,75.0,81.64771498636597
3537156,Pedrinhas Paulista (SP),2022,100.0,83.89518130753632
3537156,Pedrinhas Paulista (SP),2023,100.0,98.5786507835688
3537156,Pedrinhas Paulista (SP),2024,90.0,84.94613537061545
3537305,Penápolis (SP),2001,70.0,71.39482132119203
3537305,Penápolis (SP),2002,70.0,73.94666717890269
3537305,Penápolis (SP),2003,60.0,66.46041611465422
3537305,Penápolis (SP),2004,75.0,71.95487657780663
3537305,Penápolis (SP),2005,76.49,77.96979814360827
3537305,Penápolis (SP),2006,71.429,77.56333798924317
3537305,Penápolis (SP),2007,75.0,78.01964593535509
3537305,Penápolis (SP),2008,80.0,78.4286524246771
3537305,Penápolis (SP),2009,80.0,85.08020194286773
3537305,Penápolis (SP),2010,80.0,81.39762184608787
3537305,Penápolis (SP),2011,65.0,80.32450413602125
3537305,Penápolis (SP),2012,75.0,67.75233553289095
3537305,Penápolis (SP),2013,70.0,80.01093393385754
3537305,Penápolis (SP),2014,65.43,67.61146812804233
3537305,Penápolis (SP),2015,52.05,61.75756625489219
3537305,Penápolis (SP),2016,70.78,72.7072343453524
3537305,Penápolis (SP),2017,66.28,69.31541838364284
3537305,Penápolis (SP),2018,66.28,67.77276718637428
3537305,Penápolis (SP),2019,65.0,69.784362661299
3537305,Penápolis (SP),2020,70.0,70.13499477668215
3537305,Penápolis (SP),2021,70.0,70.41640318479246
3537305,Penápolis (SP),2022,75.0,76.0380734030539
3537305,Penápolis (SP),2023,80.0,80.57079647336549
3537305,Penápolis (SP),2024,80.0,79.19707447412272
3537404,Pereira Barreto (SP),2001,90.0,92.18819172402598
3537404,Pereira Barreto (SP),2002,91.047,87.88285369362148
3537404,Pereira Barreto (SP),2003,56.932,76.06965937360123
3537404,Pereira Barreto (SP),2004,90.0,77.05675490619353
3537404,Pereira Barreto (SP),2005,74.773,83.81479937232208
3537404,Pereira Barreto (SP),2006,90.0,82.94402287375766
3537404,Pereira Barreto (SP),2007,90.0,88.1974505295325
3537404,Pereira Barreto (SP),2008,90.0,90.76535768498452
3537404,Pereira Barreto (SP),2009,92.856,92.96137772935904
3537404,Pereira Barreto (SP),2010,92.0,88.39030911778337
3537404,Pereira Barreto (SP),2011,92.0,96.54633210001539
3537404,Pereira Barreto (SP),2012,68.807,78.02804742461706
3537404,Pereira Barreto (SP),2013,76.07,74.91306631383735
3537404,Pereira Barreto (SP),2014,57.204,67.05915071420246
3537404,Pereira Barreto (SP),2015,75.05,79.71216304256286
3537404,Pereira Barreto (SP),2016,78.0,76.9950781780247
3537404,Pereira Barreto (SP),2017,70.0,79.62718883882015
3537404,Pereira Barreto (SP),2018,60.0,64.52969586864523
3537404,Pereira Barreto (SP),2019,70.0,70.17393986857
3537404,Pereira Barreto (SP),2020,70.017,77.10489726602745
3537404,Pereira Barreto (SP),2021,64.5,68.05713363763924
3537404,Pereira Barreto (SP),2022,75.0,71.50265908753703
3537404,Pereira Barreto (SP),2023,75.0,77.6659077222281
3537404,Pereira Barreto (SP),2024,68.5,71.07361901363443
3537503,Pereiras (SP),2001,80.0,79.17252351405655
3537503,Pereiras (SP),2002,80.0,79.81542714162497
3537503,Pereiras (SP),2003,80.0,82.72729234644808
3537503,Pereiras (SP),2004,80.0,81.75864199081077
3537503,Pereiras (SP),2005,71.615,76.79877778320926
3537503,Pereiras (SP),2006,72.0,71.62532689832766
3537503,Pereiras (SP),2007,80.0,76.44469403476762
3537503,Pereiras (SP),2008,72.0,81.93200191671876
3537503,Pereiras (SP),2010,80.0,75.70092468125064
3537503,Pereiras (SP),2011,65.0,73.2195610420104
3537503,Pereiras (SP),2012,65.0,68.88134851033115
3537503,Pereiras (SP),2013,84.286,75.33638819636349
3537503,Pereiras (SP),2014,82.0,77.47185104832175
3537503,Pereiras (SP),2015,82.0,85.52629081945248
3537503,Pereiras (SP),2016,82.0,81.14202313265045
3537503,Pereiras (SP),2017,82.0,81.39428359863666
3537503,Pereiras (SP),2019,72.4,77.87251623537048
3537503,Pereiras (SP),2020,82.0,73.46226892665081
3537503,Pereiras (SP),2021,82.0,81.08583374790483
3537503,Pereiras (SP),2022,82.0,81.59172401548999
3537503,Pereiras (SP),2023,82.0,80.48296167251353
3537503,Pereiras (SP),2024,90.0,82.89354223170253
3537701,Piacatu (SP),2001,80.0,79.74475953431858
3537701,Piacatu (SP),2002,83.333,83.88608813272369
3537701,Piacatu (SP),2003,95.446,86.76411491766918
3537701,Piacatu (SP),2004,84.364,83.26345271589241
3537701,Piacatu (SP),2005,87.453,79.76441919100735
3537701,Piacatu (SP),2006,100.015,92.39765760228552
3537701,Piacatu (SP),2007,100.0,96.39647745151684
3537701,Piacatu (SP),2008,77.889,86.05654339718377
3537701,Piacatu (SP),2009,120.0,97.00119101547034
3537701,Piacatu (SP),2010,120.011,113.20334370602069
3537701,Piacatu (SP),2011,78.75,93.73617591661237
3537701,Piacatu (SP),2012,79.0,76.88294529422295
3537701,Piacatu (SP),2013,71.777,76.10507870817867
3537701,Piacatu (SP),2014,70.0,68.35755880082088
3537701,Piacatu (SP),2015,80.0,74.5230016459313
3537701,Piacatu (SP),2016,80.0,80.84429596437299
3537701,Piacatu (SP),2017,80.0,77.38465567390536
3537701,Piacatu (SP),2018,70.0,78.88863555052916
3537701,Piacatu (SP),2019,70.0,72.06905447811181
3537701,Piacatu (SP),2020,70.0,70.85235752631193
3537701,Piacatu (SP),2021,70.0,71.69215266158456
3537701,Piacatu (SP),2022,70.0,74.6618048112886
3537701,Piacatu (SP),2023,80.0,77.36861607736495
3537701,Piacatu (SP),2024,70.0,75.75073233918125
3537800,Piedade (SP),2001,60.0,64.46550806110552
3537800,Piedade (SP),2002,60.0,60.45183054092792
3537800,Piedade (SP),2003,60.0,60.59448941752035
3537800,Piedade (SP),2004,60.0,62.53820691175235
3537800,Piedade (SP),2005,50.134,55.638248058413765
3537800,Piedade (SP),2006,50.0,50.21418805518093
3537800,Piedade (SP),2007,50.0,52.35743330268343
3537800,Piedade (SP),2008,50.134,50.80143946564872
3537800,Piedade (SP),2009,50.0,48.6830450535159
3537800,Piedade (SP),2010,50.0,41.307647954770715
3537909,Pilar do Sul (SP),2001,70.0,66.66550014590963
3537909,Pilar do Sul (SP),2010,60.0,55.42466644489257
3538006,Pindamonhangaba (SP),2001,60.0,61.55069872329057
3538006,Pindamonhangaba (SP),2002,60.0,61.542317622086266
3538006,Pindamonhangaba (SP),2003,60.0,60.66959812459495
3538006,Pindamonhangaba (SP),2004,60.0,62.341688409465505
3538006,Pindamonhangaba (SP),2005,60.0,61.26413494567096
3538006,Pindamonhangaba (SP),2006,70.0,65.12752496593681
3538006,Pindamonhangaba (SP),2007,60.0,65.5182979870113
3538006,Pindamonhangaba (SP),2008,60.0,66.69719430090744
3538006,Pindamonhangaba (SP),2009,60.0,60.92219111169383
3538006,Pindamonhangaba (SP),2010,60.0,61.728245452814605
3538006,Pindamonhangaba (SP),2011,60.0,66.36592605436228
3538006,Pindamonhangaba (SP),2012,60.0,61.994765940181416
3538006,Pindamonhangaba (SP),2013,60.0,63.28439892078752
3538105,Pindorama (SP),2001,70.0,70.94330440694218
3538105,Pindorama (SP),2002,85.0,82.77970022451116
3538105,Pindorama (SP),2003,85.0,85.35731543738665
3538105,Pindorama (SP),2004,85.0,86.09711278758977
3538105,Pindorama (SP),2005,84.442,84.86509851228828
3538105,Pindorama (SP),2006,70.0,74.14868965954483
3538105,Pindorama (SP),2007,85.0,82.25014373281762
3538105,Pindorama (SP),2008,85.0,85.83176091146366
3538105,Pindorama (SP),2009,85.0,84.42374045040593
3538105,Pindorama (SP),2010,85.0,85.83484878238986
3538105,Pindorama (SP),2011,70.0,80.04817225471706
3538105,Pindorama (SP),2012,70.0,73.11856011395851
3538105,Pindorama (SP),2013,70.0,73.79767926620269
3538105,Pindorama (SP),2014,70.0,65.93384201331168
3538105,Pindorama (SP),2015,80.0,79.76843653305843
3538105,Pindorama (SP),2016,90.0,85.23063990501225
3538105,Pindorama (SP),2017,85.0,88.31690991965048
3538105,Pindorama (SP),2018,85.0,82.17315435133776
3538105,Pindorama (SP),2019,75.0,75.66995590039127
3538105,Pindorama (SP),2020,80.0,75.8899295151642
3538105,Pindorama (SP),2021,60.0,67.38856226157176
3538105,Pindorama (SP),2022,70.0,69.25480472244402
3538105,Pindorama (SP),2023,90.0,83.9572855406099
3538105,Pindorama (SP),2024,70.0,78.11285637746978
3538204,Pinhalzinho (SP),2011,51.0,56.260931086385824
3538204,Pinhalzinho (SP),2018,70.0,61.10127608466532
3538204,Pinhalzinho (SP),2019,100.0,77.52296102543578
3538204,Pinhalzinho (SP),2020,100.0,97.29802999026465
3538204,Pinhalzinho (SP),2021,100.0,96.60534805717485
3538204,Pinhalzinho (SP),2022,100.0,91.90179847389409
3538204,Pinhalzinho (SP),2023,100.0,96.07170049158044
3538204,Pinhalzinho (SP),2024,100.0,86.13854407658863
3538303,Piquerobi (SP),2006,79.83,75.02968460736882
3538303,Piquerobi (SP),2007,80.0,82.4145658243309
3538303,Piquerobi (SP),2008,100.0,88.66415238848691
3538303,Piquerobi (SP),2009,100.0,97.55095651266849
3538303,Piquerobi (SP),2010,93.959,94.32535389973263
3538303,Piquerobi (SP),2011,78.0,79.80793188916874
3538303,Piquerobi (SP),2012,70.0,74.31724461322707
3538303,Piquerobi (SP),2013,70.0,70.7606105026303
3538303,Piquerobi (SP),2014,50.0,64.795001108772
3538303,Piquerobi (SP),2015,50.412,62.83213326213127
3538303,Piquerobi (SP),2016,50.0,60.797042001559696
3538303,Piquerobi (SP),2017,50.0,58.34812765539077
3538303,Piquerobi (SP),2018,50.0,55.38897952115205
3538303,Piquerobi (SP),2019,50.0,54.86346716153294
3538303,Piquerobi (SP),2020,50.0,59.49950601675162
3538303,Piquerobi (SP),2021,50.0,56.671181878898466
3538303,Piquerobi (SP),2022,55.209,63.19573160051512
3538303,Piquerobi (SP),2023,70.0,70.25040796979889
3538303,Piquerobi (SP),2024,90.0,74.70986308203601
3538600,Piracaia (SP),2002,40.0,40.78232250724276
3538600,Piracaia (SP),2003,40.0,43.241962022130664
3538600,Piracaia (SP),2004,45.0,45.23276154218697
3538600,Piracaia (SP),2005,44.704,45.832341098720725
3538600,Piracaia (SP),2006,30.0,44.90379782389829
3538600,Piracaia (SP),2007,45.0,41.99547977190865
3538600,Piracaia (SP),2008,45.0,46.690411685071865
3538600,Piracaia (SP),2009,45.0,44.41183131998557
3538600,Piracaia (SP),2010,52.0,48.31168138759851
3538600,Piracaia (SP),2011,52.0,72.89707970881408
3538600,Piracaia (SP),2012,52.0,55.698530096556226
3538600,Piracaia (SP),2013,52.0,55.21498753026139
3538600,Piracaia (SP),2014,50.0,55.49122456564269
3538600,Piracaia (SP),2015,50.0,53.124043603928754
3538600,Piracaia (SP),2016,50.0,49.78770149991673
3538600,Piracaia (SP),2017,50.0,49.94111112161448
3538600,Piracaia (SP),2018,50.0,51.91618636328947
3538600,Piracaia (SP),2019,50.0,49.88250450113774
3538600,Piracaia (SP),2020,50.0,52.39996734687537
3538600,Piracaia (SP),2021,50.0,53.360524086732696
3538600,Piracaia (SP),2022,50.0,52.178173790672574
3538600,Piracaia (SP),2023,50.0,51.607764410769775
3538600,Piracaia (SP),2024,50.0,51.16484709697249
3538709,Piracicaba (SP),2001,78.0,76.92793216631979
3538709,Piracicaba (SP),2002,78.0,80.09621254678783
3538709,Piracicaba (SP),2003,80.0,80.58052779856209
3538709,Piracicaba (SP),2004,78.048,80.78851484228761
3538709,Piracicaba (SP),2005,81.778,81.5134531736014
3538709,Piracicaba (SP),2006,80.0,82.37106486457412
3538709,Piracicaba (SP),2007,80.0,80.7435587329202
3538709,Piracicaba (SP),2008,80.0,82.24548473891466
3538709,Piracicaba (SP),2009,80.0,81.36293147169272
3538709,Piracicaba (SP),2010,80.0,79.54961973743578
3538709,Piracicaba (SP),2011,82.0,81.38878643235756
3538709,Piracicaba (SP),2012,80.0,80.06480173446778
3538709,Piracicaba (SP),2013,80.0,81.15417249764495
3538709,Piracicaba (SP),2014,56.0,62.174727356782114
3538709,Piracicaba (SP),2015,65.0,65.26320556809145
3538709,Piracicaba (SP),2016,65.0,66.75327409338648
3538709,Piracicaba (SP),2017,65.0,66.4615861087626
3538709,Piracicaba (SP),2018,67.0,68.40590192860871
3538709,Piracicaba (SP),2019,65.0,67.34364037944343
3538709,Piracicaba (SP),2020,65.0,65.34169467967247
3538709,Piracicaba (SP),2021,60.0,61.98250502931159
3538709,Piracicaba (SP),2022,65.0,66.99109862865585
3538709,Piracicaba (SP),2023,65.0,67.13336171533827
3538709,Piracicaba (SP),2024,65.291,66.11690513425131
3538808,Piraju (SP),2002,80.0,87.26833922278124
3538808,Piraju (SP),2003,80.0,80.53935972942327
3538808,Piraju (SP),2004,82.0,81.35986889345976
3538808,Piraju (SP),2005,79.578,79.120465252824
3538808,Piraju (SP),2006,100.0,77.8786939516297
3538808,Piraju (SP),2007,80.0,85.61453377180557
3538808,Piraju (SP),2008,80.0,80.22053479159366
3538808,Piraju (SP),2009,80.0,78.78234734678517
3538808,Piraju (SP),2010,80.0,80.12124206610865
3538808,Piraju (SP),2011,81.7,80.05496094450876
3538808,Piraju (SP),2012,82.0,82.39580958333998
3538808,Piraju (SP),2013,91.0,87.48303640834098
3538808,Piraju (SP),2014,70.0,83.35749468103867
3538808,Piraju (SP),2015,70.0,74.5809524136001
3538808,Piraju (SP),2016,75.0,71.92720909104071
3538808,Piraju (SP),2017,75.0,76.50017052638452
3538808,Piraju (SP),2018,80.0,76.2812652213916
3538808,Piraju (SP),2019,80.0,79.57685639393381
3538808,Piraju (SP),2020,80.0,78.18470084782577
3538808,Piraju (SP),2021,85.0,82.10993345056495
3538808,Piraju (SP),2022,78.333,82.79881720018562
3538808,Piraju (SP),2023,80.0,78.64611749564449
3538808,Piraju (SP),2024,80.0,78.46730864570847
3538907,Pirajuí (SP),2001,70.0,72.72654231049604
3538907,Pirajuí (SP),2002,70.0,70.75976077654285
3538907,Pirajuí (SP),2003,49.0,65.84700154115927
3538907,Pirajuí (SP),2004,51.748,62.3900510190504
3538907,Pirajuí (SP),2005,74.844,66.00897172244592
3538907,Pirajuí (SP),2006,70.0,73.0364377110385
3538907,Pirajuí (SP),2007,80.0,74.85253888676705
3538907,Pirajuí (SP),2008,80.0,80.80792016322226
3538907,Pirajuí (SP),2009,80.0,87.69576684202679
3538907,Pirajuí (SP),2010,80.0,79.98083504564232
3538907,Pirajuí (SP),2011,75.0,78.02858090119219
3538907,Pirajuí (SP),2012,75.0,74.62012674711622
3538907,Pirajuí (SP),2013,75.0,75.7429888495787
3538907,Pirajuí (SP),2014,69.138,70.12455790515487
3538907,Pirajuí (SP),2015,69.138,70.75137566570102
3538907,Pirajuí (SP),2016,75.0,78.51422746814428
3538907,Pirajuí (SP),2017,75.0,75.03486891479187
3538907,Pirajuí (SP),2018,90.0,79.43251295935305
3538907,Pirajuí (SP),2019,90.0,89.05396549708237
3538907,Pirajuí (SP),2020,80.0,82.07709011389183
3538907,Pirajuí (SP),2021,80.0,76.72230345553055
3538907,Pirajuí (SP),2022,80.0,78.97975711971202
3538907,Pirajuí (SP),2023,80.0,80.34964089257842
3538907,Pirajuí (SP),2024,80.0,75.21665960431193
3539004,Pirangi (SP),2001,80.0,77.89126882167574
3539004,Pirangi (SP),2002,80.0,82.03183291847472
3539004,Pirangi (SP),2003,80.0,80.46985688718303
3539004,Pirangi (SP),2004,90.0,87.35031671111379
3539004,Pirangi (SP),2005,89.396,89.59130539445037
3539004,Pirangi (SP),2006,90.0,86.65191767825179
3539004,Pirangi (SP),2007,90.0,90.0936694360579
3539004,Pirangi (SP),2008,80.0,88.43959599946623
3539004,Pirangi (SP),2009,80.0,80.98972802904625
3539004,Pirangi (SP),2010,80.0,80.96604951789094
3539004,Pirangi (SP),2011,80.0,80.02730257214886
3539004,Pirangi (SP),2012,80.0,78.95263895612216
3539004,Pirangi (SP),2013,80.0,80.80861101575894
3539004,Pirangi (SP),2014,68.0,68.29174595305923
3539004,Pirangi (SP),2015,75.0,78.90250036307584
3539004,Pirangi (SP),2016,80.0,79.97066711711037
3539004,Pirangi (SP),2017,82.0,81.4848212295764
3539004,Pirangi (SP),2018,70.0,78.5778124596839
3539004,Pirangi (SP),2019,70.0,72.58776791122274
3539004,Pirangi (SP),2020,80.0,76.8084714584593
3539004,Pirangi (SP),2021,70.0,68.14759146954434
3539004,Pirangi (SP),2022,70.0,76.86493565326882
3539004,Pirangi (SP),2023,80.0,83.59817819521511
3539004,Pirangi (SP),2024,70.0,71.00371420826394
3539202,Pirapozinho (SP),2001,70.0,74.81491297364701
3539202,Pirapozinho (SP),2002,70.0,70.65265794142115
3539202,Pirapozinho (SP),2003,70.0,76.23711135395685
3539202,Pirapozinho (SP),2004,70.0,71.3342701980187
3539202,Pirapozinho (SP),2005,69.53,72.96652844071
3539202,Pirapozinho (SP),2006,70.0,74.06505791142239
3539202,Pirapozinho (SP),2007,70.0,72.49039866221318
3539202,Pirapozinho (SP),2008,70.0,73.31279572538638
3539202,Pirapozinho (SP),2009,80.0,74.16138540254202
3539202,Pirapozinho (SP),2010,80.0,80.16048587543399
3539202,Pirapozinho (SP),2011,70.0,74.33478202163124
3539202,Pirapozinho (SP),2012,70.646,70.80259612889354
3539202,Pirapozinho (SP),2013,70.0,72.77435038207167
3539202,Pirapozinho (SP),2014,79.998,76.04351051887633
3539202,Pirapozinho (SP),2015,80.0,81.33804708716994
3539202,Pirapozinho (SP),2016,80.0,82.89035135302602
3539202,Pirapozinho (SP),2017,77.778,75.36648484813524
3539202,Pirapozinho (SP),2018,80.0,80.3311424713035
3539202,Pirapozinho (SP),2019,80.0,78.8729818939581
3539202,Pirapozinho (SP),2020,80.0,78.92857927432986
3539202,Pirapozinho (SP),2021,80.214,79.11627066963543
3539202,Pirapozinho (SP),2022,80.0,80.69587629004701
3539202,Pirapozinho (SP),2023,79.857,80.7235604509082
3539202,Pirapozinho (SP),2024,80.0,79.62976214848915
3539301,Pirassununga (SP),2001,80.0,82.50790069796432
3539301,Pirassununga (SP),2002,70.074,81.28224713198743
3539301,Pirassununga (SP),2003,65.0,73.49494718093612
3539301,Pirassununga (SP),2004,80.0,76.61089182782369
3539301,Pirassununga (SP),2005,93.224,85.01837841555034
3539301,Pirassununga (SP),2006,85.0,87.96055238380742
3539301,Pirassununga (SP),2007,85.0,84.9352007819921
3539301,Pirassununga (SP),2008,85.0,85.1280404222922
3539301,Pirassununga (SP),2009,85.0,84.48683136947255
3539301,Pirassununga (SP),2010,85.0,84.78142794384142
3539301,Pirassununga (SP),2011,85.0,87.16653105022299
3539301,Pirassununga (SP),2012,83.023,77.89906649396431
3539301,Pirassununga (SP),2013,90.0,84.1814334824227
3539301,Pirassununga (SP),2014,70.0,77.00675542025967
3539301,Pirassununga (SP),2015,80.0,76.32663672153531
3539301,Pirassununga (SP),2016,85.0,81.9075444896341
3539301,Pirassununga (SP),2017,85.0,82.2717154046732
3539301,Pirassununga (SP),2018,80.0,82.61798977360885
3539301,Pirassununga (SP),2019,90.0,80.19679863477067
3539301,Pirassununga (SP),2020,90.0,91.29502771628
3539301,Pirassununga (SP),2021,80.0,84.28305895312543
3539301,Pirassununga (SP),2022,80.0,85.08674559235732
3539301,Pirassununga (SP),2023,80.0,80.37946513232325
3539301,Pirassununga (SP),2024,80.0,80.11029795427434
3539400,Piratininga (SP),2002,45.0,65.05266881858017
3539400,Piratininga (SP),2003,45.0,50.39110817368007
3539400,Piratininga (SP),2004,45.0,56.230925299672506
3539400,Piratininga (SP),2005,44.69,49.849654854221754
3539400,Piratininga (SP),2006,44.69,51.247987562375144
3539400,Piratininga (SP),2007,80.0,65.13744502826913
3539400,Piratininga (SP),2008,67.857,77.4063405197561
3539400,Piratininga (SP),2009,67.857,71.06716844288802
3539400,Piratininga (SP),2010,67.857,69.1423885177609
3539400,Piratininga (SP),2011,70.0,70.32236915624375
3539400,Piratininga (SP),2012,70.0,69.67743053019228
3539400,Piratininga (SP),2013,70.0,69.3201028967298
3539400,Piratininga (SP),2014,66.667,69.0581703995982
3539400,Piratininga (SP),2015,66.667,72.01144144965411
3539400,Piratininga (SP),2016,66.667,71.0714759732541
3539400,Piratininga (SP),2017,85.0,74.23330545440557
3539400,Piratininga (SP),2018,75.0,81.23155605379844
3539400,Piratininga (SP),2019,75.0,76.36516984947019
3539400,Piratininga (SP),2020,70.0,77.76147393203034
3539400,Piratininga (SP),2021,65.0,66.33627252476911
3539400,Piratininga (SP),2022,70.0,70.86208048409631
3539400,Piratininga (SP),2023,70.0,72.80201181522085
3539400,Piratininga (SP),2024,75.0,70.17656371679344
3539509,Pitangueiras (SP),2001,90.0,81.53003134939539
3539509,Pitangueiras (SP),2002,90.0,88.47522251661877
3539509,Pitangueiras (SP),2003,90.0,90.24724708905516
3539509,Pitangueiras (SP),2004,89.718,89.36873523457801
3539509,Pitangueiras (SP),2005,86.89,90.97418131310343
3539509,Pitangueiras (SP),2006,85.0,84.30147440723046
3539509,Pitangueiras (SP),2007,86.328,86.271263385606
3539509,Pitangueiras (SP),2008,75.0,82.39722790897302
3539509,Pitangueiras (SP),2009,90.0,79.71852271262506
3539509,Pitangueiras (SP),2010,100.0,92.71974628062463
3539509,Pitangueiras (SP),2011,90.0,93.53537692976629
3539509,Pitangueiras (SP),2012,80.0,86.56920853223171
3539509,Pitangueiras (SP),2013,85.0,82.6153684702505
3539509,Pitangueiras (SP),2014,75.0,72.698575827048
3539509,Pitangueiras (SP),2015,80.0,78.28987251613802
3539509,Pitangueiras (SP),2016,85.0,81.44011707464693
3539509,Pitangueiras (SP),2017,85.0,84.7237057569145
3539509,Pitangueiras (SP),2018,85.0,84.4834642612084
3539509,Pitangueiras (SP),2019,85.0,84.88562975852665
3539509,Pitangueiras (SP),2020,85.0,85.00092478321275
3539509,Pitangueiras (SP),2021,85.0,84.29022246715456
3539509,Pitangueiras (SP),2022,80.0,83.16092975331244
3539509,Pitangueiras (SP),2023,82.0,83.20954555115185
3539509,Pitangueiras (SP),2024,78.0,80.80622497976115
3539608,Planalto (SP),2001,80.0,81.08013573489553
3539608,Planalto (SP),2002,80.0,87.60041663333648
3539608,Planalto (SP),2003,90.0,84.07273914811952
3539608,Planalto (SP),2004,90.0,87.29394899647349
3539608,Planalto (SP),2005,89.396,88.41203444367012
3539608,Planalto (SP),2006,90.0,94.53667878492035
3539608,Planalto (SP),2007,90.0,89.40890284873926
3539608,Planalto (SP),2008,90.0,89.44014116237375
3539608,Planalto (SP),2009,90.0,89.52529632314366
3539608,Planalto (SP),2010,90.0,89.76200999724482
3539608,Planalto (SP),2011,88.375,89.42834034937641
3539608,Planalto (SP),2012,80.0,82.43673946445753
3539608,Planalto (SP),2013,80.454,81.65114253442506
3539608,Planalto (SP),2014,62.5,69.7350749414012
3539608,Planalto (SP),2015,78.0,73.224303360521
3539608,Planalto (SP),2016,76.862,80.08450400797125
3539608,Planalto (SP),2017,80.0,77.79384433834095
3539608,Planalto (SP),2018,76.9,77.45130688061631
3539608,Planalto (SP),2019,70.0,73.10170902077684
3539608,Planalto (SP),2020,60.0,71.66586677377126
3539608,Planalto (SP),2021,80.0,70.14141260045507
3539608,Planalto (SP),2022,75.0,77.73365653136985
3539608,Planalto (SP),2023,90.0,84.06802503234923
3539608,Planalto (SP),2024,90.0,84.82426917881055
3539707,Platina (SP),2001,90.0,79.72919167689888
3539707,Platina (SP),2002,90.0,86.67266236085355
3539707,Platina (SP),2003,79.071,83.53847121652649
3539707,Platina (SP),2004,80.0,80.56386606064893
3539707,Platina (SP),2005,89.399,79.82577191121561
3539707,Platina (SP),2006,81.0,85.63062426965223
3539707,Platina (SP),2007,81.0,82.79170675785181
3539707,Platina (SP),2008,80.0,81.21322582884682
3539707,Platina (SP),2009,86.0,83.02997467193205
3539707,Platina (SP),2010,79.049,79.74441652006718
3539707,Platina (SP),2011,70.4,76.71443661466036
3539707,Platina (SP),2012,65.0,67.21113825712766
3539707,Platina (SP),2013,70.0,66.64783875737227
3539707,Platina (SP),2014,66.0,68.03654160365369
3539707,Platina (SP),2015,66.0,69.93430921878112
3539707,Platina (SP),2016,66.0,72.356545592764
3539707,Platina (SP),2017,85.0,77.92019798818254
3539707,Platina (SP),2018,73.0,81.06871835174735
3539707,Platina (SP),2019,73.0,74.45756235294796
3539707,Platina (SP),2020,80.0,79.71189814122704
3539707,Platina (SP),2021,65.0,72.19146566238038
3539707,Platina (SP),2022,70.0,68.49530556533912
3539707,Platina (SP),2023,75.0,73.89873606083668
3539707,Platina (SP),2024,68.0,70.12185004703566
3539905,Poloni (SP),2001,70.0,70.09686786400613
3539905,Poloni (SP),2002,70.0,72.14394298754215
3539905,Poloni (SP),2003,70.0,71.58098706216451
3539905,Poloni (SP),2004,70.0,72.1865799246293
3539905,Poloni (SP),2005,69.53,72.19557660205587
3539905,Poloni (SP),2006,70.0,75.27965989127105
3539905,Poloni (SP),2007,90.0,74.3059571886679
3539905,Poloni (SP),2008,90.0,89.40440713118367
3539905,Poloni (SP),2009,90.0,89.91703563297813
3539905,Poloni (SP),2010,90.0,89.83936377233684
3539905,Poloni (SP),2011,90.0,89.42620711579288
3539905,Poloni (SP),2012,80.0,82.64237538627283
3539905,Poloni (SP),2013,80.0,81.9404514556924
3539905,Poloni (SP),2014,70.0,71.73763751670549
3539905,Poloni (SP),2015,70.0,74.77973775254043
3539905,Poloni (SP),2016,70.0,74.25336050196198
3539905,Poloni (SP),2017,70.0,71.86908904178958
3539905,Poloni (SP),2018,70.0,70.15854030735416
3539905,Poloni (SP),2019,70.0,75.6719961473341
3539905,Poloni (SP),2020,75.0,74.05604991400534
3539905,Poloni (SP),2021,70.0,71.02114335053834
3539905,Poloni (SP),2022,100.0,79.84141993239353
3539905,Poloni (SP),2023,100.0,99.52777474519918
3539905,Poloni (SP),2024,95.0,89.28269507894011
3540002,Pompéia (SP),2006,80.0,73.1376835918064
3540002,Pompéia (SP),2007,100.0,87.4202876846357
3540002,Pompéia (SP),2008,100.0,93.75536393564924
3540002,Pompéia (SP),2009,100.0,98.91993039032964
3540002,Pompéia (SP),2010,100.0,88.08048162764258
3540002,Pompéia (SP),2011,100.0,97.58938428088811
3540002,Pompéia (SP),2012,70.0,73.99317187189895
3540002,Pompéia (SP),2013,100.0,80.46189646455583
3540002,Pompéia (SP),2014,80.0,78.4044512183268
3540002,Pompéia (SP),2015,80.0,78.1313083858982
3540002,Pompéia (SP),2016,90.0,82.58636941941522
3540002,Pompéia (SP),2017,80.0,85.87737559651518
3540002,Pompéia (SP),2018,80.0,79.32426691877467
3540002,Pompéia (SP),2019,80.0,78.85670677418881
3540002,Pompéia (SP),2020,80.0,78.51667256631626
3540002,Pompéia (SP),2021,80.0,78.52380643071626
3540002,Pompéia (SP),2022,80.0,80.59561571258598
3540002,Pompéia (SP),2023,80.0,81.52103515655496
3540002,Pompéia (SP),2024,75.0,71.63145750398904
3540101,Pongaí (SP),2007,100.0,88.22803070366378
3540101,Pongaí (SP),2008,100.0,96.01016297357417
3540101,Pongaí (SP),2009,100.0,95.54775934156336
3540101,Pongaí (SP),2010,100.0,98.01354663874287
3540101,Pongaí (SP),2011,100.0,101.87274103259531
3540101,Pongaí (SP),2013,100.0,95.09983525785154
3540101,Pongaí (SP),2014,100.0,91.5266028667778
3540101,Pongaí (SP),2015,80.0,93.39697849528478
3540101,Pongaí (SP),2016,100.0,89.11738659692364
3540101,Pongaí (SP),2017,100.0,96.02202178135721
3540101,Pongaí (SP),2018,80.0,87.22221951418028
3540101,Pongaí (SP),2019,70.0,73.92007312503586
3540101,Pongaí (SP),2020,86.947,80.32518689843937
3540101,Pongaí (SP),2021,75.0,75.3904745512959
3540101,Pongaí (SP),2022,89.852,82.79928218569265
3540101,Pongaí (SP),2023,100.0,93.23993352003657
3540101,Pongaí (SP),2024,90.0,86.87255385551948
3540200,Pontal (SP),2001,70.0,73.30660502552414
3540200,Pontal (SP),2002,80.0,78.59856302874658
3540200,Pontal (SP),2003,80.0,84.4286012911601
3540200,Pontal (SP),2004,74.893,80.91857258271165
3540200,Pontal (SP),2005,82.139,80.49600518072369
3540200,Pontal (SP),2006,80.0,80.78461117465014
3540200,Pontal (SP),2007,80.0,80.30786002055322
3540200,Pontal (SP),2008,80.0,82.39795980013614
3540200,Pontal (SP),2009,80.0,82.46563791467197
3540200,Pontal (SP),2010,80.0,80.36888049882299
3540200,Pontal (SP),2011,80.0,77.84056180516812
3540200,Pontal (SP),2012,75.0,77.33013848546604
3540200,Pontal (SP),2013,75.0,76.97857286192921
3540200,Pontal (SP),2014,75.0,74.11632153942058
3540200,Pontal (SP),2015,80.0,77.59630543273357
3540200,Pontal (SP),2016,80.0,81.14189974252432
3540200,Pontal (SP),2017,80.0,81.88224335876197
3540200,Pontal (SP),2018,85.0,81.54227598498791
3540200,Pontal (SP),2019,85.0,84.88562975852665
3540200,Pontal (SP),2020,85.0,85.04625966416512
3540200,Pontal (SP),2021,85.0,84.26751045849656
3540200,Pontal (SP),2022,85.0,83.46219049575228
3540200,Pontal (SP),2023,85.0,84.83351408743869
3540200,Pontal (SP),2024,82.0,81.60216705407261
3540259,Pontalinda (SP),2001,30.0,71.12956167617085
3540259,Pontalinda (SP),2002,60.0,65.75368217147475
3540259,Pontalinda (SP),2003,91.538,90.05309183129033
3540259,Pontalinda (SP),2004,90.0,87.91255097060771
3540259,Pontalinda (SP),2005,79.462,88.10131334863274
3540259,Pontalinda (SP),2006,80.0,88.96843664009828
3540259,Pontalinda (SP),2007,72.5,80.05018128600103
3540259,Pontalinda (SP),2008,90.0,83.07950428631555
3540259,Pontalinda (SP),2009,89.4,87.66664133848704
3540259,Pontalinda (SP),2010,96.0,94.63237203145135
3540259,Pontalinda (SP),2011,100.0,86.98190157248354
3540259,Pontalinda (SP),2012,80.0,80.42179162541544
3540259,Pontalinda (SP),2013,88.016,82.29942672716605
3540259,Pontalinda (SP),2014,80.0,78.67180797615865
3540259,Pontalinda (SP),2015,100.0,85.83037472527408
3540259,Pontalinda (SP),2016,100.0,97.14683871894039
3540259,Pontalinda (SP),2017,100.0,98.83775734559218
3540259,Pontalinda (SP),2018,100.0,95.36494732638654
3540259,Pontalinda (SP),2019,100.0,91.29305460232577
3540259,Pontalinda (SP),2020,100.0,95.90464608211227
3540259,Pontalinda (SP),2021,100.0,88.84980856456046
3540259,Pontalinda (SP),2022,100.0,95.6680140901984
3540259,Pontalinda (SP),2023,100.0,98.12018435144019
3540259,Pontalinda (SP),2024,99.1,92.83871737552596
3540309,Pontes Gestal (SP),2006,100.0,104.72999980763682
3540309,Pontes Gestal (SP),2007,150.0,112.6158591233766
3540309,Pontes Gestal (SP),2008,100.0,88.82679832878968
3540309,Pontes Gestal (SP),2009,100.0,87.67561932621147
3540309,Pontes Gestal (SP),2010,89.18,92.39594311439947
3540309,Pontes Gestal (SP),2011,71.627,85.98753129859179
3540309,Pontes Gestal (SP),2012,72.0,73.44923435055972
3540309,Pontes Gestal (SP),2013,72.0,73.89186660070087
3540309,Pontes Gestal (SP),2014,61.0,69.89742311746258
3540309,Pontes Gestal (SP),2015,66.0,73.74265659737975
3540309,Pontes Gestal (SP),2016,78.0,74.65816131703245
3540309,Pontes Gestal (SP),2017,78.0,78.39283346894987
3540309,Pontes Gestal (SP),2018,72.0,75.97564709189955
3540309,Pontes Gestal (SP),2019,72.0,73.69913335015663
3540309,Pontes Gestal (SP),2020,72.0,73.83831798663236
3540309,Pontes Gestal (SP),2021,72.0,71.75809996753246
3540309,Pontes Gestal (SP),2022,72.0,74.10500355829808
3540309,Pontes Gestal (SP),2023,70.0,78.86346844882765
3540309,Pontes Gestal (SP),2024,75.0,73.45265672656278
3540408,Populina (SP),2002,80.0,80.70535639465648
3540408,Populina (SP),2003,75.464,74.9524181976955
3540408,Populina (SP),2004,80.0,77.70906247633575
3540408,Populina (SP),2005,79.523,90.38418375247993
3540408,Populina (SP),2006,100.0,89.810104769795
3540408,Populina (SP),2007,96.428,94.7058982422528
3540408,Populina (SP),2008,90.0,88.95407911910499
3540408,Populina (SP),2009,98.7,104.71320889475233
3540408,Populina (SP),2010,96.0,91.75679596750854
3540408,Populina (SP),2011,100.0,93.51784286039675
3540408,Populina (SP),2012,96.19,86.14980451673325
3540408,Populina (SP),2013,90.0,88.18328359740528
3540408,Populina (SP),2014,80.0,80.5859568710938
3540408,Populina (SP),2015,80.0,83.07972533332115
3540408,Populina (SP),2016,80.0,77.33379739212646
3540408,Populina (SP),2017,80.0,79.14275763975915
3540408,Populina (SP),2018,80.0,76.88766816626107
3540408,Populina (SP),2019,80.0,78.64564245099002
3540408,Populina (SP),2020,80.0,78.8652552283416
3540408,Populina (SP),2021,80.0,76.85446684036796
3540408,Populina (SP),2022,80.0,80.06801353056022
3540408,Populina (SP),2023,85.0,83.32918270152574
3540408,Populina (SP),2024,81.7,80.11489750921741
3540507,Porangaba (SP),2006,50.0,72.2788750427733
3540507,Porangaba (SP),2007,40.0,54.855622769008754
3540507,Porangaba (SP),2008,50.0,47.39840847050868
3540507,Porangaba (SP),2009,80.0,66.74101066014622
3540507,Porangaba (SP),2010,50.0,72.1983202121819
3540507,Porangaba (SP),2011,50.0,54.12702616106114
3540507,Porangaba (SP),2013,77.934,65.84278954324841
3540507,Porangaba (SP),2014,77.934,75.76188042315522
3540507,Porangaba (SP),2015,100.0,87.77310130017564
3540507,Porangaba (SP),2016,90.0,92.17575310539634
3540507,Porangaba (SP),2017,90.0,89.23280006064802
3540507,Porangaba (SP),2018,90.0,88.68712276916521
3540507,Porangaba (SP),2019,85.532,87.0371224408033
3540507,Porangaba (SP),2020,88.511,86.66051966795293
3540507,Porangaba (SP),2021,89.485,87.19934667459124
3540507,Porangaba (SP),2022,89.332,87.59704134468589
3540507,Porangaba (SP),2023,89.109,89.49005893841709
3540507,Porangaba (SP),2024,88.984,87.41300020904946
3540606,Porto Feliz (SP),2001,80.0,75.23718535044566
3540606,Porto Feliz (SP),2002,70.0,78.03214086737535
3540606,Porto Feliz (SP),2003,70.0,72.6657145713098
3540606,Porto Feliz (SP),2004,70.0,72.08942828342168
3540606,Porto Feliz (SP),2005,69.535,72.67042330667145
3540606,Porto Feliz (SP),2006,70.066,70.61538991850023
3540606,Porto Feliz (SP),2007,85.0,76.85728442934017
3540606,Porto Feliz (SP),2008,80.0,83.62911994511416
3540606,Porto Feliz (SP),2009,80.0,77.83295418197754
3540606,Porto Feliz (SP),2010,80.0,81.11844788689471
3540606,Porto Feliz (SP),2011,80.0,80.03585761955371
3540606,Porto Feliz (SP),2012,80.0,79.7787114986748
3540606,Porto Feliz (SP),2013,80.0,79.85514951243246
3540606,Porto Feliz (SP),2014,55.0,65.62943200432899
3540606,Porto Feliz (SP),2015,80.0,72.94612986412203
3540606,Porto Feliz (SP),2016,80.0,79.72158239221079
3540606,Porto Feliz (SP),2017,80.0,79.86018717781133
3540606,Porto Feliz (SP),2018,79.0,78.75070124382337
3540606,Porto Feliz (SP),2019,80.0,79.71179510907633
3540606,Porto Feliz (SP),2020,79.0,80.01773074083077
3540606,Porto Feliz (SP),2021,79.0,77.37346651684423
3540606,Porto Feliz (SP),2022,79.333,79.49630318495709
3540606,Porto Feliz (SP),2023,75.0,78.86107106828787
3540606,Porto Feliz (SP),2024,80.0,76.25954828086529
3540705,Porto Ferreira (SP),2001,60.0,62.31916478408161
3540705,Porto Ferreira (SP),2002,60.0,73.25948584460556
3540705,Porto Ferreira (SP),2003,72.857,75.50921074976412
3540705,Porto Ferreira (SP),2004,87.5,81.29334401875002
3540705,Porto Ferreira (SP),2005,99.329,94.35824168370188
3540705,Porto Ferreira (SP),2006,100.0,95.61216897416679
3540705,Porto Ferreira (SP),2007,100.0,94.80390311528579
3540705,Porto Ferreira (SP),2008,100.0,97.8809311115225
3540705,Porto Ferreira (SP),2009,100.0,98.52153325120284
3540705,Porto Ferreira (SP),2010,100.0,93.11814390578125
3540705,Porto Ferreira (SP),2011,90.0,91.65594175477638
3540705,Porto Ferreira (SP),2012,80.0,81.34823366952874
3540705,Porto Ferreira (SP),2013,85.0,82.56806469671962
3540705,Porto Ferreira (SP),2014,65.0,71.1081031040071
3540705,Porto Ferreira (SP),2015,65.0,70.46892950408841
3540705,Porto Ferreira (SP),2016,65.0,66.03001703846698
3540705,Porto Ferreira (SP),2017,60.0,67.53248242274408
3540705,Porto Ferreira (SP),2018,90.0,79.0375987488983
3540705,Porto Ferreira (SP),2019,90.0,89.78445956993168
3540705,Porto Ferreira (SP),2020,100.0,92.45283309430079
3540705,Porto Ferreira (SP),2021,100.0,94.04657104347557
3540705,Porto Ferreira (SP),2022,93.333,93.67546912152103
3540705,Porto Ferreira (SP),2023,85.0,89.39530978717889
3540705,Porto Ferreira (SP),2024,75.0,79.1693663373514
3540804,Potirendaba (SP),2001,100.0,95.06118697162438
3540804,Potirendaba (SP),2002,75.0,86.82760312612847
3540804,Potirendaba (SP),2003,75.0,82.73318891098882
3540804,Potirendaba (SP),2004,80.0,78.78015494140479
3540804,Potirendaba (SP),2005,110.445,89.1713326890572
3540804,Potirendaba (SP),2006,100.0,101.87749489083043
3540804,Potirendaba (SP),2007,100.0,103.06513457635418
3540804,Potirendaba (SP),2008,90.0,87.16069700025217
3540804,Potirendaba (SP),2009,90.0,89.66993776619962
3540804,Potirendaba (SP),2010,90.0,89.90819497173965
3540804,Potirendaba (SP),2011,90.0,89.48046456898228
3540804,Potirendaba (SP),2012,85.0,85.7658888255072
3540804,Potirendaba (SP),2013,85.0,85.04153423734176
3540804,Potirendaba (SP),2014,79.0,74.59633827913758
3540804,Potirendaba (SP),2015,80.0,82.08302725520745
3540804,Potirendaba (SP),2016,80.0,84.00638307076137
3540804,Potirendaba (SP),2017,100.0,81.41658529474297
3540804,Potirendaba (SP),2018,90.0,89.17264082644903
3540804,Potirendaba (SP),2019,83.333,84.4227915311806
3540804,Potirendaba (SP),2020,80.0,81.20561667917353
3540804,Potirendaba (SP),2021,80.0,75.8927423249112
3540804,Potirendaba (SP),2022,80.0,82.17488913088744
3540804,Potirendaba (SP),2023,80.0,81.58820687757431
3540804,Potirendaba (SP),2024,80.0,78.0816058550061
3540853,Pracinha (SP),2001,80.0,69.25908092548961
3540853,Pracinha (SP),2002,89.642,80.6785204627109
3540853,Pracinha (SP),2003,86.514,86.58842491282795
3540853,Pracinha (SP),2004,75.0,77.72649192692943
3540853,Pracinha (SP),2005,74.529,78.76606133704676
3540853,Pracinha (SP),2006,70.0,74.19498412272668
3540853,Pracinha (SP),2007,70.0,72.48134166450485
3540853,Pracinha (SP),2008,70.0,71.3431124098158
3540853,Pracinha (SP),2009,70.0,73.24303627244579
3540853,Pracinha (SP),2010,70.0,72.25821664959835
3540853,Pracinha (SP),2011,70.0,71.61027977935414
3540853,Pracinha (SP),2012,60.0,68.14179679242902
3540853,Pracinha (SP),2013,70.0,67.98445375125424
3540853,Pracinha (SP),2014,70.0,71.31726785005266
3540853,Pracinha (SP),2015,70.0,70.98947841282502
3540853,Pracinha (SP),2016,70.0,70.4624199185269
3540853,Pracinha (SP),2017,70.0,70.78022211253459
3540853,Pracinha (SP),2018,70.0,70.8629642209716
3540853,Pracinha (SP),2019,70.0,71.09891872110362
3540853,Pracinha (SP),2020,70.0,70.57843383027092
3540853,Pracinha (SP),2021,65.0,67.62317396552055
3540853,Pracinha (SP),2022,65.0,68.095624625624
3540853,Pracinha (SP),2023,70.0,70.67114768186703
3540853,Pracinha (SP),2024,70.0,69.30043448174739
3540903,Pradópolis (SP),2001,70.0,71.75294528603717
3540903,Pradópolis (SP),2002,70.0,72.8847888549963
3540903,Pradópolis (SP),2003,70.0,69.7346562939675
3540903,Pradópolis (SP),2004,70.0,75.33959429243164
3540903,Pradópolis (SP),2005,69.537,71.4751942041834
3540903,Pradópolis (SP),2006,70.0,71.13839940109125
3540903,Pradópolis (SP),2007,70.0,73.493547189428
3540903,Pradópolis (SP),2008,85.0,76.6212578593125
3540903,Pradópolis (SP),2009,85.0,84.81431400497604
3540903,Pradópolis (SP),2010,85.0,86.52059091441795
3540903,Pradópolis (SP),2011,79.0,82.60912921031917
3540903,Pradópolis (SP),2012,73.0,74.74625205786293
3540903,Pradópolis (SP),2013,79.0,76.24281499128804
3540903,Pradópolis (SP),2014,55.0,66.40763292350705
3540903,Pradópolis (SP),2015,75.0,80.07014407470307
3540903,Pradópolis (SP),2016,85.0,78.30182154394574
3540903,Pradópolis (SP),2017,85.0,84.40253299182046
3540903,Pradópolis (SP),2018,85.0,84.95326396142809
3540903,Pradópolis (SP),2019,85.0,84.58261123856214
3540903,Pradópolis (SP),2020,85.0,86.45416614538894
3540903,Pradópolis (SP),2021,85.0,80.73813030032463
3540903,Pradópolis (SP),2022,85.0,85.7466502775362
3540903,Pradópolis (SP),2023,82.0,84.53851437973597
3540903,Pradópolis (SP),2024,82.0,79.18498232228761
3541059,Pratânia (SP),2001,80.0,77.1570763191572
3541059,Pratânia (SP),2002,77.597,78.76661551878787
3541059,Pratânia (SP),2003,80.003,82.36745223408714
3541059,Pratânia (SP),2004,80.0,81.72901555529982
3541059,Pratânia (SP),2005,79.481,77.40751643462849
3541059,Pratânia (SP),2006,80.0,80.24378380286083
3541059,Pratânia (SP),2007,80.0,83.09650869774279
3541059,Pratânia (SP),2008,80.0,83.45386229105108
3541059,Pratânia (SP),2009,70.0,78.26587792830253
3541059,Pratânia (SP),2010,83.333,75.54959182746069
3541059,Pratânia (SP),2011,80.0,80.29339794131978
3541059,Pratânia (SP),2012,80.0,78.61037447763998
3541059,Pratânia (SP),2013,80.0,80.69216896810875
3541059,Pratânia (SP),2014,70.0,73.73460732672633
3541059,Pratânia (SP),2015,70.0,71.53655111042806
3541059,Pratânia (SP),2016,70.0,69.84514652297474
3541059,Pratânia (SP),2017,85.0,77.95234392509592
3541059,Pratânia (SP),2018,84.639,82.70977086015833
3541059,Pratânia (SP),2019,85.119,84.13587210454818
3541059,Pratânia (SP),2020,85.119,83.87593310373938
3541059,Pratânia (SP),2021,70.0,75.85802916634749
3541059,Pratânia (SP),2022,80.0,78.01056328569776
3541059,Pratânia (SP),2023,83.206,80.52213487050729
3541059,Pratânia (SP),2024,87.242,80.81489421373068
3541109,Presidente Alves (SP),2001,78.0,78.58401608377028
3541109,Presidente Alves (SP),2002,72.0,74.55529023347212
3541109,Presidente Alves (SP),2003,72.552,73.47594184057311
3541109,Presidente Alves (SP),2004,72.644,77.01641846023317
3541109,Presidente Alves (SP),2005,81.405,76.73567990191592
3541109,Presidente Alves (SP),2006,80.0,82.34625256379509
3541109,Presidente Alves (SP),2007,81.405,80.82555736989703
3541109,Presidente Alves (SP),2008,81.405,80.87675791849932
3541109,Presidente Alves (SP),2009,81.405,85.18260745739957
3541109,Presidente Alves (SP),2010,81.404,80.52635921941567
3541109,Presidente Alves (SP),2011,75.0,77.73862922026119
3541109,Presidente Alves (SP),2012,75.0,74.94303135024023
3541109,Presidente Alves (SP),2013,75.0,75.91452018248565
3541109,Presidente Alves (SP),2014,69.282,68.61213183439354
3541109,Presidente Alves (SP),2015,69.282,71.23983659514106
3541109,Presidente Alves (SP),2016,80.0,74.5281552176418
3541109,Presidente Alves (SP),2017,76.246,82.24011842047491
3541109,Presidente Alves (SP),2018,80.0,79.71653273316238
3541109,Presidente Alves (SP),2019,80.0,80.71226711664558
3541109,Presidente Alves (SP),2020,72.0,74.7478424336687
3541109,Presidente Alves (SP),2021,72.0,69.57433860976529
3541109,Presidente Alves (SP),2022,72.0,77.1790793142765
3541109,Presidente Alves (SP),2023,72.0,73.46681247616108
3541109,Presidente Alves (SP),2024,70.0,71.03897547021197
3541208,Presidente Bernardes (SP),2001,55.0,73.43447576521788
3541208,Presidente Bernardes (SP),2002,70.0,61.89921422019406
3541208,Presidente Bernardes (SP),2003,35.0,62.704205473574596
3541208,Presidente Bernardes (SP),2004,80.0,74.5985671966926
3541208,Presidente Bernardes (SP),2005,59.597,83.96811871389268
3541208,Presidente Bernardes (SP),2006,100.0,84.11333079742724
3541208,Presidente Bernardes (SP),2008,70.0,80.55518947337151
3541208,Presidente Bernardes (SP),2009,86.956,75.0859771349999
3541208,Presidente Bernardes (SP),2010,88.0,85.72342877423456
3541208,Presidente Bernardes (SP),2011,70.0,75.99399267155067
3541208,Presidente Bernardes (SP),2012,70.6,70.65538139880609
3541208,Presidente Bernardes (SP),2013,70.0,72.34474274634422
3541208,Presidente Bernardes (SP),2014,77.0,74.00468732157326
3541208,Presidente Bernardes (SP),2015,54.0,73.37891350059479
3541208,Presidente Bernardes (SP),2016,75.0,73.59402754370628
3541208,Presidente Bernardes (SP),2017,75.0,76.61520436117961
3541208,Presidente Bernardes (SP),2018,75.0,74.50651428082293
3541208,Presidente Bernardes (SP),2019,75.0,74.73859876401433
3541208,Presidente Bernardes (SP),2020,75.0,71.83692557228339
3541208,Presidente Bernardes (SP),2021,75.556,71.82795186799311
3541208,Presidente Bernardes (SP),2022,75.0,76.67426184512476
3541208,Presidente Bernardes (SP),2023,74.533,76.47528064402651
3541208,Presidente Bernardes (SP),2024,77.0,74.31353922273725
3541307,Presidente Epitácio (SP),2007,70.0,71.16674669140184
3541307,Presidente Epitácio (SP),2008,70.0,71.21722118982188
3541307,Presidente Epitácio (SP),2010,60.0,67.2925456348923
3541307,Presidente Epitácio (SP),2011,66.0,68.07915132577145
3541307,Presidente Epitácio (SP),2012,70.0,67.06358323773374
3541307,Presidente Epitácio (SP),2013,70.0,71.30405107701175
3541307,Presidente Epitácio (SP),2014,65.0,67.46223005742746
3541307,Presidente Epitácio (SP),2015,68.136,68.30260415966454
3541307,Presidente Epitácio (SP),2016,71.865,73.26360428836874
3541307,Presidente Epitácio (SP),2017,70.0,71.29556766305804
3541307,Presidente Epitácio (SP),2018,69.63,70.98278808818486
3541307,Presidente Epitácio (SP),2019,83.554,75.14155947513711
3541307,Presidente Epitácio (SP),2020,70.498,74.99407584469498
3541307,Presidente Epitácio (SP),2021,70.498,69.46532606696245
3541307,Presidente Epitácio (SP),2022,70.332,71.11941073941797
3541307,Presidente Epitácio (SP),2023,70.335,72.03412526788578
3541307,Presidente Epitácio (SP),2024,70.444,72.94568755240596
3541406,Presidente Prudente (SP),2001,70.0,73.14859821146786
3541406,Presidente Prudente (SP),2002,70.0,74.01551942175428
3541406,Presidente Prudente (SP),2003,88.0,67.64089508357546
3541406,Presidente Prudente (SP),2004,80.0,78.54681989566478
3541406,Presidente Prudente (SP),2005,79.469,79.96463618137122
3541406,Presidente Prudente (SP),2006,80.0,80.4785451675351
3541406,Presidente Prudente (SP),2007,80.0,80.72947423674208
3541406,Presidente Prudente (SP),2008,90.0,84.17814680897516
3541406,Presidente Prudente (SP),2009,60.0,88.56644556100846
3541406,Presidente Prudente (SP),2010,80.0,76.12069226281031
3541406,Presidente Prudente (SP),2011,70.0,76.08612127874746
3541406,Presidente Prudente (SP),2012,71.6,70.80986662821267
3541406,Presidente Prudente (SP),2013,66.0,75.41452646461391
3541406,Presidente Prudente (SP),2014,62.3,69.86858860122346
3541406,Presidente Prudente (SP),2015,64.761,67.93500286110756
3541406,Presidente Prudente (SP),2016,71.698,75.45823529195688
3541406,Presidente Prudente (SP),2017,79.8,75.59474388933575
3541406,Presidente Prudente (SP),2018,79.8,81.6659444607003
3541406,Presidente Prudente (SP),2019,79.8,79.31734938128162
3541406,Presidente Prudente (SP),2020,80.0,79.08749866289243
3541406,Presidente Prudente (SP),2021,79.699,78.45428926208514
3541406,Presidente Prudente (SP),2022,79.711,80.21201232921351
3541406,Presidente Prudente (SP),2023,79.715,81.20971517467389
3541406,Presidente Prudente (SP),2024,79.715,78.96539990192201
3541505,Presidente Venceslau (SP),2004,70.0,69.42406465483518
3541505,Presidente Venceslau (SP),2005,79.463,82.7040340407703
3541505,Presidente Venceslau (SP),2006,63.0,72.57240462745293
3541505,Presidente Venceslau (SP),2007,63.0,66.43125608507172
3541505,Presidente Venceslau (SP),2008,72.0,70.68732165146095
3541505,Presidente Venceslau (SP),2009,72.0,73.92583487814106
3541505,Presidente Venceslau (SP),2010,72.0,73.65063909425584
3541505,Presidente Venceslau (SP),2011,64.0,72.06313902820523
3541505,Presidente Venceslau (SP),2012,70.0,67.64734695159008
3541505,Presidente Venceslau (SP),2013,70.0,71.47864063739632
3541505,Presidente Venceslau (SP),2014,70.0,66.76725057211709
3541505,Presidente Venceslau (SP),2015,60.932,70.2980489450389
3541505,Presidente Venceslau (SP),2016,57.345,68.71365878131873
3541505,Presidente Venceslau (SP),2017,60.0,63.52752928217621
3541505,Presidente Venceslau (SP),2018,70.0,67.20451425011741
3541505,Presidente Venceslau (SP),2019,72.907,73.60295099866684
3541505,Presidente Venceslau (SP),2020,70.0,69.85900179477468
3541505,Presidente Venceslau (SP),2021,70.0,68.83014988271448
3541505,Presidente Venceslau (SP),2022,66.667,71.20769643295041
3541505,Presidente Venceslau (SP),2023,70.0,70.77425212856883
3541505,Presidente Venceslau (SP),2024,70.0,74.51133892258436
3541604,Promissão (SP),2001,70.0,71.65642067368871
3541604,Promissão (SP),2002,76.111,73.95172925044625
3541604,Promissão (SP),2003,79.765,78.61523173957856
3541604,Promissão (SP),2004,80.0,79.58582134970365
3541604,Promissão (SP),2005,80.0,79.3714950860098
3541604,Promissão (SP),2006,75.0,80.16269179559905
3541604,Promissão (SP),2007,75.0,76.63045212316837
3541604,Promissão (SP),2008,80.0,78.07572093096773
3541604,Promissão (SP),2010,80.0,81.25450942479475
3541604,Promissão (SP),2011,80.0,80.38864241284216
3541604,Promissão (SP),2012,80.0,81.57637139470255
3541604,Promissão (SP),2013,80.0,80.7292938715399
3541604,Promissão (SP),2014,65.43,68.46632569307778
3541604,Promissão (SP),2015,59.58,60.93531945054374
3541604,Promissão (SP),2016,83.36,72.43474639453929
3541604,Promissão (SP),2017,67.55,74.99358214632592
3541604,Promissão (SP),2018,66.09,67.44179244617742
3541604,Promissão (SP),2019,65.0,69.46795102460237
3541604,Promissão (SP),2020,65.0,69.45426733026744
3541604,Promissão (SP),2021,70.0,69.41306274626766
3541604,Promissão (SP),2022,75.0,76.06993135062113
3541604,Promissão (SP),2023,80.0,80.81229462271614
3541604,Promissão (SP),2024,80.0,79.30195018444016
3541653,Quadra (SP),2001,80.0,74.03508173936693
3541653,Quadra (SP),2002,80.0,80.0451155616278
3541653,Quadra (SP),2003,81.0,78.08775601982707
3541653,Quadra (SP),2004,81.0,82.09012168541832
3541653,Quadra (SP),2005,79.463,77.69665913443502
3541653,Quadra (SP),2006,145.0,96.31460327043544
3541653,Quadra (SP),2007,100.0,91.55788585894659
3541653,Quadra (SP),2008,100.0,96.84739711270959
3541653,Quadra (SP),2009,100.0,89.7005417689394
3541653,Quadra (SP),2010,90.0,93.4843158677797
3541653,Quadra (SP),2011,90.0,85.17668346166346
3541653,Quadra (SP),2013,100.0,92.76984362984219
3541653,Quadra (SP),2014,100.0,92.12285549052008
3541653,Quadra (SP),2015,100.0,97.06957581620514
3541653,Quadra (SP),2016,90.0,93.87644344723141
3541653,Quadra (SP),2017,90.0,88.38148367283097
3541653,Quadra (SP),2018,90.0,88.90267743687255
3541653,Quadra (SP),2019,84.066,86.51674370231157
3541653,Quadra (SP),2020,90.0,87.30654595108648
3541653,Quadra (SP),2021,90.0,86.48586014995614
3541653,Quadra (SP),2022,90.0,87.60987111389846
3541653,Quadra (SP),2023,90.0,87.67266468964863
3541653,Quadra (SP),2024,90.0,88.8934585371415
3541703,Quatá (SP),2001,65.0,65.68907557460516
3541703,Quatá (SP),2002,70.0,69.24174489184698
3541703,Quatá (SP),2003,76.429,72.29965450159477
3541703,Quatá (SP),2004,73.66,77.44508865361732
3541703,Quatá (SP),2005,83.359,79.26303920907708
3541703,Quatá (SP),2006,70.0,76.59447509075875
3541703,Quatá (SP),2007,70.0,72.13168235143989
3541703,Quatá (SP),2008,70.0,71.92702217161843
3541703,Quatá (SP),2009,70.0,72.52821021036134
3541703,Quatá (SP),2010,70.0,76.16440963207133
3541703,Quatá (SP),2011,67.5,73.03226995188575
3541703,Quatá (SP),2012,76.976,73.05077014259514
3541703,Quatá (SP),2013,81.537,76.84160845139748
3541703,Quatá (SP),2014,75.021,77.13670762218014
3541703,Quatá (SP),2015,72.17,75.86794721221025
3541703,Quatá (SP),2016,83.104,79.20974981757718
3541703,Quatá (SP),2017,74.185,78.24138765116817
3541703,Quatá (SP),2018,62.498,71.23121221233215
3541703,Quatá (SP),2019,62.498,66.75045088486323
3541703,Quatá (SP),2020,73.356,71.68389671170458
3541703,Quatá (SP),2021,67.983,69.0613828140724
3541703,Quatá (SP),2022,70.647,70.89602667853079
3541703,Quatá (SP),2023,69.815,73.97460401442923
3541703,Quatá (SP),2024,69.815,68.41718952794146
3541802,Queiroz (SP),2005,102.167,86.6121126387487
3541802,Queiroz (SP),2006,102.0,98.31536766276994
3541802,Queiroz (SP),2007,102.0,97.16561587247998
3541802,Queiroz (SP),2008,102.0,93.94583795215493
3541802,Queiroz (SP),2009,102.0,100.75806701000779
3541802,Queiroz (SP),2010,80.0,90.2549762262282
3541802,Queiroz (SP),2011,120.0,88.88626531662435
3541802,Queiroz (SP),2012,20.819,75.12004542421471
3541802,Queiroz (SP),2013,104.0,89.56656280808083
3541802,Queiroz (SP),2014,80.76,77.40031904515972
3541802,Queiroz (SP),2015,75.0,77.20860025446044
3541802,Queiroz (SP),2016,78.0,78.82485991325461
3541802,Queiroz (SP),2017,75.0,77.74465913813951
3541802,Queiroz (SP),2018,79.0,76.17290254967554
3541802,Queiroz (SP),2019,75.0,78.48787626428525
3541802,Queiroz (SP),2020,75.0,72.73713598072067
3541802,Queiroz (SP),2021,56.55,67.45961791187983
3541802,Queiroz (SP),2022,70.0,69.75429787432263
3541802,Queiroz (SP),2023,78.7,75.04519956374233
3541802,Queiroz (SP),2024,55.0,66.98403081588546
3541901,Queluz (SP),2003,50.0,51.35639965258351
3541901,Queluz (SP),2004,50.0,49.7019487284782
3541901,Queluz (SP),2005,54.455,56.351527313034154
3541901,Queluz (SP),2006,80.0,65.28246234717736
3541901,Queluz (SP),2007,13.0,61.3931241466589
3541901,Queluz (SP),2008,54.455,55.848290481393626
3541901,Queluz (SP),2009,55.0,58.0117331948052
3541901,Queluz (SP),2010,55.0,59.78069835621322
3541901,Queluz (SP),2011,61.0,62.493538976384706
3541901,Queluz (SP),2012,61.0,60.76787040458148
3541901,Queluz (SP),2013,61.0,62.362205590728706
3541901,Queluz (SP),2014,61.0,60.558872204864585
3541901,Queluz (SP),2015,61.0,58.88650480956542
3541901,Queluz (SP),2016,61.0,61.404157694630456
3541901,Queluz (SP),2017,61.0,61.62411260332843
3541901,Queluz (SP),2018,61.0,61.89552107637494
3541901,Queluz (SP),2019,61.0,62.65776775326876
3541901,Queluz (SP),2020,61.0,60.95193855952249
3541901,Queluz (SP),2021,61.0,60.51620267149514
3541901,Queluz (SP),2022,65.0,62.371933143523165
3541901,Queluz (SP),2023,70.632,71.08284411399714
3541901,Queluz (SP),2024,67.1,67.34816586786106
3542008,Quintana (SP),2005,99.271,86.74339006657932
3542008,Quintana (SP),2006,100.0,96.19141124059426
3542008,Quintana (SP),2007,100.0,97.49903548032559
3542008,Quintana (SP),2008,100.0,93.60194459041114
3542008,Quintana (SP),2009,100.0,99.163506988315
3542008,Quintana (SP),2010,80.0,88.0904917681205
3542008,Quintana (SP),2011,90.0,88.09654894861386
3542008,Quintana (SP),2012,80.0,83.52019068770007
3542008,Quintana (SP),2013,90.0,81.90289062025099
3542008,Quintana (SP),2014,90.0,87.0202409756083
3542008,Quintana (SP),2015,70.5,81.96847550016251
3542008,Quintana (SP),2016,79.0,75.4696519771955
3542008,Quintana (SP),2017,87.0,82.63941841159368
3542008,Quintana (SP),2018,65.8,76.69493813070994
3542008,Quintana (SP),2019,75.0,71.50919251371171
3542008,Quintana (SP),2020,70.0,73.74885450531795
3542008,Quintana (SP),2021,70.0,68.26532921464809
3542008,Quintana (SP),2022,70.0,71.55551349596527
3542008,Quintana (SP),2023,80.0,75.14971201244772
3542008,Quintana (SP),2024,55.0,72.13203219180123
3542107,Rafard (SP),2001,68.0,73.96105606493076
3542107,Rafard (SP),2002,68.0,76.94563179051467
3542107,Rafard (SP),2003,70.0,71.02466509941124
3542107,Rafard (SP),2004,70.0,70.72413513109227
3542107,Rafard (SP),2005,67.546,72.78548543924641
3542107,Rafard (SP),2006,67.578,69.86372310339274
3542107,Rafard (SP),2007,68.0,72.22663219576765
3542107,Rafard (SP),2008,68.0,70.15126162160101
3542107,Rafard (SP),2009,67.861,70.29570479384647
3542107,Rafard (SP),2010,75.0,74.20161841607629
3542107,Rafard (SP),2011,75.0,76.8145300551136
3542107,Rafard (SP),2012,75.0,77.02669403745278
3542107,Rafard (SP),2013,85.411,82.99182293782616
3542107,Rafard (SP),2014,85.411,77.57907763641916
3542107,Rafard (SP),2015,70.0,78.22886569140773
3542107,Rafard (SP),2016,70.0,69.82671762809902
3542107,Rafard (SP),2017,70.0,70.39270692991757
3542107,Rafard (SP),2018,70.0,71.2509605970117
3542107,Rafard (SP),2019,70.0,71.13462876905075
3542107,Rafard (SP),2020,70.0,70.17865483125387
3542107,Rafard (SP),2021,63.0,68.5853136231995
3542107,Rafard (SP),2022,68.0,69.37680694741533
3542107,Rafard (SP),2023,68.116,69.35758489496962
3542107,Rafard (SP),2024,69.0,69.35166600674566
3542206,Rancharia (SP),2001,60.0,66.54366941410026
3542206,Rancharia (SP),2002,60.0,65.32798712659242
3542206,Rancharia (SP),2003,81.066,76.98205705128844
3542206,Rancharia (SP),2004,81.066,81.7296613457075
3542206,Rancharia (SP),2005,80.467,80.75383877470097
3542206,Rancharia (SP),2006,80.0,80.21933327501787
3542206,Rancharia (SP),2007,80.0,82.03032200338723
3542206,Rancharia (SP),2008,82.272,82.87753901286398
3542206,Rancharia (SP),2009,80.0,83.67323272754643
3542206,Rancharia (SP),2010,85.0,81.28157669049455
3542206,Rancharia (SP),2011,76.0,77.71067207985747
3542206,Rancharia (SP),2012,85.0,80.76946143311756
3542206,Rancharia (SP),2013,84.636,83.97728782236308
3542206,Rancharia (SP),2014,76.5,77.087456641095
3542206,Rancharia (SP),2015,80.001,78.05922926267478
3542206,Rancharia (SP),2016,77.268,79.67782364154806
3542206,Rancharia (SP),2017,69.272,79.38281695534953
3542206,Rancharia (SP),2018,58.044,70.55433426987742
3542206,Rancharia (SP),2019,58.044,62.80213006322843
3542206,Rancharia (SP),2020,73.382,71.58166588063246
3542206,Rancharia (SP),2021,72.321,69.27930123630296
3542206,Rancharia (SP),2022,70.58,73.06119297521118
3542206,Rancharia (SP),2023,71.584,74.29369915909095
3542206,Rancharia (SP),2024,72.442,67.57895764279732
3542305,Redenção da Serra (SP),2010,70.0,52.53309326542931
3542305,Redenção da Serra (SP),2011,70.0,63.56008389195172
3542305,Redenção da Serra (SP),2013,45.0,60.492814042182914
3542305,Redenção da Serra (SP),2016,60.0,45.67071869553158
3542305,Redenção da Serra (SP),2017,67.5,60.93564553440514
3542305,Redenção da Serra (SP),2019,70.0,52.124390236659465
3542305,Redenção da Serra (SP),2020,70.0,70.35700954938386
3542305,Redenção da Serra (SP),2021,70.0,70.99638381510825
3542305,Redenção da Serra (SP),2022,70.0,69.67324816778739
3542305,Redenção da Serra (SP),2023,70.0,69.14688209964274
3542305,Redenção da Serra (SP),2024,70.0,70.38697933807595
3542404,Regente Feijó (SP),2001,65.0,69.32819564101447
3542404,Regente Feijó (SP),2002,65.0,64.56093605478794
3542404,Regente Feijó (SP),2003,65.0,73.08726228011781
3542404,Regente Feijó (SP),2004,65.0,66.65856820838086
3542404,Regente Feijó (SP),2005,64.564,65.9593201749281
3542404,Regente Feijó (SP),2006,65.0,77.74155522099755
3542404,Regente Feijó (SP),2007,65.0,67.49736673147414
3542404,Regente Feijó (SP),2008,70.0,69.0651940578424
3542404,Regente Feijó (SP),2009,65.0,73.17103945408363
3542404,Regente Feijó (SP),2010,65.0,73.90146798312426
3542404,Regente Feijó (SP),2011,70.0,69.38773567444481
3542404,Regente Feijó (SP),2012,71.0,70.41198485508593
3542404,Regente Feijó (SP),2013,80.0,73.77877065569814
3542404,Regente Feijó (SP),2014,77.0,79.78418710905318
3542404,Regente Feijó (SP),2015,90.0,77.40146948749657
3542404,Regente Feijó (SP),2016,80.0,80.15211310008686
3542404,Regente Feijó (SP),2017,90.0,83.27314317562818
3542404,Regente Feijó (SP),2018,80.8,85.51771131792468
3542404,Regente Feijó (SP),2019,80.8,79.46289952259863
3542404,Regente Feijó (SP),2020,83.6,80.82122686303799
3542404,Regente Feijó (SP),2021,80.745,80.70590535027475
3542404,Regente Feijó (SP),2022,81.956,80.96934503198598
3542404,Regente Feijó (SP),2023,80.641,82.64978781937525
3542404,Regente Feijó (SP),2024,81.355,80.09547205955849
3542503,Reginópolis (SP),2001,80.0,74.84800888645871
3542503,Reginópolis (SP),2002,65.0,72.91001786542823
3542503,Reginópolis (SP),2003,77.0,75.48389825313957
3542503,Reginópolis (SP),2004,80.0,82.57375041564768
3542503,Reginópolis (SP),2005,79.455,80.43624617888825
3542503,Reginópolis (SP),2006,80.0,80.92614215929544
3542503,Reginópolis (SP),2007,80.0,78.34365920912411
3542503,Reginópolis (SP),2008,80.0,80.48880453565401
3542503,Reginópolis (SP),2009,80.0,86.546060985932
3542503,Reginópolis (SP),2010,80.0,79.96591567984146
3542503,Reginópolis (SP),2011,76.3,77.86915693277643
3542503,Reginópolis (SP),2012,76.3,75.90231211508988
3542503,Reginópolis (SP),2013,70.0,74.9897065464309
3542503,Reginópolis (SP),2014,77.778,73.36324715248138
3542503,Reginópolis (SP),2015,70.0,77.7076109001749
3542503,Reginópolis (SP),2016,83.333,78.9393351466957
3542503,Reginópolis (SP),2017,80.0,80.17347382953156
3542503,Reginópolis (SP),2018,80.0,81.04323479636543
3542503,Reginópolis (SP),2019,80.0,79.22180960378547
3542503,Reginópolis (SP),2020,75.0,75.70599170289562
3542503,Reginópolis (SP),2021,65.0,71.22939415727869
3542503,Reginópolis (SP),2022,67.0,70.0307180786841
3542503,Reginópolis (SP),2023,80.0,76.8336223522952
3542503,Reginópolis (SP),2024,70.0,74.9548162940181
3542602,Registro (SP),2012,43.0,51.09170107130367
3542602,Registro (SP),2013,43.0,41.533117609432274
3542602,Registro (SP),2014,43.0,43.66163582885172
3542602,Registro (SP),2015,34.286,38.92891008553947
3542602,Registro (SP),2016,35.0,36.402492084207445
3542602,Registro (SP),2017,35.0,37.0222770346043
3542602,Registro (SP),2018,35.0,36.8551894650766
3542602,Registro (SP),2019,90.0,36.5477684891775
3542602,Registro (SP),2020,90.0,88.90628095325368
3542602,Registro (SP),2021,53.308,85.83131697427885
3542602,Registro (SP),2022,59.462,53.01081865234766
3542602,Registro (SP),2023,67.615,56.53989426219613
3542602,Registro (SP),2024,72.385,69.91317829903063
3542701,Restinga (SP),2001,80.0,81.65699632585319
3542701,Restinga (SP),2002,80.0,79.96692701671488
3542701,Restinga (SP),2003,80.0,79.42268837436302
3542701,Restinga (SP),2004,76.666,80.22209502586317
3542701,Restinga (SP),2005,79.47,79.71920403316723
3542701,Restinga (SP),2006,80.0,79.82589063079064
3542701,Restinga (SP),2007,80.0,79.82905734517975
3542701,Restinga (SP),2008,80.0,79.84784130166813
3542701,Restinga (SP),2009,80.0,80.28103005713595
3542701,Restinga (SP),2010,80.0,80.0784415069833
3542701,Restinga (SP),2011,80.0,78.6319532052939
3542701,Restinga (SP),2012,80.0,78.33937253758481
3542701,Restinga (SP),2013,80.0,80.31300291460062
3542701,Restinga (SP),2014,75.0,74.10235571651381
3542701,Restinga (SP),2015,80.0,77.73729195469696
3542701,Restinga (SP),2016,80.0,80.57018310159799
3542701,Restinga (SP),2017,80.0,81.15620357438114
3542701,Restinga (SP),2018,80.0,80.00500827887319
3542701,Restinga (SP),2019,80.0,79.08293199556229
3542701,Restinga (SP),2020,80.0,80.38965845320637
3542701,Restinga (SP),2021,80.0,74.99855191716694
3542701,Restinga (SP),2022,80.0,80.08015566922874
3542701,Restinga (SP),2023,80.0,80.31774730134663
3542701,Restinga (SP),2024,78.0,78.85411699762301
3542800,Ribeira (SP),2003,70.0,72.01635436978299
3542800,Ribeira (SP),2004,70.0,66.89903548248768
3542800,Ribeira (SP),2005,50.0,62.296392853490076
3542800,Ribeira (SP),2006,75.0,59.71597473945499
3542800,Ribeira (SP),2007,75.0,75.63518260658532
3542800,Ribeira (SP),2008,75.0,69.0700173743884
3542800,Ribeira (SP),2009,75.0,71.44063948171274
3542800,Ribeira (SP),2010,75.0,54.935946337787236
3542800,Ribeira (SP),2011,75.0,67.6600600735792
3542800,Ribeira (SP),2014,60.0,74.24501473100217
3542800,Ribeira (SP),2015,60.0,55.924700190559435
3542800,Ribeira (SP),2016,75.0,57.649419388833394
3542800,Ribeira (SP),2017,75.0,73.61779449859567
3542800,Ribeira (SP),2018,75.0,75.24768662474308
3542800,Ribeira (SP),2019,75.0,75.20080543821564
3542800,Ribeira (SP),2020,75.0,74.03930816011237
3542800,Ribeira (SP),2021,75.0,74.15348208650019
3542800,Ribeira (SP),2022,75.0,71.3171551491396
3542800,Ribeira (SP),2023,75.0,74.48951981742974
3542800,Ribeira (SP),2024,75.0,72.70571622181627
3542909,Ribeirão Bonito (SP),2001,70.0,67.8847368615193
3542909,Ribeirão Bonito (SP),2002,80.24,73.38715368154121
3542909,Ribeirão Bonito (SP),2003,76.038,78.2328068145628
3542909,Ribeirão Bonito (SP),2004,76.038,77.84128591436485
3542909,Ribeirão Bonito (SP),2005,78.076,78.9786692249348
3542909,Ribeirão Bonito (SP),2006,70.0,78.71707580960565
3542909,Ribeirão Bonito (SP),2007,70.0,72.6018837608245
3542909,Ribeirão Bonito (SP),2008,70.0,73.74211528818438
3542909,Ribeirão Bonito (SP),2009,82.0,72.67907634569349
3542909,Ribeirão Bonito (SP),2010,82.0,83.11265673548567
3542909,Ribeirão Bonito (SP),2011,88.055,82.19340003966434
3542909,Ribeirão Bonito (SP),2012,80.0,79.8399199234826
3542909,Ribeirão Bonito (SP),2013,79.0,80.86849569700001
3542909,Ribeirão Bonito (SP),2014,52.0,69.55752126053356
3542909,Ribeirão Bonito (SP),2015,83.269,75.88957510516168
3542909,Ribeirão Bonito (SP),2016,68.0,78.35510035062494
3542909,Ribeirão Bonito (SP),2017,73.5,73.09762533439238
3542909,Ribeirão Bonito (SP),2018,72.0,74.01809742588176
3542909,Ribeirão Bonito (SP),2019,72.0,73.63738810816587
3542909,Ribeirão Bonito (SP),2020,78.0,77.44248823258874
3542909,Ribeirão Bonito (SP),2021,74.5,75.95545234329556
3542909,Ribeirão Bonito (SP),2022,70.0,74.23917682249093
3542909,Ribeirão Bonito (SP),2023,75.0,75.35297133769501
3542909,Ribeirão Bonito (SP),2024,75.0,73.11401049683124
3543105,Ribeirão Corrente (SP),2001,110.0,105.26896810691613
3543105,Ribeirão Corrente (SP),2002,110.0,105.72647976760781
3543105,Ribeirão Corrente (SP),2003,140.0,112.03015650038637
3543105,Ribeirão Corrente (SP),2004,100.0,91.58141166739553
3543105,Ribeirão Corrente (SP),2005,118.679,105.71165853248175
3543105,Ribeirão Corrente (SP),2006,100.0,99.90499231173
3543105,Ribeirão Corrente (SP),2007,100.0,96.74587655179147
3543105,Ribeirão Corrente (SP),2008,100.0,103.38313343104909
3543105,Ribeirão Corrente (SP),2009,100.0,96.94667954254537
3543105,Ribeirão Corrente (SP),2010,100.0,99.3497308130278
3543105,Ribeirão Corrente (SP),2011,90.0,95.22692197227863
3543105,Ribeirão Corrente (SP),2012,75.0,82.89052019660753
3543105,Ribeirão Corrente (SP),2013,75.0,76.09385414517352
3543105,Ribeirão Corrente (SP),2014,65.0,69.33837786333476
3543105,Ribeirão Corrente (SP),2015,70.0,69.28647790886612
3543105,Ribeirão Corrente (SP),2016,75.0,75.63760814242445
3543105,Ribeirão Corrente (SP),2017,75.0,76.71101184281147
3543105,Ribeirão Corrente (SP),2018,75.0,76.14035017456497
3543105,Ribeirão Corrente (SP),2019,73.333,75.41870234808454
3543105,Ribeirão Corrente (SP),2020,80.0,80.32985074323419
3543105,Ribeirão Corrente (SP),2021,90.0,78.20643647703922
3543105,Ribeirão Corrente (SP),2022,70.0,81.24988203111121
3543105,Ribeirão Corrente (SP),2023,76.0,76.25335975395306
3543105,Ribeirão Corrente (SP),2024,76.444,77.09389228593636
3543204,Ribeirão do Sul (SP),2001,110.0,80.88352003329922
3543204,Ribeirão do Sul (SP),2002,72.727,81.25421415008601
3543204,Ribeirão do Sul (SP),2003,72.7,76.0125096793265
3543204,Ribeirão do Sul (SP),2004,72.705,76.11806966098264
3543204,Ribeirão do Sul (SP),2005,84.43,79.64973666668111
3543204,Ribeirão do Sul (SP),2006,85.0,82.52760878378618
3543204,Ribeirão do Sul (SP),2007,85.0,84.32728350735403
3543204,Ribeirão do Sul (SP),2008,90.0,87.63103569232459
3543204,Ribeirão do Sul (SP),2009,90.0,91.42580939364707
3543204,Ribeirão do Sul (SP),2010,90.0,87.93403829777712
3543204,Ribeirão do Sul (SP),2011,90.0,84.83103041390886
3543204,Ribeirão do Sul (SP),2012,80.0,82.80418495084079
3543204,Ribeirão do Sul (SP),2013,83.636,83.08852023115372
3543204,Ribeirão do Sul (SP),2014,80.0,78.7243586024303
3543204,Ribeirão do Sul (SP),2015,84.0,79.16414785159412
3543204,Ribeirão do Sul (SP),2016,85.0,81.76654005684487
3543204,Ribeirão do Sul (SP),2017,75.0,78.30539709438212
3543204,Ribeirão do Sul (SP),2018,80.0,78.11239213758738
3543204,Ribeirão do Sul (SP),2019,85.0,82.24837500305256
3543204,Ribeirão do Sul (SP),2020,78.9,82.36822871582541
3543204,Ribeirão do Sul (SP),2021,83.333,76.80124812270479
3543204,Ribeirão do Sul (SP),2022,82.778,83.66459513740762
3543204,Ribeirão do Sul (SP),2023,85.0,84.89780772966844
3543204,Ribeirão do Sul (SP),2024,80.0,78.98038831070318
3543238,Ribeirão dos Índios (SP),2005,98.9,82.97150165054286
3543238,Ribeirão dos Índios (SP),2006,100.0,91.14638866331632
3543238,Ribeirão dos Índios (SP),2007,90.0,91.92748156984675
3543238,Ribeirão dos Índios (SP),2008,100.0,92.09283652537265
3543238,Ribeirão dos Índios (SP),2009,65.0,98.43509721368608
3543238,Ribeirão dos Índios (SP),2010,80.0,77.22762292441465
3543238,Ribeirão dos Índios (SP),2011,70.0,76.49857975724181
3543238,Ribeirão dos Índios (SP),2012,70.0,68.16415442869278
3543238,Ribeirão dos Índios (SP),2013,70.0,70.9553591018935
3543238,Ribeirão dos Índios (SP),2014,70.0,65.8158847869358
3543238,Ribeirão dos Índios (SP),2015,70.0,71.30889726978911
3543238,Ribeirão dos Índios (SP),2016,70.0,73.05584647067822
3543238,Ribeirão dos Índios (SP),2017,70.0,70.4315088146819
3543238,Ribeirão dos Índios (SP),2018,49.0,70.68009245485516
3543238,Ribeirão dos Índios (SP),2019,73.615,67.63122685217114
3543238,Ribeirão dos Índios (SP),2020,70.0,70.23613734754136
3543238,Ribeirão dos Índios (SP),2021,70.0,68.82460473987119
3543238,Ribeirão dos Índios (SP),2022,68.966,70.71258378405543
3543238,Ribeirão dos Índios (SP),2023,70.0,72.02355269138657
3543238,Ribeirão dos Índios (SP),2024,70.0,74.538195339251
3543253,Ribeirão Grande (SP),2020,60.0,58.58961307647905
3543253,Ribeirão Grande (SP),2021,60.0,60.384882239357864
3543253,Ribeirão Grande (SP),2022,60.0,59.98928631439395
3543253,Ribeirão Grande (SP),2023,60.0,60.05141172490008
3543253,Ribeirão Grande (SP),2024,60.0,58.527477126096116
3543402,Ribeirão Preto (SP),2001,70.0,72.44655154354612
3543402,Ribeirão Preto (SP),2002,73.333,75.93803834379328
3543402,Ribeirão Preto (SP),2003,70.0,74.08790892316277
3543402,Ribeirão Preto (SP),2004,70.0,75.38156966577196
3543402,Ribeirão Preto (SP),2005,72.438,73.41984227463772
3543402,Ribeirão Preto (SP),2006,70.0,73.32067190396357
3543402,Ribeirão Preto (SP),2007,70.0,71.69723459100378
3543402,Ribeirão Preto (SP),2008,85.0,78.11001111668762
3543402,Ribeirão Preto (SP),2009,85.0,85.18155196394237
3543402,Ribeirão Preto (SP),2010,85.026,82.36880085654536
3543402,Ribeirão Preto (SP),2011,75.0,84.07185963203177
3543402,Ribeirão Preto (SP),2012,74.992,76.04321923855329
3543402,Ribeirão Preto (SP),2013,74.992,75.75773681830756
3543402,Ribeirão Preto (SP),2014,74.1,73.89182900643942
3543402,Ribeirão Preto (SP),2015,75.0,76.2356753041738
3543402,Ribeirão Preto (SP),2016,78.081,77.89266203565869
3543402,Ribeirão Preto (SP),2017,75.0,78.13014979559594
3543402,Ribeirão Preto (SP),2018,75.0,76.22244643067896
3543402,Ribeirão Preto (SP),2019,75.0,75.92691001535765
3543402,Ribeirão Preto (SP),2020,84.997,76.39793681295532
3543402,Ribeirão Preto (SP),2021,84.997,84.18254150365973
3543402,Ribeirão Preto (SP),2022,78.332,81.84586919339046
3543402,Ribeirão Preto (SP),2023,79.443,80.21816930992664
3543402,Ribeirão Preto (SP),2024,80.924,80.64417419831007
3543501,Riversul (SP),2008,100.0,92.60651529070375
3543501,Riversul (SP),2009,100.0,95.1008550279247
3543501,Riversul (SP),2010,100.0,97.3372899523901
3543501,Riversul (SP),2011,100.0,92.0839474460543
3543501,Riversul (SP),2012,100.0,91.96847746978024
3543501,Riversul (SP),2013,70.0,78.23575641619496
3543501,Riversul (SP),2014,70.0,71.1240058749588
3543501,Riversul (SP),2015,70.0,71.53166472479626
3543501,Riversul (SP),2016,70.0,69.46672044137524
3543501,Riversul (SP),2017,70.0,72.2616669650071
3543501,Riversul (SP),2018,70.0,71.55931111725043
3543501,Riversul (SP),2019,70.0,70.82057526371774
3543501,Riversul (SP),2020,70.0,67.7903611273865
3543501,Riversul (SP),2021,70.0,68.45828695016516
3543501,Riversul (SP),2022,70.0,69.73206694378085
3543501,Riversul (SP),2023,80.0,74.76680839510753
3543501,Riversul (SP),2024,70.0,74.42266954853504
3543600,Rifaina (SP),2002,80.0,71.15572924360826
3543600,Rifaina (SP),2003,80.0,79.45623884332902
3543600,Rifaina (SP),2004,80.0,80.20984475703808
3543600,Rifaina (SP),2005,79.614,78.60995451442739
3543600,Rifaina (SP),2006,80.0,81.00220778411362
3543600,Rifaina (SP),2007,80.0,78.74119199708039
3543600,Rifaina (SP),2008,80.0,80.18191828849773
3543600,Rifaina (SP),2009,85.0,81.51439114402598
3543600,Rifaina (SP),2010,85.0,84.7168324305195
3543600,Rifaina (SP),2011,90.0,86.28935445054161
3543600,Rifaina (SP),2012,90.0,86.20633163606765
3543600,Rifaina (SP),2013,70.0,82.86445814559782
3543600,Rifaina (SP),2014,70.0,72.39275376088888
3543600,Rifaina (SP),2015,70.0,72.4697584692901
3543600,Rifaina (SP),2016,80.0,76.46853364956475
3543600,Rifaina (SP),2017,80.0,80.50666485683169
3543600,Rifaina (SP),2018,75.0,78.99518874600585
3543600,Rifaina (SP),2019,75.0,75.79870065611617
3543600,Rifaina (SP),2020,90.0,82.41309892302402
3543600,Rifaina (SP),2021,70.0,77.82918938126461
3543600,Rifaina (SP),2022,70.0,69.39813105109982
3543600,Rifaina (SP),2023,75.0,73.3366137260913
3543600,Rifaina (SP),2024,75.0,76.59735066155952
3543709,Rincão (SP),2001,60.0,64.04933651844613
3543709,Rincão (SP),2002,71.6,74.262090217941
3543709,Rincão (SP),2003,70.0,69.74705819147664
3543709,Rincão (SP),2004,84.45,75.74667864035037
3543709,Rincão (SP),2005,86.704,85.66641716134257
3543709,Rincão (SP),2006,53.571,83.05816196196767
3543709,Rincão (SP),2007,82.0,78.8513678730012
3543709,Rincão (SP),2008,80.0,83.0729938460802
3543709,Rincão (SP),2009,80.0,81.2761502965396
3543709,Rincão (SP),2010,80.0,84.03767371954646
3543709,Rincão (SP),2011,80.0,78.65639446572706
3543709,Rincão (SP),2012,70.0,74.51104288934971
3543709,Rincão (SP),2013,75.0,73.45952914393304
3543709,Rincão (SP),2014,75.0,73.63048435788359
3543709,Rincão (SP),2015,75.0,74.56612835039908
3543709,Rincão (SP),2016,75.0,77.98625547171797
3543709,Rincão (SP),2017,75.0,75.16858863021288
3543709,Rincão (SP),2018,75.0,74.74283620996269
3543709,Rincão (SP),2019,75.0,74.96436366957539
3543709,Rincão (SP),2020,75.0,75.46445918152718
3543709,Rincão (SP),2021,76.0,73.13662836180251
3543709,Rincão (SP),2022,75.0,76.44049865426939
3543709,Rincão (SP),2023,80.0,76.20997404594422
3543709,Rincão (SP),2024,75.0,77.64982440834734
3543808,Rinópolis (SP),2001,80.0,81.17101634630936
3543808,Rinópolis (SP),2002,80.0,83.63938497507581
3543808,Rinópolis (SP),2003,71.111,77.71566754349973
3543808,Rinópolis (SP),2004,80.0,79.61613944883479
3543808,Rinópolis (SP),2005,79.463,85.37004553093045
3543808,Rinópolis (SP),2006,80.0,83.80777101769932
3543808,Rinópolis (SP),2007,80.0,83.10301621569567
3543808,Rinópolis (SP),2008,80.0,81.85495277633085
3543808,Rinópolis (SP),2009,80.645,89.33115483631589
3543808,Rinópolis (SP),2010,80.0,82.56758363715056
3543808,Rinópolis (SP),2011,80.0,79.53942502202372
3543808,Rinópolis (SP),2012,80.0,77.67412901731932
3543808,Rinópolis (SP),2013,80.0,78.47694749964562
3543808,Rinópolis (SP),2014,80.0,70.87136421030357
3543808,Rinópolis (SP),2015,75.0,77.53615116206737
3543808,Rinópolis (SP),2017,70.0,72.16169031279325
3543808,Rinópolis (SP),2018,47.5,63.369492490029444
3543808,Rinópolis (SP),2019,72.5,67.29889640023866
3543808,Rinópolis (SP),2020,55.0,66.96640692143735
3543808,Rinópolis (SP),2021,60.0,62.26431303006716
3543808,Rinópolis (SP),2022,65.0,67.5987050924593
3543808,Rinópolis (SP),2023,75.0,73.7856601076012
3543808,Rinópolis (SP),2024,50.0,65.35664610256408
3543907,Rio Claro (SP),2001,68.91,78.88181508392672
3543907,Rio Claro (SP),2002,79.53,74.013698558866
3543907,Rio Claro (SP),2003,86.823,82.27536862268744
3543907,Rio Claro (SP),2004,79.815,83.18979350855257
3543907,Rio Claro (SP),2005,82.495,82.2162308928127
3543907,Rio Claro (SP),2006,85.0,84.16395313613273
3543907,Rio Claro (SP),2007,65.177,76.77992961971869
3543907,Rio Claro (SP),2008,90.0,76.3442706629689
3543907,Rio Claro (SP),2009,75.0,86.62424476653545
3543907,Rio Claro (SP),2010,75.0,75.53940871397076
3543907,Rio Claro (SP),2011,75.0,77.87015020638007
3543907,Rio Claro (SP),2012,75.0,76.9712648868343
3543907,Rio Claro (SP),2013,75.0,77.77347180939928
3543907,Rio Claro (SP),2014,53.5,65.59686024224237
3543907,Rio Claro (SP),2015,53.5,60.76706916713252
3543907,Rio Claro (SP),2016,75.0,69.42529822146032
3543907,Rio Claro (SP),2017,75.0,75.91575811467685
3543907,Rio Claro (SP),2018,72.0,74.7905872345741
3543907,Rio Claro (SP),2019,75.0,75.18930822713446
3543907,Rio Claro (SP),2020,75.0,76.7169134977187
3543907,Rio Claro (SP),2021,70.0,73.31329142095485
3543907,Rio Claro (SP),2022,70.0,73.60356780333413
3543907,Rio Claro (SP),2023,73.333,73.6978160772618
3543907,Rio Claro (SP),2024,72.778,71.74891397477816
3544004,Rio das Pedras (SP),2001,80.0,72.08907589158885
3544004,Rio das Pedras (SP),2002,80.0,78.83621450951922
3544004,Rio das Pedras (SP),2003,80.0,79.73862988829238
3544004,Rio das Pedras (SP),2004,85.0,81.60075868577192
3544004,Rio das Pedras (SP),2005,87.282,84.99264185568578
3544004,Rio das Pedras (SP),2006,80.0,85.55062619945737
3544004,Rio das Pedras (SP),2007,80.0,78.79070688008068
3544004,Rio das Pedras (SP),2008,80.0,82.23286279320519
3544004,Rio das Pedras (SP),2009,90.0,82.24834324050549
3544004,Rio das Pedras (SP),2010,90.0,92.65762169539408
3544004,Rio das Pedras (SP),2011,75.0,83.51671477918366
3544004,Rio das Pedras (SP),2012,80.0,77.25383919937937
3544004,Rio das Pedras (SP),2013,80.0,79.37818799330738
3544004,Rio das Pedras (SP),2014,56.0,63.33459426703848
3544004,Rio das Pedras (SP),2015,68.4,72.48222043349635
3544004,Rio das Pedras (SP),2016,65.0,68.10484618595362
3544004,Rio das Pedras (SP),2017,65.055,66.08779855590025
3544004,Rio das Pedras (SP),2018,67.0,67.53816950361963
3544004,Rio das Pedras (SP),2019,66.0,70.31479835166232
3544004,Rio das Pedras (SP),2020,66.0,66.94298904253169
3544004,Rio das Pedras (SP),2021,60.621,61.73544787577226
3544004,Rio das Pedras (SP),2022,67.0,67.58304706861864
3544004,Rio das Pedras (SP),2023,66.333,67.91311681403005
3544004,Rio das Pedras (SP),2024,66.027,66.2318829885606
3544202,Riolândia (SP),2001,95.0,91.98253901078067
3544202,Riolândia (SP),2002,90.0,92.61801271368913
3544202,Riolândia (SP),2003,90.0,89.53702817394324
3544202,Riolândia (SP),2004,90.0,88.44551250418098
3544202,Riolândia (SP),2005,89.413,88.68975450263478
3544202,Riolândia (SP),2006,95.0,87.79042725932536
3544202,Riolândia (SP),2007,120.0,91.66611355156266
3544202,Riolândia (SP),2008,90.0,94.84682996386294
3544202,Riolândia (SP),2009,90.0,89.32188475424374
3544202,Riolândia (SP),2010,80.054,87.76028927543365
3544202,Riolândia (SP),2011,79.604,79.68633040040697
3544202,Riolândia (SP),2012,80.0,79.53208059860975
3544202,Riolândia (SP),2013,81.603,80.9131105144792
3544202,Riolândia (SP),2014,70.0,76.38734885581297
3544202,Riolândia (SP),2015,80.0,74.3585886181364
3544202,Riolândia (SP),2016,90.0,84.70497717329731
3544202,Riolândia (SP),2017,90.0,88.94875052450814
3544202,Riolândia (SP),2018,92.0,88.72290772053813
3544202,Riolândia (SP),2019,92.0,84.41153807691963
3544202,Riolândia (SP),2020,92.0,89.72270459972344
3544202,Riolândia (SP),2021,88.0,81.1042642469475
3544202,Riolândia (SP),2022,86.0,87.47233009213865
3544202,Riolândia (SP),2023,86.0,85.77007670252215
3544202,Riolândia (SP),2024,86.0,82.19754440421589
3544251,Rosana (SP),2002,39.029,68.4930291016136
3544251,Rosana (SP),2005,79.594,68.94346984206805
3544251,Rosana (SP),2006,60.0,68.2931189192613
3544251,Rosana (SP),2007,80.0,66.5087262145689
3544251,Rosana (SP),2008,70.0,77.2108997084501
3544251,Rosana (SP),2010,80.0,74.89705687188933
3544251,Rosana (SP),2011,74.0,77.38226525833707
3544251,Rosana (SP),2012,65.0,67.84306321918444
3544251,Rosana (SP),2013,74.0,71.65441869176166
3544251,Rosana (SP),2014,65.0,72.1122204374205
3544251,Rosana (SP),2015,54.05,61.814492605031866
3544251,Rosana (SP),2016,61.513,60.43365312757832
3544251,Rosana (SP),2017,61.513,64.15563503271024
3544251,Rosana (SP),2018,70.314,67.58328029831236
3544251,Rosana (SP),2019,73.989,72.71353642303107
3544251,Rosana (SP),2020,64.447,64.88955929337695
3544251,Rosana (SP),2021,65.425,65.2015097281468
3544251,Rosana (SP),2022,67.114,67.11845318599207
3544400,Rubiácea (SP),2001,80.0,80.26251398606396
3544400,Rubiácea (SP),2002,82.884,81.51864738430272
3544400,Rubiácea (SP),2003,84.0,84.49494802698513
3544400,Rubiácea (SP),2004,84.0,79.7607774191616
3544400,Rubiácea (SP),2005,56.814,75.00851992032969
3544400,Rubiácea (SP),2006,120.0,85.97031414736648
3544400,Rubiácea (SP),2007,100.0,96.05325684900149
3544400,Rubiácea (SP),2008,100.0,85.76728457509614
3544400,Rubiácea (SP),2009,100.0,99.20878790721412
3544400,Rubiácea (SP),2010,100.0,95.78680949841826
3544400,Rubiácea (SP),2011,80.0,81.50643279697198
3544400,Rubiácea (SP),2012,90.0,81.55573998350589
3544400,Rubiácea (SP),2013,74.29,88.39469482865583
3544400,Rubiácea (SP),2014,73.0,68.32140030627785
3544400,Rubiácea (SP),2015,71.0,74.54890005820991
3544400,Rubiácea (SP),2016,79.639,80.35993902920184
3544400,Rubiácea (SP),2017,90.0,76.18732337798896
3544400,Rubiácea (SP),2018,82.0,82.1448724666456
3544400,Rubiácea (SP),2019,77.0,75.17152272512647
3544400,Rubiácea (SP),2020,85.0,81.39633867144627
3544400,Rubiácea (SP),2021,80.0,77.45761489076204
3544400,Rubiácea (SP),2022,75.0,78.02090821276084
3544400,Rubiácea (SP),2023,74.95,81.29079067796263
3544400,Rubiácea (SP),2024,70.0,66.7510400946137
3544509,Rubinéia (SP),2010,120.0,111.68399335377204
3544509,Rubinéia (SP),2011,120.0,113.25846595684509
3544509,Rubinéia (SP),2012,100.0,89.32890733412424
3544509,Rubinéia (SP),2013,100.0,98.70779052482521
3544509,Rubinéia (SP),2014,80.0,86.9169539388414
3544509,Rubinéia (SP),2015,80.0,84.0733009739102
3544509,Rubinéia (SP),2016,80.0,78.92586962789163
3544509,Rubinéia (SP),2017,80.0,80.6525808057044
3544509,Rubinéia (SP),2018,80.0,78.2439467937253
3544509,Rubinéia (SP),2019,80.0,80.1500872921018
3544509,Rubinéia (SP),2020,80.0,77.8812029463592
3544509,Rubinéia (SP),2021,80.0,72.92110709375348
3544509,Rubinéia (SP),2022,80.0,79.71872355572907
3544509,Rubinéia (SP),2023,80.0,82.41850618809349
3544509,Rubinéia (SP),2024,72.0,76.20158452752791
3544608,Sabino (SP),2001,40.0,71.57356786538462
3544608,Sabino (SP),2002,51.085,64.17980459722222
3544608,Sabino (SP),2003,52.0,65.15498356628385
3544608,Sabino (SP),2004,98.07,81.89048192472401
3544608,Sabino (SP),2005,75.982,86.77428777969384
3544608,Sabino (SP),2006,14.0,77.31018762087763
3544608,Sabino (SP),2007,140.0,96.60998156121659
3544608,Sabino (SP),2008,76.48,86.84288407244833
3544608,Sabino (SP),2009,120.0,89.37012267568949
3544608,Sabino (SP),2010,110.0,105.08855080956177
3544608,Sabino (SP),2011,120.0,105.13816085012917
3544608,Sabino (SP),2013,90.0,95.08056164124068
3544608,Sabino (SP),2014,70.0,72.64214916711066
3544608,Sabino (SP),2015,76.0,77.64173799664177
3544608,Sabino (SP),2016,80.0,82.9290631005519
3544608,Sabino (SP),2017,74.0,76.77771093735544
3544608,Sabino (SP),2018,80.0,76.6371796349538
3544608,Sabino (SP),2019,64.004,73.42066901271761
3544608,Sabino (SP),2020,77.111,75.7015053028356
3544608,Sabino (SP),2021,80.0,77.02941851989675
3544608,Sabino (SP),2022,80.0,82.3715882991251
3544608,Sabino (SP),2023,78.704,84.18170950605919
3544608,Sabino (SP),2024,78.605,74.45668021950274
3544707,Sagres (SP),2001,75.0,77.25260344820515
3544707,Sagres (SP),2002,70.297,72.62197737750922
3544707,Sagres (SP),2003,74.386,65.96375301038803
3544707,Sagres (SP),2004,75.0,74.91867777448812
3544707,Sagres (SP),2005,79.474,79.14768013348355
3544707,Sagres (SP),2006,75.0,80.37085445642597
3544707,Sagres (SP),2007,75.0,75.73261886315544
3544707,Sagres (SP),2008,75.0,73.32844825830344
3544707,Sagres (SP),2009,70.0,75.44294548802
3544707,Sagres (SP),2010,76.0,72.784986462932
3544707,Sagres (SP),2011,75.0,76.448491619523
3544707,Sagres (SP),2012,78.0,75.03247230673036
3544707,Sagres (SP),2013,70.0,75.1798025281759
3544707,Sagres (SP),2014,65.0,70.24143051846761
3544707,Sagres (SP),2015,69.0,68.49869522321065
3544707,Sagres (SP),2016,80.0,74.49389969827797
3544707,Sagres (SP),2017,85.0,82.40790681683012
3544707,Sagres (SP),2018,70.0,76.29480205457278
3544707,Sagres (SP),2019,70.0,71.59258415036233
3544707,Sagres (SP),2020,70.0,71.05681861398735
3544707,Sagres (SP),2021,65.0,68.67001711668492
3544707,Sagres (SP),2022,71.111,67.66302139230524
3544707,Sagres (SP),2023,70.37,75.2311985209916
3544707,Sagres (SP),2024,70.494,70.00918488147414
3544806,Sales (SP),2001,75.0,75.51564726605515
3544806,Sales (SP),2002,75.0,76.5340837753379
3544806,Sales (SP),2003,75.0,76.30789030625117
3544806,Sales (SP),2004,75.0,75.79171888120803
3544806,Sales (SP),2005,79.463,78.69059671291024
3544806,Sales (SP),2006,70.0,73.24079191251036
3544806,Sales (SP),2007,80.0,76.78204301987883
3544806,Sales (SP),2008,70.0,78.71330334867946
3544806,Sales (SP),2009,80.0,77.87748075807292
3544806,Sales (SP),2010,80.0,79.69578954576018
3544806,Sales (SP),2011,80.0,80.5549819288542
3544806,Sales (SP),2012,80.0,84.12854225319944
3544806,Sales (SP),2013,80.0,80.47534795754459
3544806,Sales (SP),2014,75.0,73.34387143950492
3544806,Sales (SP),2015,80.0,79.29212248209535
3544806,Sales (SP),2016,85.0,86.4970047631122
3544806,Sales (SP),2017,85.0,84.24229093290394
3544806,Sales (SP),2018,85.0,79.16174308998848
3544806,Sales (SP),2019,80.0,81.45936584192195
3544806,Sales (SP),2020,80.0,79.73320528449872
3544806,Sales (SP),2021,85.0,78.19274032281605
3544806,Sales (SP),2022,100.0,90.90645636989373
3544806,Sales (SP),2023,100.0,101.03406671668604
3544806,Sales (SP),2024,100.0,84.08364734167226
3544905,Sales Oliveira (SP),2001,80.0,83.85118971885593
3544905,Sales Oliveira (SP),2002,83.333,82.93669200568101
3544905,Sales Oliveira (SP),2003,70.0,80.93944427252178
3544905,Sales Oliveira (SP),2004,75.6,74.04058095793152
3544905,Sales Oliveira (SP),2005,86.251,81.93118274128368
3544905,Sales Oliveira (SP),2006,84.0,84.67492700644429
3544905,Sales Oliveira (SP),2007,84.0,84.821749243031
3544905,Sales Oliveira (SP),2008,90.001,84.92125123457681
3544905,Sales Oliveira (SP),2009,90.0,89.0196541362243
3544905,Sales Oliveira (SP),2010,90.001,90.97638329893017
3544905,Sales Oliveira (SP),2011,90.0,83.07810119108504
3544905,Sales Oliveira (SP),2012,90.0,86.87376165719051
3544905,Sales Oliveira (SP),2013,90.0,88.17321733766477
3544905,Sales Oliveira (SP),2014,90.0,86.23037502281858
3544905,Sales Oliveira (SP),2015,80.0,85.54180199025909
3544905,Sales Oliveira (SP),2016,90.0,81.14711717973694
3544905,Sales Oliveira (SP),2017,90.0,89.08706064810269
3544905,Sales Oliveira (SP),2018,90.0,89.01441652544429
3544905,Sales Oliveira (SP),2019,90.0,89.37283190543317
3544905,Sales Oliveira (SP),2020,90.0,89.42011296029133
3544905,Sales Oliveira (SP),2021,64.0,74.55589142880079
3544905,Sales Oliveira (SP),2022,66.987,69.11966965637224
3544905,Sales Oliveira (SP),2023,42.0,66.73982250394957
3544905,Sales Oliveira (SP),2024,80.0,84.06070402344223
3545100,Salmourão (SP),2001,80.0,79.67159032918408
3545100,Salmourão (SP),2002,87.0,83.85889485142167
3545100,Salmourão (SP),2003,79.942,84.21728256828612
3545100,Salmourão (SP),2004,80.0,83.66600315924774
3545100,Salmourão (SP),2005,84.941,83.60901851174822
3545100,Salmourão (SP),2006,80.0,81.38823146821365
3545100,Salmourão (SP),2007,80.0,83.03678946698666
3545100,Salmourão (SP),2008,90.0,82.34469996121251
3545100,Salmourão (SP),2009,100.0,100.60964811035376
3545100,Salmourão (SP),2010,120.0,101.09572939938866
3545100,Salmourão (SP),2011,120.0,92.42111127645272
3545100,Salmourão (SP),2012,76.0,74.69666316659729
3545100,Salmourão (SP),2013,75.0,76.84985307257472
3545100,Salmourão (SP),2014,70.0,68.11562869264151
3545100,Salmourão (SP),2015,75.0,74.54602815127316
3545100,Salmourão (SP),2016,87.0,80.8850114279513
3545100,Salmourão (SP),2017,88.0,81.95849864295856
3545100,Salmourão (SP),2018,70.0,76.27579966113048
3545100,Salmourão (SP),2019,90.0,75.2749841271225
3545100,Salmourão (SP),2020,75.0,82.12075430062511
3545100,Salmourão (SP),2021,67.0,72.4606955119114
3545100,Salmourão (SP),2022,81.2,73.3649080258636
3545100,Salmourão (SP),2023,80.148,83.57148376412525
3545100,Salmourão (SP),2024,81.864,78.30987806153455
3545159,Saltinho (SP),2001,70.0,73.52218194660817
3545159,Saltinho (SP),2002,70.0,76.30177456714205
3545159,Saltinho (SP),2003,70.0,71.39594314642635
3545159,Saltinho (SP),2004,70.0,70.85946657280279
3545159,Saltinho (SP),2005,69.529,73.00838356819958
3545159,Saltinho (SP),2006,70.0,69.71983785959287
3545159,Saltinho (SP),2007,70.0,72.97396015009646
3545159,Saltinho (SP),2008,80.0,70.17707867080402
3545159,Saltinho (SP),2009,80.0,81.21107069502975
3545159,Saltinho (SP),2010,80.0,80.74601921892305
3545159,Saltinho (SP),2011,75.0,79.00356465435114
3545159,Saltinho (SP),2012,80.0,77.71953930432136
3545159,Saltinho (SP),2013,80.0,80.52495095663829
3545159,Saltinho (SP),2014,55.992,67.67390185074642
3545159,Saltinho (SP),2015,70.779,68.57423931464575
3545159,Saltinho (SP),2016,65.0,70.17751611380174
3545159,Saltinho (SP),2017,65.0,65.64166786303849
3545159,Saltinho (SP),2018,67.0,67.1500431459683
3545159,Saltinho (SP),2019,65.0,68.94702795493417
3545159,Saltinho (SP),2020,65.667,66.30009144555984
3545159,Saltinho (SP),2021,60.472,61.541561214808844
3545159,Saltinho (SP),2022,65.0,66.05538973026124
3545159,Saltinho (SP),2023,65.296,67.76208687457857
3545159,Saltinho (SP),2024,65.367,65.54058039344041
3545209,Salto (SP),2001,70.0,65.82724899481344
3545209,Salto (SP),2002,70.0,73.95592613572869
3545209,Salto (SP),2003,75.0,72.31915014569189
3545209,Salto (SP),2004,75.0,76.65350420364081
3545209,Salto (SP),2005,74.497,73.29904179863247
3545209,Salto (SP),2006,50.0,68.14857812668012
3545209,Salto (SP),2007,70.0,67.55013083068322
3545209,Salto (SP),2008,70.0,70.1614650171338
3545209,Salto (SP),2009,70.0,70.98444555591806
3545209,Salto (SP),2010,80.0,73.93316865471314
3545209,Salto (SP),2011,80.0,79.07795695177913
3545209,Salto (SP),2012,80.0,80.17068424707256
3545209,Salto (SP),2013,80.0,81.967451643169
3545209,Salto (SP),2014,73.0,72.85677561106948
3545209,Salto (SP),2015,74.0,72.67341594110042
3545209,Salto (SP),2016,80.0,78.066737781532
3545209,Salto (SP),2017,79.0,80.73394360477822
3545209,Salto (SP),2018,79.0,78.93191723281592
3545209,Salto (SP),2019,79.0,80.45364607186143
3545209,Salto (SP),2020,79.0,84.04656837504199
3545209,Salto (SP),2021,75.0,76.5103836982323
3545209,Salto (SP),2022,79.0,76.47348007494428
3545209,Salto (SP),2023,83.0,80.35524016678197
3545209,Salto (SP),2024,80.0,81.28806717396097
3545308,Salto de Pirapora (SP),2001,70.0,66.50903937864912
3545308,Salto de Pirapora (SP),2002,70.0,73.72691157968448
3545308,Salto de Pirapora (SP),2003,70.0,70.95932257514316
3545308,Salto de Pirapora (SP),2004,70.0,69.71174822850986
3545308,Salto de Pirapora (SP),2005,69.531,79.56692442290982
3545308,Salto de Pirapora (SP),2006,69.532,73.68324746133449
3545308,Salto de Pirapora (SP),2008,69.531,71.4415256773419
3545407,Salto Grande (SP),2001,80.0,76.90873029829113
3545407,Salto Grande (SP),2002,80.0,78.55750480814932
3545407,Salto Grande (SP),2003,80.0,81.61781956516978
3545407,Salto Grande (SP),2004,80.0,80.5828658285206
3545407,Salto Grande (SP),2005,79.488,81.8845982033799
3545407,Salto Grande (SP),2006,80.0,79.71413822368064
3545407,Salto Grande (SP),2007,80.0,83.68049169400292
3545407,Salto Grande (SP),2008,80.0,80.37098775466919
3545407,Salto Grande (SP),2009,80.0,79.36743294997663
3545407,Salto Grande (SP),2010,80.0,79.52041405378513
3545407,Salto Grande (SP),2011,80.0,79.91674273771704
3545407,Salto Grande (SP),2012,80.0,79.89804524780186
3545407,Salto Grande (SP),2013,66.667,82.56716805292602
3545407,Salto Grande (SP),2014,80.0,75.51383372668181
3545407,Salto Grande (SP),2015,80.0,78.31942015530107
3545407,Salto Grande (SP),2016,70.0,79.1424323093877
3545407,Salto Grande (SP),2017,90.0,72.69586375559909
3545407,Salto Grande (SP),2018,84.0,85.38527445024168
3545407,Salto Grande (SP),2019,80.0,82.91809624665814
3545407,Salto Grande (SP),2020,79.0,78.62648382142855
3545407,Salto Grande (SP),2021,76.667,76.58366200095156
3545407,Salto Grande (SP),2022,78.889,79.2400317001599
3545407,Salto Grande (SP),2023,100.0,89.02352860622881
3545407,Salto Grande (SP),2024,80.0,85.83522208259791
3545506,Sandovalina (SP),2007,80.0,80.71342625553915
3545506,Sandovalina (SP),2008,80.0,82.89602205445715
3545506,Sandovalina (SP),2009,80.0,81.8461718480237
3545506,Sandovalina (SP),2010,80.0,81.06302930199672
3545506,Sandovalina (SP),2011,70.0,77.84654306205631
3545506,Sandovalina (SP),2012,70.623,70.77308405046368
3545506,Sandovalina (SP),2013,70.0,74.12183977622135
3545506,Sandovalina (SP),2014,80.0,75.92110164753669
3545506,Sandovalina (SP),2015,79.166,79.33181095672285
3545506,Sandovalina (SP),2016,79.628,79.11461875798021
3545506,Sandovalina (SP),2017,79.628,77.5149065787263
3545506,Sandovalina (SP),2018,80.0,80.25964350148465
3545506,Sandovalina (SP),2019,80.119,79.37273387326623
3545506,Sandovalina (SP),2020,79.605,79.20522193877224
3545506,Sandovalina (SP),2021,79.76,79.3770045912763
3545506,Sandovalina (SP),2022,79.793,79.65013213397597
3545506,Sandovalina (SP),2023,78.392,80.79276669867839
3545506,Sandovalina (SP),2024,79.841,78.8373001793288
3545605,Santa Adélia (SP),2001,75.0,73.90191099703911
3545605,Santa Adélia (SP),2002,85.0,82.20141544353022
3545605,Santa Adélia (SP),2003,85.0,85.23335682500323
3545605,Santa Adélia (SP),2004,85.0,86.07323591050063
3545605,Santa Adélia (SP),2005,87.397,85.30908714375795
3545605,Santa Adélia (SP),2006,63.0,77.99676660110521
3545605,Santa Adélia (SP),2007,90.0,83.02678002884939
3545605,Santa Adélia (SP),2008,90.0,88.75540570026865
3545605,Santa Adélia (SP),2009,84.069,87.96328711053306
3545605,Santa Adélia (SP),2010,90.0,85.9678014476102
3545605,Santa Adélia (SP),2011,90.0,84.96062244247315
3545605,Santa Adélia (SP),2012,90.0,85.20456611584184
3545605,Santa Adélia (SP),2013,90.0,90.11476653721087
3545605,Santa Adélia (SP),2014,72.0,74.12796986548666
3545605,Santa Adélia (SP),2015,90.0,80.68967909024535
3545605,Santa Adélia (SP),2016,90.0,90.92632951052299
3545605,Santa Adélia (SP),2017,90.0,88.4632925048845
3545605,Santa Adélia (SP),2018,80.0,86.03563531542562
3545605,Santa Adélia (SP),2019,75.0,76.86935051626836
3545605,Santa Adélia (SP),2020,75.0,75.75215529815473
3545605,Santa Adélia (SP),2021,85.0,75.3926446455742
3545605,Santa Adélia (SP),2022,85.0,86.93570916986162
3545605,Santa Adélia (SP),2023,85.0,86.99052227865722
3545605,Santa Adélia (SP),2024,80.0,75.4621576636419
3545704,Santa Albertina (SP),2008,90.0,92.9398754490687
3545704,Santa Albertina (SP),2009,134.508,103.82466704871898
3545704,Santa Albertina (SP),2010,130.0,122.51696892467331
3545704,Santa Albertina (SP),2011,110.0,107.47588534917857
3545704,Santa Albertina (SP),2012,95.0,86.1692149104923
3545704,Santa Albertina (SP),2013,70.925,86.60828508337468
3545704,Santa Albertina (SP),2014,89.931,69.65069439007982
3545704,Santa Albertina (SP),2015,84.0,90.4310245702102
3545704,Santa Albertina (SP),2016,110.0,90.22296254235997
3545704,Santa Albertina (SP),2017,78.291,94.06669375146143
3545704,Santa Albertina (SP),2018,84.0,76.02812380893891
3545704,Santa Albertina (SP),2019,70.0,77.30621998086549
3545704,Santa Albertina (SP),2020,85.0,80.24856888054866
3545704,Santa Albertina (SP),2021,80.0,77.52343950702078
3545704,Santa Albertina (SP),2022,85.0,80.72930977179358
3545704,Santa Albertina (SP),2023,85.0,84.46973611626044
3545704,Santa Albertina (SP),2024,80.0,79.61132198830778
3545803,Santa Bárbara d'Oeste (SP),2001,75.0,77.46858491556291
3545803,Santa Bárbara d'Oeste (SP),2002,76.171,76.5517560777882
3545803,Santa Bárbara d'Oeste (SP),2003,75.0,77.03611782001316
3545803,Santa Bárbara d'Oeste (SP),2004,75.0,77.99840381739973
3545803,Santa Bárbara d'Oeste (SP),2005,75.666,75.8516239234965
3545803,Santa Bárbara d'Oeste (SP),2006,75.0,76.50795316920731
3545803,Santa Bárbara d'Oeste (SP),2007,75.0,75.94574228433308
3545803,Santa Bárbara d'Oeste (SP),2008,73.891,75.4057236274877
3545803,Santa Bárbara d'Oeste (SP),2009,73.891,76.80672868046379
3545803,Santa Bárbara d'Oeste (SP),2010,75.0,74.61227787850959
3545803,Santa Bárbara d'Oeste (SP),2011,88.235,78.25696894134452
3545803,Santa Bárbara d'Oeste (SP),2012,80.0,81.33680274304128
3545803,Santa Bárbara d'Oeste (SP),2013,79.523,80.10515276634986
3545803,Santa Bárbara d'Oeste (SP),2014,60.0,66.10222369995974
3545803,Santa Bárbara d'Oeste (SP),2015,63.0,71.60734811420659
3545803,Santa Bárbara d'Oeste (SP),2016,64.0,65.7018492408624
3545803,Santa Bárbara d'Oeste (SP),2017,64.0,66.62269349766407
3545803,Santa Bárbara d'Oeste (SP),2018,65.0,67.14299775931615
3545803,Santa Bárbara d'Oeste (SP),2019,80.0,73.66843716916723
3545803,Santa Bárbara d'Oeste (SP),2020,80.0,79.73310285983135
3545803,Santa Bárbara d'Oeste (SP),2021,80.0,78.8992474152771
3545803,Santa Bárbara d'Oeste (SP),2022,80.0,80.56746544308321
3545803,Santa Bárbara d'Oeste (SP),2023,80.0,79.848374775613
3545803,Santa Bárbara d'Oeste (SP),2024,80.0,80.0877760214081
3546009,Santa Branca (SP),2010,60.0,67.66182812923196
3546009,Santa Branca (SP),2011,60.0,67.23859276376405
3546009,Santa Branca (SP),2017,50.0,59.83473357895781
3546009,Santa Branca (SP),2018,50.0,48.15435096080142
3546009,Santa Branca (SP),2019,50.0,49.574849267109514
3546009,Santa Branca (SP),2020,50.0,50.403632327132826
3546009,Santa Branca (SP),2021,50.0,51.31824536667662
3546009,Santa Branca (SP),2022,50.0,51.00341743101506
3546009,Santa Branca (SP),2023,50.0,49.135381248849995
3546108,Santa Clara d'Oeste (SP),2014,70.0,80.83047010032719
3546108,Santa Clara d'Oeste (SP),2015,80.0,72.81790050240457
3546108,Santa Clara d'Oeste (SP),2016,80.0,79.13493475348093
3546108,Santa Clara d'Oeste (SP),2017,70.0,73.28847090887103
3546108,Santa Clara d'Oeste (SP),2018,70.0,70.22349248487777
3546207,Santa Cruz da Conceição (SP),2001,80.0,75.7584401071099
3546207,Santa Cruz da Conceição (SP),2002,89.2,81.76933252814561
3546207,Santa Cruz da Conceição (SP),2003,80.0,87.40878028006391
3546207,Santa Cruz da Conceição (SP),2004,80.0,80.30798163395751
3546207,Santa Cruz da Conceição (SP),2005,79.483,85.62874376625237
3546207,Santa Cruz da Conceição (SP),2006,90.0,85.97849676160314
3546207,Santa Cruz da Conceição (SP),2007,72.58,81.96338124767884
3546207,Santa Cruz da Conceição (SP),2008,55.434,70.41846472566608
3546207,Santa Cruz da Conceição (SP),2009,80.0,71.55367409818975
3546207,Santa Cruz da Conceição (SP),2010,80.0,82.7777812299174
3546207,Santa Cruz da Conceição (SP),2011,80.0,79.92094870168353
3546207,Santa Cruz da Conceição (SP),2012,70.0,74.71390030649717
3546207,Santa Cruz da Conceição (SP),2013,72.0,73.7894407263117
3546207,Santa Cruz da Conceição (SP),2014,66.0,67.98839354554218
3546207,Santa Cruz da Conceição (SP),2015,70.0,72.13965565824813
3546207,Santa Cruz da Conceição (SP),2016,80.0,71.0267435408254
3546207,Santa Cruz da Conceição (SP),2017,80.0,79.70953373235442
3546207,Santa Cruz da Conceição (SP),2018,80.0,80.1092432619893
3546207,Santa Cruz da Conceição (SP),2019,75.0,80.73986496060816
3546207,Santa Cruz da Conceição (SP),2020,75.0,76.70079000309421
3546207,Santa Cruz da Conceição (SP),2021,75.0,75.58570804053585
3546207,Santa Cruz da Conceição (SP),2022,70.0,74.10818874330124
3546207,Santa Cruz da Conceição (SP),2023,75.0,73.49308689702652
3546207,Santa Cruz da Conceição (SP),2024,75.0,73.87258497607695
3546256,Santa Cruz da Esperança (SP),2001,70.0,72.18395215282062
3546256,Santa Cruz da Esperança (SP),2002,70.0,69.60396398799249
3546256,Santa Cruz da Esperança (SP),2003,70.0,71.37771524639933
3546256,Santa Cruz da Esperança (SP),2004,70.0,70.65888242816544
3546256,Santa Cruz da Esperança (SP),2005,69.53,71.01320314047743
3546256,Santa Cruz da Esperança (SP),2006,75.0,71.61855311688352
3546256,Santa Cruz da Esperança (SP),2007,74.88,77.64363878439676
3546256,Santa Cruz da Esperança (SP),2008,75.0,75.26332764588891
3546256,Santa Cruz da Esperança (SP),2009,80.0,77.72331596335344
3546256,Santa Cruz da Esperança (SP),2010,80.0,80.54943960873928
3546256,Santa Cruz da Esperança (SP),2011,56.0,75.10851774744397
3546256,Santa Cruz da Esperança (SP),2012,56.0,59.01964682839259
3546256,Santa Cruz da Esperança (SP),2013,56.0,64.83940449560014
3546256,Santa Cruz da Esperança (SP),2014,62.761,64.88115881400545
3546256,Santa Cruz da Esperança (SP),2015,75.0,75.7738829877083
3546256,Santa Cruz da Esperança (SP),2016,78.0,76.63352262569256
3546256,Santa Cruz da Esperança (SP),2017,80.0,78.18306787483813
3546256,Santa Cruz da Esperança (SP),2018,80.0,81.90695135112094
3546256,Santa Cruz da Esperança (SP),2019,80.0,78.67976597685966
3546256,Santa Cruz da Esperança (SP),2020,80.0,80.17155215259231
3546256,Santa Cruz da Esperança (SP),2021,80.0,77.80302292897382
3546256,Santa Cruz da Esperança (SP),2022,80.0,82.39518632253021
3546256,Santa Cruz da Esperança (SP),2023,80.0,81.08748318425754
3546256,Santa Cruz da Esperança (SP),2024,80.0,80.10034280326983
3546306,Santa Cruz das Palmeiras (SP),2001,85.0,82.89049907204858
3546306,Santa Cruz das Palmeiras (SP),2002,81.818,84.9454469862144
3546306,Santa Cruz das Palmeiras (SP),2003,85.0,81.86483433046921
3546306,Santa Cruz das Palmeiras (SP),2004,85.0,85.24808276724852
3546306,Santa Cruz das Palmeiras (SP),2005,84.214,85.5092602400265
3546306,Santa Cruz das Palmeiras (SP),2006,82.0,82.52646202256267
3546306,Santa Cruz das Palmeiras (SP),2007,82.0,81.52268530575398
3546306,Santa Cruz das Palmeiras (SP),2008,85.0,82.28207161500754
3546306,Santa Cruz das Palmeiras (SP),2009,85.0,84.29396223864042
3546306,Santa Cruz das Palmeiras (SP),2010,85.0,84.85663420791069
3546306,Santa Cruz das Palmeiras (SP),2011,90.0,87.35935173568514
3546306,Santa Cruz das Palmeiras (SP),2012,86.3,81.211652707065
3546306,Santa Cruz das Palmeiras (SP),2013,84.1,84.44716118451825
3546306,Santa Cruz das Palmeiras (SP),2014,75.0,71.77943388842407
3546306,Santa Cruz das Palmeiras (SP),2015,78.0,76.22298171411144
3546306,Santa Cruz das Palmeiras (SP),2016,85.0,80.61584348209259
3546306,Santa Cruz das Palmeiras (SP),2017,80.0,82.25137247582808
3546306,Santa Cruz das Palmeiras (SP),2018,80.0,80.02262361984184
3546306,Santa Cruz das Palmeiras (SP),2019,82.0,80.25510792416817
3546306,Santa Cruz das Palmeiras (SP),2020,82.0,81.10628732842245
3546306,Santa Cruz das Palmeiras (SP),2021,72.0,76.02644955240595
3546306,Santa Cruz das Palmeiras (SP),2022,81.111,76.48748663410773
3546306,Santa Cruz das Palmeiras (SP),2023,82.0,81.47704365645187
3546306,Santa Cruz das Palmeiras (SP),2024,82.0,80.31256607163036
3546405,Santa Cruz do Rio Pardo (SP),2001,90.0,87.47203435962321
3546405,Santa Cruz do Rio Pardo (SP),2002,90.0,84.62357072431665
3546405,Santa Cruz do Rio Pardo (SP),2003,90.0,88.00041727423799
3546405,Santa Cruz do Rio Pardo (SP),2004,90.0,88.36589912024057
3546405,Santa Cruz do Rio Pardo (SP),2005,89.403,89.03118156914032
3546405,Santa Cruz do Rio Pardo (SP),2006,80.0,85.62204915745316
3546405,Santa Cruz do Rio Pardo (SP),2007,90.0,82.56906595214642
3546405,Santa Cruz do Rio Pardo (SP),2008,80.0,87.14039901699161
3546405,Santa Cruz do Rio Pardo (SP),2009,80.0,78.1060131240782
3546405,Santa Cruz do Rio Pardo (SP),2010,80.0,80.20318577777178
3546405,Santa Cruz do Rio Pardo (SP),2011,80.0,80.11774950326132
3546405,Santa Cruz do Rio Pardo (SP),2012,80.0,83.26623818814977
3546405,Santa Cruz do Rio Pardo (SP),2013,83.333,82.44210814204827
3546405,Santa Cruz do Rio Pardo (SP),2014,80.0,80.44707277213055
3546405,Santa Cruz do Rio Pardo (SP),2015,65.0,75.87699090865023
3546405,Santa Cruz do Rio Pardo (SP),2016,65.0,70.09363813247353
3546405,Santa Cruz do Rio Pardo (SP),2017,68.0,76.04549946970796
3546405,Santa Cruz do Rio Pardo (SP),2018,70.0,72.47335227513915
3546405,Santa Cruz do Rio Pardo (SP),2019,70.0,71.1615524413432
3546405,Santa Cruz do Rio Pardo (SP),2020,67.667,67.74658297687628
3546405,Santa Cruz do Rio Pardo (SP),2021,68.556,67.52956039581038
3546405,Santa Cruz do Rio Pardo (SP),2022,68.852,72.88298888076878
3546405,Santa Cruz do Rio Pardo (SP),2023,90.0,76.56292943958874
3546405,Santa Cruz do Rio Pardo (SP),2024,80.0,80.68195546703639
3546504,Santa Ernestina (SP),2001,90.0,82.92713145541937
3546504,Santa Ernestina (SP),2002,90.0,91.41799774485713
3546504,Santa Ernestina (SP),2003,90.0,89.69628741740999
3546504,Santa Ernestina (SP),2004,90.0,89.38926058062539
3546504,Santa Ernestina (SP),2005,89.409,90.41939549658953
3546504,Santa Ernestina (SP),2006,95.0,90.22240925804341
3546504,Santa Ernestina (SP),2007,95.0,94.31390952616485
3546504,Santa Ernestina (SP),2008,95.0,93.68486065316472
3546504,Santa Ernestina (SP),2009,90.0,90.16351974246146
3546504,Santa Ernestina (SP),2010,90.0,92.8383699096793
3546504,Santa Ernestina (SP),2011,90.0,87.21779700519126
3546504,Santa Ernestina (SP),2012,87.143,83.74670929979096
3546504,Santa Ernestina (SP),2013,85.915,85.40117461048666
3546504,Santa Ernestina (SP),2014,60.2,72.68818556206294
3546504,Santa Ernestina (SP),2015,90.0,81.49762617043167
3546504,Santa Ernestina (SP),2016,90.0,90.52072149917156
3546504,Santa Ernestina (SP),2017,90.0,89.26897850491916
3546504,Santa Ernestina (SP),2018,89.0,89.06530184849764
3546504,Santa Ernestina (SP),2019,90.0,89.17332842970991
3546504,Santa Ernestina (SP),2020,87.0,88.62326364030339
3546504,Santa Ernestina (SP),2021,80.0,79.47815101044783
3546504,Santa Ernestina (SP),2022,80.0,80.18111498990649
3546504,Santa Ernestina (SP),2023,90.0,86.18165817536108
3546504,Santa Ernestina (SP),2024,82.0,81.67183198192775
3546603,Santa Fé do Sul (SP),2010,120.0,119.08820886507772
3546603,Santa Fé do Sul (SP),2011,100.0,105.64349234050674
3546603,Santa Fé do Sul (SP),2012,80.0,84.8513318389527
3546603,Santa Fé do Sul (SP),2013,80.0,78.42249397537493
3546603,Santa Fé do Sul (SP),2014,75.0,77.26578274861598
3546603,Santa Fé do Sul (SP),2015,80.0,75.56478385566211
3546603,Santa Fé do Sul (SP),2016,90.0,79.84664141987932
3546603,Santa Fé do Sul (SP),2017,90.0,89.76834057750955
3546603,Santa Fé do Sul (SP),2018,90.0,87.19139365935447
3546603,Santa Fé do Sul (SP),2019,85.543,86.80426860323874
3546603,Santa Fé do Sul (SP),2020,90.0,88.19366580477043
3546603,Santa Fé do Sul (SP),2021,90.0,80.0124767328366
3546603,Santa Fé do Sul (SP),2022,90.0,88.87495331897233
3546603,Santa Fé do Sul (SP),2023,90.0,89.3272543304862
3546603,Santa Fé do Sul (SP),2024,80.0,81.58375324547677
3546702,Santa Gertrudes (SP),2001,72.0,73.91068437272337
3546702,Santa Gertrudes (SP),2002,87.867,78.059263211469
3546702,Santa Gertrudes (SP),2003,91.511,91.02867740721707
3546702,Santa Gertrudes (SP),2004,80.384,82.91315068202377
3546702,Santa Gertrudes (SP),2005,81.179,82.36784724290067
3546702,Santa Gertrudes (SP),2006,87.79,85.67053622071477
3546702,Santa Gertrudes (SP),2007,81.687,82.85685652063384
3546702,Santa Gertrudes (SP),2008,80.0,82.12685555972034
3546702,Santa Gertrudes (SP),2009,79.0,79.93719815896503
3546702,Santa Gertrudes (SP),2010,79.0,78.2295708472322
3546702,Santa Gertrudes (SP),2011,79.0,79.05780485838592
3546702,Santa Gertrudes (SP),2012,85.0,80.34767511222879
3546702,Santa Gertrudes (SP),2013,81.0,85.2692246756037
3546702,Santa Gertrudes (SP),2014,52.36,66.72418972087631
3546702,Santa Gertrudes (SP),2015,52.36,59.44955552461705
3546702,Santa Gertrudes (SP),2016,65.0,65.76864623404956
3546702,Santa Gertrudes (SP),2017,65.0,66.06448245455807
3546702,Santa Gertrudes (SP),2018,70.0,69.64080000409534
3546702,Santa Gertrudes (SP),2019,73.0,72.06622199617509
3546702,Santa Gertrudes (SP),2020,73.0,75.5333710857626
3546702,Santa Gertrudes (SP),2021,73.0,73.75291076316412
3546702,Santa Gertrudes (SP),2022,75.585,75.25839441549542
3546702,Santa Gertrudes (SP),2023,75.5,77.90173646907317
3546702,Santa Gertrudes (SP),2024,73.0,72.7372331295585
3546900,Santa Lúcia (SP),2001,70.0,71.61845710486992
3546900,Santa Lúcia (SP),2002,71.6,72.86564514972933
3546900,Santa Lúcia (SP),2003,66.5,69.69399485814331
3546900,Santa Lúcia (SP),2004,76.15,75.67373614640071
3546900,Santa Lúcia (SP),2005,75.644,78.68601153304098
3546900,Santa Lúcia (SP),2006,84.781,77.59140815672447
3546900,Santa Lúcia (SP),2007,80.0,85.18606448765608
3546900,Santa Lúcia (SP),2008,85.0,84.94914990646832
3546900,Santa Lúcia (SP),2009,85.0,84.7645333772704
3546900,Santa Lúcia (SP),2010,86.888,86.61709250027654
3546900,Santa Lúcia (SP),2011,86.889,84.03083500699462
3546900,Santa Lúcia (SP),2012,75.0,79.11751244225316
3546900,Santa Lúcia (SP),2013,75.0,76.13630255947382
3546900,Santa Lúcia (SP),2014,72.174,73.09927409317825
3546900,Santa Lúcia (SP),2015,75.0,75.57097216290381
3546900,Santa Lúcia (SP),2016,75.0,78.06494617889412
3546900,Santa Lúcia (SP),2017,75.0,75.28917235230675
3546900,Santa Lúcia (SP),2018,75.0,74.72488297195538
3546900,Santa Lúcia (SP),2019,75.0,75.11750540030398
3546900,Santa Lúcia (SP),2020,75.0,75.45153653200674
3546900,Santa Lúcia (SP),2021,75.0,73.10894946618278
3546900,Santa Lúcia (SP),2022,75.0,74.5694367916114
3546900,Santa Lúcia (SP),2023,75.0,76.35979586702891
3546900,Santa Lúcia (SP),2024,73.0,72.80249874473832
3547007,Santa Maria da Serra (SP),2001,60.0,74.58075081612047
3547007,Santa Maria da Serra (SP),2002,60.0,61.62335415208225
3547007,Santa Maria da Serra (SP),2003,80.0,74.94161787447965
3547007,Santa Maria da Serra (SP),2004,80.0,80.61369920883999
3547007,Santa Maria da Serra (SP),2005,79.463,78.00205539604595
3547007,Santa Maria da Serra (SP),2006,60.0,80.74953140785387
3547007,Santa Maria da Serra (SP),2007,79.464,75.87147203883616
3547007,Santa Maria da Serra (SP),2008,79.464,80.88763948326658
3547007,Santa Maria da Serra (SP),2009,79.464,80.9574460469231
3547007,Santa Maria da Serra (SP),2010,80.0,80.08452396552515
3547007,Santa Maria da Serra (SP),2011,70.0,77.4908532929003
3547007,Santa Maria da Serra (SP),2012,80.0,76.07710742095384
3547007,Santa Maria da Serra (SP),2013,92.632,84.75948167929552
3547007,Santa Maria da Serra (SP),2014,64.842,78.30607240720751
3547007,Santa Maria da Serra (SP),2015,78.863,73.57694838181881
3547007,Santa Maria da Serra (SP),2016,65.0,76.0763481069662
3547007,Santa Maria da Serra (SP),2017,65.0,65.76692278948197
3547007,Santa Maria da Serra (SP),2018,67.0,68.22120460717919
3547007,Santa Maria da Serra (SP),2019,65.0,67.42017764282217
3547007,Santa Maria da Serra (SP),2020,65.667,66.54583944486137
3547007,Santa Maria da Serra (SP),2021,60.6,63.922354311348975
3547007,Santa Maria da Serra (SP),2022,66.0,66.36152079627003
3547007,Santa Maria da Serra (SP),2023,65.63,69.80089121121327
3547007,Santa Maria da Serra (SP),2024,65.791,65.71065688018534
3547106,Santa Mercedes (SP),2008,100.0,88.85338849223585
3547106,Santa Mercedes (SP),2009,87.719,97.57839292483327
3547106,Santa Mercedes (SP),2010,100.0,94.4163948244363
3547106,Santa Mercedes (SP),2011,94.304,94.1098233707773
3547106,Santa Mercedes (SP),2012,82.0,75.72729780851012
3547106,Santa Mercedes (SP),2013,80.188,81.0173929814363
3547106,Santa Mercedes (SP),2014,56.672,65.2574794377636
3547106,Santa Mercedes (SP),2015,61.36,67.64517469680209
3547106,Santa Mercedes (SP),2016,75.0,72.85160400675099
3547106,Santa Mercedes (SP),2017,70.0,72.48293258779262
3547106,Santa Mercedes (SP),2018,70.0,68.64523114071453
3547106,Santa Mercedes (SP),2019,70.0,69.95864160015033
3547106,Santa Mercedes (SP),2020,68.0,70.17356995244273
3547106,Santa Mercedes (SP),2021,64.0,64.64626853560982
3547106,Santa Mercedes (SP),2022,68.0,68.26126697576152
3547106,Santa Mercedes (SP),2023,80.0,79.1837028806768
3547106,Santa Mercedes (SP),2024,60.0,64.56135152263013
3547205,Santana da Ponte Pensa (SP),2009,120.0,108.7465560486923
3547205,Santana da Ponte Pensa (SP),2010,120.0,112.64442562805007
3547205,Santana da Ponte Pensa (SP),2011,120.0,110.10398875088802
3547205,Santana da Ponte Pensa (SP),2012,80.0,81.97362289786521
3547205,Santana da Ponte Pensa (SP),2013,80.0,81.23028321099574
3547205,Santana da Ponte Pensa (SP),2014,70.0,75.31169314764384
3547205,Santana da Ponte Pensa (SP),2015,80.0,73.07807422009994
3547205,Santana da Ponte Pensa (SP),2016,90.0,80.6013239786133
3547205,Santana da Ponte Pensa (SP),2017,90.0,89.66885852978477
3547205,Santana da Ponte Pensa (SP),2018,70.0,81.29030154226793
3547205,Santana da Ponte Pensa (SP),2019,80.0,76.60948935342881
3547205,Santana da Ponte Pensa (SP),2020,80.0,79.7302031101815
3547205,Santana da Ponte Pensa (SP),2021,80.0,73.5919254324287
3547205,Santana da Ponte Pensa (SP),2022,80.0,79.9493556859684
3547205,Santana da Ponte Pensa (SP),2023,80.0,81.02084303663
3547205,Santana da Ponte Pensa (SP),2024,80.0,77.60229683757278
3547403,Santa Rita d'Oeste (SP),2010,120.0,119.99415194097408
3547403,Santa Rita d'Oeste (SP),2011,120.0,107.87203938207625
3547403,Santa Rita d'Oeste (SP),2012,80.0,89.13017946904483
3547403,Santa Rita d'Oeste (SP),2013,74.667,79.92816173672546
3547403,Santa Rita d'Oeste (SP),2014,70.0,73.60926270301232
3547403,Santa Rita d'Oeste (SP),2015,70.0,70.74251812975979
3547403,Santa Rita d'Oeste (SP),2016,80.0,77.05445275113443
3547403,Santa Rita d'Oeste (SP),2017,80.0,79.28391138795591
3547403,Santa Rita d'Oeste (SP),2018,70.0,74.99471300426575
3547403,Santa Rita d'Oeste (SP),2019,80.0,76.91605786575974
3547403,Santa Rita d'Oeste (SP),2020,80.0,78.93500096596046
3547403,Santa Rita d'Oeste (SP),2021,80.0,75.30716785125983
3547403,Santa Rita d'Oeste (SP),2022,80.0,80.58449742492661
3547403,Santa Rita d'Oeste (SP),2023,80.0,83.20743612537349
3547403,Santa Rita d'Oeste (SP),2024,80.0,78.44674944542179
3547502,Santa Rita do Passa Quatro (SP),2001,70.133,73.81821878818582
3547502,Santa Rita do Passa Quatro (SP),2002,59.756,68.60789126288482
3547502,Santa Rita do Passa Quatro (SP),2003,90.0,79.6218247877352
3547502,Santa Rita do Passa Quatro (SP),2004,80.0,88.26246409752062
3547502,Santa Rita do Passa Quatro (SP),2005,84.438,81.99260164825249
3547502,Santa Rita do Passa Quatro (SP),2006,85.0,83.18981616159685
3547502,Santa Rita do Passa Quatro (SP),2007,85.0,85.24065655830705
3547502,Santa Rita do Passa Quatro (SP),2008,80.028,83.82281893626455
3547502,Santa Rita do Passa Quatro (SP),2009,80.0,81.41928582282452
3547502,Santa Rita do Passa Quatro (SP),2010,80.0,80.21537094366977
3547502,Santa Rita do Passa Quatro (SP),2011,85.0,79.2418179235906
3547502,Santa Rita do Passa Quatro (SP),2012,60.0,79.44950300116751
3547502,Santa Rita do Passa Quatro (SP),2013,80.0,71.30337544050396
3547502,Santa Rita do Passa Quatro (SP),2014,80.0,75.0115117656649
3547502,Santa Rita do Passa Quatro (SP),2015,80.0,80.76151253944522
3547502,Santa Rita do Passa Quatro (SP),2016,80.0,80.66876692766228
3547502,Santa Rita do Passa Quatro (SP),2017,80.0,78.13882215276122
3547502,Santa Rita do Passa Quatro (SP),2018,80.0,82.38707086245314
3547502,Santa Rita do Passa Quatro (SP),2019,70.0,77.91314655107013
3547502,Santa Rita do Passa Quatro (SP),2020,70.0,71.91970655734957
3547502,Santa Rita do Passa Quatro (SP),2021,70.0,69.72851183813209
3547502,Santa Rita do Passa Quatro (SP),2022,75.556,73.80832112441092
3547502,Santa Rita do Passa Quatro (SP),2023,70.0,74.62375070244896
3547502,Santa Rita do Passa Quatro (SP),2024,70.0,71.24976875660298
3547601,Santa Rosa de Viterbo (SP),2001,74.285,72.17104946345229
3547601,Santa Rosa de Viterbo (SP),2002,60.0,71.07221289161603
3547601,Santa Rosa de Viterbo (SP),2003,70.0,78.36965710255927
3547601,Santa Rosa de Viterbo (SP),2004,70.0,70.6662809574524
3547601,Santa Rosa de Viterbo (SP),2005,69.537,71.2874194338404
3547601,Santa Rosa de Viterbo (SP),2006,70.0,71.4073927066833
3547601,Santa Rosa de Viterbo (SP),2007,70.2,72.8750195129133
3547601,Santa Rosa de Viterbo (SP),2008,80.0,74.75058556296844
3547601,Santa Rosa de Viterbo (SP),2009,85.993,82.05200441304034
3547601,Santa Rosa de Viterbo (SP),2010,80.0,82.03602950081458
3547601,Santa Rosa de Viterbo (SP),2011,80.0,77.38140599640136
3547601,Santa Rosa de Viterbo (SP),2012,70.0,73.2655224933089
3547601,Santa Rosa de Viterbo (SP),2013,70.0,74.08627485564084
3547601,Santa Rosa de Viterbo (SP),2014,74.1,66.43418947086899
3547601,Santa Rosa de Viterbo (SP),2015,70.0,73.78490353068655
3547601,Santa Rosa de Viterbo (SP),2016,70.0,71.92965530246751
3547601,Santa Rosa de Viterbo (SP),2017,80.0,75.39005258275887
3547601,Santa Rosa de Viterbo (SP),2018,80.0,81.76292489920601
3547601,Santa Rosa de Viterbo (SP),2019,80.0,78.0539283329875
3547601,Santa Rosa de Viterbo (SP),2020,80.0,79.5617443153686
3547601,Santa Rosa de Viterbo (SP),2021,80.0,78.07312096468812
3547601,Santa Rosa de Viterbo (SP),2022,80.0,81.91436092359068
3547601,Santa Rosa de Viterbo (SP),2023,80.0,80.296415139962
3547601,Santa Rosa de Viterbo (SP),2024,80.0,80.15054316628408
3547650,Santa Salete (SP),2008,90.0,87.16738544459464
3547650,Santa Salete (SP),2009,82.307,94.16014471708891
3547650,Santa Salete (SP),2010,84.0,82.21554616924607
3547650,Santa Salete (SP),2011,110.0,90.51700499136405
3547650,Santa Salete (SP),2013,113.331,102.19364760639374
3547650,Santa Salete (SP),2014,100.0,93.0726901693633
3547650,Santa Salete (SP),2015,100.0,100.99033034147739
3547650,Santa Salete (SP),2016,100.0,104.01504571535362
3547650,Santa Salete (SP),2017,100.0,99.39032092186045
3547650,Santa Salete (SP),2018,100.0,101.36782479777615
3547650,Santa Salete (SP),2019,100.0,93.12346935583972
3547650,Santa Salete (SP),2020,100.0,98.81807559034017
3547650,Santa Salete (SP),2021,100.0,91.38475587060158
3547650,Santa Salete (SP),2022,100.0,97.8651892504967
3547650,Santa Salete (SP),2023,100.0,99.51691735818997
3547650,Santa Salete (SP),2024,101.449,95.60414828324456
3547700,Santo Anastácio (SP),2001,60.0,67.06362847190636
3547700,Santo Anastácio (SP),2002,60.0,62.86043583702165
3547700,Santo Anastácio (SP),2003,75.0,78.23165931136333
3547700,Santo Anastácio (SP),2004,75.0,75.56758622281288
3547700,Santo Anastácio (SP),2005,59.635,68.15971162015859
3547700,Santo Anastácio (SP),2006,85.0,78.27296943096721
3547700,Santo Anastácio (SP),2007,80.0,78.52007502383707
3547700,Santo Anastácio (SP),2008,85.0,88.2311104143041
3547700,Santo Anastácio (SP),2009,55.0,75.78496776093365
3547700,Santo Anastácio (SP),2010,85.0,79.03439981430377
3547700,Santo Anastácio (SP),2011,70.0,76.23602174683757
3547700,Santo Anastácio (SP),2012,65.0,68.0459661079857
3547700,Santo Anastácio (SP),2013,60.0,65.40075382442818
3547700,Santo Anastácio (SP),2014,70.0,66.28500896298254
3547700,Santo Anastácio (SP),2015,77.822,72.1411347639051
3547700,Santo Anastácio (SP),2016,70.349,78.0786854353969
3547700,Santo Anastácio (SP),2017,68.522,70.45628115245275
3547700,Santo Anastácio (SP),2018,70.0,70.96416521707032
3547700,Santo Anastácio (SP),2019,70.116,73.57947083357492
3547700,Santo Anastácio (SP),2020,70.155,70.13900648253312
3547700,Santo Anastácio (SP),2021,70.09,68.67654414313459
3547700,Santo Anastácio (SP),2022,70.069,70.7558802367118
3547700,Santo Anastácio (SP),2023,70.0,71.43209511751765
3547908,Santo Antônio da Alegria (SP),2001,80.0,79.28594025595154
3547908,Santo Antônio da Alegria (SP),2002,80.0,79.66376498390927
3547908,Santo Antônio da Alegria (SP),2003,80.0,79.56372714092154
3547908,Santo Antônio da Alegria (SP),2004,80.0,80.00914493541607
3547908,Santo Antônio da Alegria (SP),2005,79.436,80.291487789928
3547908,Santo Antônio da Alegria (SP),2006,80.0,80.80954675205017
3547908,Santo Antônio da Alegria (SP),2007,56.354,72.93088475001437
3547908,Santo Antônio da Alegria (SP),2008,80.0,78.44515949197351
3547908,Santo Antônio da Alegria (SP),2009,80.0,80.08671711838089
3547908,Santo Antônio da Alegria (SP),2010,80.0,79.70682204657857
3547908,Santo Antônio da Alegria (SP),2011,80.0,80.52375927329992
3547908,Santo Antônio da Alegria (SP),2013,84.848,81.36064047482066
3547908,Santo Antônio da Alegria (SP),2014,74.1,74.6277390057385
3547908,Santo Antônio da Alegria (SP),2015,80.0,77.63457850899097
3547908,Santo Antônio da Alegria (SP),2016,80.0,81.02715378737827
3547908,Santo Antônio da Alegria (SP),2017,80.0,80.49754280852676
3547908,Santo Antônio da Alegria (SP),2018,80.0,81.2397886442299
3547908,Santo Antônio da Alegria (SP),2019,80.0,80.72783317525446
3547908,Santo Antônio da Alegria (SP),2020,80.0,80.50405927132807
3547908,Santo Antônio da Alegria (SP),2021,80.0,77.35979560331337
3547908,Santo Antônio da Alegria (SP),2022,80.0,80.40938290588157
3547908,Santo Antônio da Alegria (SP),2023,80.0,80.79880479172077
3547908,Santo Antônio da Alegria (SP),2024,80.0,80.6868460996072
3548005,Santo Antônio de Posse (SP),2001,82.0,79.82066115001045
3548005,Santo Antônio de Posse (SP),2002,82.0,82.75533156468892
3548005,Santo Antônio de Posse (SP),2003,82.0,82.17892558624348
3548005,Santo Antônio de Posse (SP),2004,80.0,82.8309215719153
3548005,Santo Antônio de Posse (SP),2005,84.43,82.79335291294768
3548005,Santo Antônio de Posse (SP),2006,86.0,84.62075431854308
3548005,Santo Antônio de Posse (SP),2007,81.0,84.22125974204295
3548005,Santo Antônio de Posse (SP),2008,81.0,83.99864530152625
3548005,Santo Antônio de Posse (SP),2009,81.0,81.72175801379174
3548005,Santo Antônio de Posse (SP),2010,85.0,83.78166383662222
3548005,Santo Antônio de Posse (SP),2011,73.0,78.874202508146
3548005,Santo Antônio de Posse (SP),2012,73.0,76.96185684157405
3548005,Santo Antônio de Posse (SP),2013,73.0,80.84681132384617
3548005,Santo Antônio de Posse (SP),2014,68.0,70.6935985716866
3548005,Santo Antônio de Posse (SP),2015,75.0,76.16120212974333
3548005,Santo Antônio de Posse (SP),2016,75.0,78.1178335754521
3548005,Santo Antônio de Posse (SP),2017,85.0,79.46316080150348
3548005,Santo Antônio de Posse (SP),2018,58.0,77.81524849304405
3548005,Santo Antônio de Posse (SP),2019,50.0,59.060551137096624
3548005,Santo Antônio de Posse (SP),2020,70.0,68.18393572500295
3548005,Santo Antônio de Posse (SP),2021,75.0,71.01723800117392
3548005,Santo Antônio de Posse (SP),2022,78.0,76.15781351181862
3548005,Santo Antônio de Posse (SP),2023,80.0,81.42862922802392
3548005,Santo Antônio de Posse (SP),2024,74.39,78.24671202518105
3548054,Santo Antônio do Aracanguá (SP),2001,82.058,77.2915437879672
3548054,Santo Antônio do Aracanguá (SP),2002,80.0,80.07775531689414
3548054,Santo Antônio do Aracanguá (SP),2003,82.0,82.67116247793916
3548054,Santo Antônio do Aracanguá (SP),2004,80.0,79.99025929159566
3548054,Santo Antônio do Aracanguá (SP),2005,91.771,81.93236338178906
3548054,Santo Antônio do Aracanguá (SP),2006,83.0,86.7189511105328
3548054,Santo Antônio do Aracanguá (SP),2007,83.0,83.7031016055638
3548054,Santo Antônio do Aracanguá (SP),2008,85.0,83.2789917127489
3548054,Santo Antônio do Aracanguá (SP),2009,90.0,82.66645037167153
3548054,Santo Antônio do Aracanguá (SP),2010,90.0,91.22631815699995
3548054,Santo Antônio do Aracanguá (SP),2011,80.0,82.97731976149262
3548054,Santo Antônio do Aracanguá (SP),2012,85.0,75.13592304086558
3548054,Santo Antônio do Aracanguá (SP),2013,100.0,88.76905565365065
3548054,Santo Antônio do Aracanguá (SP),2014,60.0,83.11179873040153
3548054,Santo Antônio do Aracanguá (SP),2015,100.0,81.2540673008064
3548054,Santo Antônio do Aracanguá (SP),2016,64.663,84.03305275580806
3548054,Santo Antônio do Aracanguá (SP),2017,65.0,68.56296144470558
3548054,Santo Antônio do Aracanguá (SP),2018,70.203,70.39696128494454
3548054,Santo Antônio do Aracanguá (SP),2019,70.0,69.95506963914025
3548054,Santo Antônio do Aracanguá (SP),2020,72.0,77.46829334097079
3548054,Santo Antônio do Aracanguá (SP),2021,70.0,70.84466768873077
3548054,Santo Antônio do Aracanguá (SP),2022,70.0,70.70415338657922
3548054,Santo Antônio do Aracanguá (SP),2023,70.0,76.8084911430703
3548054,Santo Antônio do Aracanguá (SP),2024,70.0,71.61056857481927
3548104,Santo Antônio do Jardim (SP),2001,80.0,79.12298105317514
3548104,Santo Antônio do Jardim (SP),2002,80.0,80.6438481271918
3548104,Santo Antônio do Jardim (SP),2010,95.0,86.74308680933444
3548104,Santo Antônio do Jardim (SP),2011,95.0,91.11399383035231
3548104,Santo Antônio do Jardim (SP),2012,80.0,85.05665669154048
3548104,Santo Antônio do Jardim (SP),2013,80.0,79.27556584258437
3548302,Santo Expedito (SP),2001,70.0,71.38881160282467
3548302,Santo Expedito (SP),2002,70.0,72.90075686765734
3548302,Santo Expedito (SP),2003,88.0,65.42200966686049
3548302,Santo Expedito (SP),2004,70.0,78.16948964761373
3548302,Santo Expedito (SP),2005,69.53,77.9108627486906
3548302,Santo Expedito (SP),2006,70.0,73.3041824562648
3548302,Santo Expedito (SP),2007,70.0,72.54650817232512
3548302,Santo Expedito (SP),2008,70.0,72.45530625265388
3548302,Santo Expedito (SP),2009,70.0,73.55063704950207
3548302,Santo Expedito (SP),2010,70.0,71.86560594637477
3548302,Santo Expedito (SP),2011,70.0,71.54247275122535
3548302,Santo Expedito (SP),2012,70.0,68.8309322385137
3548302,Santo Expedito (SP),2013,70.0,71.20062069893439
3548302,Santo Expedito (SP),2014,70.0,70.84972496495992
3548302,Santo Expedito (SP),2015,70.0,71.27306267415213
3548302,Santo Expedito (SP),2016,70.008,71.70857262457923
3548302,Santo Expedito (SP),2017,70.008,70.4995483468799
3548302,Santo Expedito (SP),2018,70.008,70.41470412615456
3548302,Santo Expedito (SP),2019,72.982,71.67657729807843
3548302,Santo Expedito (SP),2020,70.175,71.2772936322233
3548302,Santo Expedito (SP),2021,68.31,67.90812694968221
3548302,Santo Expedito (SP),2022,70.008,71.36057021061978
3548302,Santo Expedito (SP),2023,69.568,71.54196912172341
3548302,Santo Expedito (SP),2024,64.205,69.09847324509516
3548401,Santópolis do Aguapeí (SP),2001,79.232,80.97017058597358
3548401,Santópolis do Aguapeí (SP),2002,87.878,83.36259814835095
3548401,Santópolis do Aguapeí (SP),2003,118.18,91.28737765748141
3548401,Santópolis do Aguapeí (SP),2004,78.272,83.49495032397495
3548401,Santópolis do Aguapeí (SP),2005,83.066,83.74110879107754
3548401,Santópolis do Aguapeí (SP),2006,83.0,82.43451953307411
3548401,Santópolis do Aguapeí (SP),2007,83.0,85.43055333913591
3548401,Santópolis do Aguapeí (SP),2008,113.417,90.40527173718517
3548401,Santópolis do Aguapeí (SP),2009,83.0,105.23082017458694
3548401,Santópolis do Aguapeí (SP),2010,80.0,80.80360599097264
3548401,Santópolis do Aguapeí (SP),2011,79.5,79.19056439670005
3548401,Santópolis do Aguapeí (SP),2012,76.5,77.52584670471524
3548401,Santópolis do Aguapeí (SP),2013,76.5,76.6742819320319
3548401,Santópolis do Aguapeí (SP),2014,65.43,67.74733445638473
3548401,Santópolis do Aguapeí (SP),2015,58.14,64.20044911137751
3548401,Santópolis do Aguapeí (SP),2016,64.79,66.952632804195
3548401,Santópolis do Aguapeí (SP),2017,75.89,72.30938073897796
3548401,Santópolis do Aguapeí (SP),2018,75.89,76.13752726175156
3548401,Santópolis do Aguapeí (SP),2019,75.0,75.89104393864734
3548401,Santópolis do Aguapeí (SP),2020,75.0,70.74900613076396
3548401,Santópolis do Aguapeí (SP),2021,70.0,71.90327605686645
3548401,Santópolis do Aguapeí (SP),2022,75.0,74.97587767363322
3548401,Santópolis do Aguapeí (SP),2023,80.0,81.42226212804034
3548401,Santópolis do Aguapeí (SP),2024,80.0,77.52250943364974
3548906,São Carlos (SP),2001,80.0,75.96654965346626
3548906,São Carlos (SP),2002,85.0,82.3125200249071
3548906,São Carlos (SP),2003,80.971,82.96604530939649
3548906,São Carlos (SP),2004,80.971,80.72549302520282
3548906,São Carlos (SP),2005,83.135,82.15039856900813
3548906,São Carlos (SP),2006,84.0,80.0523578755809
3548906,São Carlos (SP),2007,84.0,83.70230314654509
3548906,São Carlos (SP),2008,84.0,84.35287543940257
3548906,São Carlos (SP),2009,84.0,82.10225218796057
3548906,São Carlos (SP),2010,86.651,84.17083818677548
3548906,São Carlos (SP),2011,85.028,85.89345332174598
3548906,São Carlos (SP),2012,85.0,79.54013867082276
3548906,São Carlos (SP),2013,85.0,84.68621689977357
3548906,São Carlos (SP),2014,80.0,78.0416528468835
3548906,São Carlos (SP),2015,83.0,78.89953738780876
3548906,São Carlos (SP),2016,85.0,80.04707029160916
3548906,São Carlos (SP),2017,80.0,82.33249027419792
3548906,São Carlos (SP),2018,80.0,79.20738580163888
3548906,São Carlos (SP),2019,80.0,80.65086817915888
3548906,São Carlos (SP),2020,85.0,79.61942715617488
3548906,São Carlos (SP),2021,82.556,81.44543239348151
3548906,São Carlos (SP),2022,85.0,83.54501631576125
3548906,São Carlos (SP),2023,80.0,82.92217458933209
3548906,São Carlos (SP),2024,75.0,74.86148354974196
3549003,São Francisco (SP),2010,70.0,69.54434329979742
3549003,São Francisco (SP),2011,80.0,71.26841834625571
3549003,São Francisco (SP),2012,90.0,78.06806627416752
3549003,São Francisco (SP),2013,90.0,88.06774595812827
3549003,São Francisco (SP),2014,90.0,83.84254605358802
3549003,São Francisco (SP),2015,90.0,91.6298878392702
3549003,São Francisco (SP),2016,90.0,88.95644176302281
3549003,São Francisco (SP),2017,90.0,89.33958083308485
3549003,São Francisco (SP),2018,90.0,81.66329630417269
3549003,São Francisco (SP),2019,90.0,87.99791570675187
3549003,São Francisco (SP),2020,90.0,88.94012818492791
3549003,São Francisco (SP),2021,90.0,85.09674598290601
3549003,São Francisco (SP),2022,90.0,89.3268765239414
3549003,São Francisco (SP),2023,90.0,89.47338114268086
3549003,São Francisco (SP),2024,79.342,82.346433833428
3549102,São João da Boa Vista (SP),2001,83.827,90.01389571590374
3549102,São João da Boa Vista (SP),2002,87.0,85.24535273471443
3549102,São João da Boa Vista (SP),2003,80.175,86.8236872402136
3549102,São João da Boa Vista (SP),2004,78.685,80.9670222606284
3549102,São João da Boa Vista (SP),2005,81.462,81.3396348853078
3549102,São João da Boa Vista (SP),2006,98.0,84.15754367941845
3549102,São João da Boa Vista (SP),2007,98.0,91.06596019900194
3549102,São João da Boa Vista (SP),2008,100.0,87.55843382894206
3549102,São João da Boa Vista (SP),2009,98.0,98.34759206532202
3549102,São João da Boa Vista (SP),2010,98.0,92.750727185068
3549102,São João da Boa Vista (SP),2011,82.36,81.34578050753875
3549102,São João da Boa Vista (SP),2012,76.0,80.29314414016359
3549102,São João da Boa Vista (SP),2013,78.0,79.56097983606199
3549102,São João da Boa Vista (SP),2014,76.0,72.77512360470084
3549102,São João da Boa Vista (SP),2015,76.0,75.95717112659871
3549102,São João da Boa Vista (SP),2016,75.0,77.72896062679455
3549102,São João da Boa Vista (SP),2017,75.0,75.93463591761531
3549102,São João da Boa Vista (SP),2018,80.0,76.6163974630777
3549102,São João da Boa Vista (SP),2019,80.0,79.88039262760662
3549102,São João da Boa Vista (SP),2020,75.0,79.50447822820591
3549102,São João da Boa Vista (SP),2021,75.0,81.17231019637366
3549102,São João da Boa Vista (SP),2022,75.0,75.72794984767887
3549102,São João da Boa Vista (SP),2023,100.0,85.30825002079808
3549102,São João da Boa Vista (SP),2024,80.0,88.36354202300988
3549201,São João das Duas Pontes (SP),2005,79.343,81.1129821566011
3549201,São João das Duas Pontes (SP),2006,80.0,81.44249106301157
3549201,São João das Duas Pontes (SP),2007,80.0,77.32508066192887
3549201,São João das Duas Pontes (SP),2008,80.0,82.92406777712796
3549201,São João das Duas Pontes (SP),2009,42.105,70.96212654899338
3549201,São João das Duas Pontes (SP),2010,100.0,83.89427643942905
3549201,São João das Duas Pontes (SP),2011,80.0,87.88020912799695
3549201,São João das Duas Pontes (SP),2012,57.273,74.31107667916527
3549201,São João das Duas Pontes (SP),2013,70.0,72.21218604560048
3549201,São João das Duas Pontes (SP),2014,70.0,68.91909325825696
3549201,São João das Duas Pontes (SP),2015,80.0,73.8922420204642
3549201,São João das Duas Pontes (SP),2016,80.0,80.34004999521144
3549201,São João das Duas Pontes (SP),2017,80.0,80.45608957785542
3549201,São João das Duas Pontes (SP),2018,80.0,81.02720162771287
3549201,São João das Duas Pontes (SP),2019,76.19,78.48649721464159
3549201,São João das Duas Pontes (SP),2020,80.0,76.52319109999243
3549201,São João das Duas Pontes (SP),2021,80.0,75.95138798755414
3549201,São João das Duas Pontes (SP),2022,80.0,79.83077990582105
3549201,São João das Duas Pontes (SP),2023,80.0,81.6218940803805
3549201,São João das Duas Pontes (SP),2024,80.0,77.72171574307553
3549250,São João de Iracema (SP),2001,70.0,70.98642105243528
3549250,São João de Iracema (SP),2002,79.545,73.21938541678526
3549250,São João de Iracema (SP),2003,77.354,83.07121411284433
3549250,São João de Iracema (SP),2004,78.475,82.5682645892591
3549250,São João de Iracema (SP),2005,88.637,78.77230152236365
3549250,São João de Iracema (SP),2006,100.0,93.93330580496468
3549250,São João de Iracema (SP),2007,130.0,109.09168371945191
3549250,São João de Iracema (SP),2008,74.642,82.21385819624459
3549250,São João de Iracema (SP),2009,71.995,76.29858060247338
3549250,São João de Iracema (SP),2010,80.147,78.7273886635899
3549250,São João de Iracema (SP),2011,100.0,76.7712762078551
3549250,São João de Iracema (SP),2012,69.049,79.15958784606734
3549250,São João de Iracema (SP),2013,69.049,72.47720054254371
3549250,São João de Iracema (SP),2014,71.0,69.36062762223148
3549250,São João de Iracema (SP),2015,70.974,72.13593977274337
3549250,São João de Iracema (SP),2016,58.0,69.67264533788034
3549250,São João de Iracema (SP),2017,60.0,67.40030583391469
3549250,São João de Iracema (SP),2018,60.0,64.6854791342269
3549250,São João de Iracema (SP),2019,62.0,67.93512923757287
3549250,São João de Iracema (SP),2020,72.0,69.39367508540559
3549250,São João de Iracema (SP),2021,67.5,68.18799555106003
3549250,São João de Iracema (SP),2022,65.0,70.51463174656443
3549250,São João de Iracema (SP),2023,65.0,68.94082168014914
3549250,São João de Iracema (SP),2024,62.0,68.00453047205211
3549300,São João do Pau d'Alho (SP),2011,94.667,94.7546737417357
3549300,São João do Pau d'Alho (SP),2012,80.0,76.04970825226084
3549300,São João do Pau d'Alho (SP),2013,80.992,80.99934982279933
3549300,São João do Pau d'Alho (SP),2014,63.967,65.83023931184785
3549300,São João do Pau d'Alho (SP),2015,70.0,68.5600360597776
3549300,São João do Pau d'Alho (SP),2016,75.0,73.56524539158475
3549300,São João do Pau d'Alho (SP),2017,75.0,72.59583139542943
3549300,São João do Pau d'Alho (SP),2018,70.0,70.99713205479398
3549300,São João do Pau d'Alho (SP),2019,70.0,69.95843974300746
3549300,São João do Pau d'Alho (SP),2020,70.0,70.16079606066783
3549300,São João do Pau d'Alho (SP),2021,60.0,64.7218478193816
3549300,São João do Pau d'Alho (SP),2022,68.0,68.75539130446727
3549300,São João do Pau d'Alho (SP),2023,82.0,79.14634692877466
3549300,São João do Pau d'Alho (SP),2024,65.0,65.31797301130813
3549409,São Joaquim da Barra (SP),2001,96.0,89.09822457354859
3549409,São Joaquim da Barra (SP),2002,70.0,88.76914467568159
3549409,São Joaquim da Barra (SP),2003,75.0,78.68684682670214
3549409,São Joaquim da Barra (SP),2004,75.0,76.12049220462161
3549409,São Joaquim da Barra (SP),2005,77.007,77.78742771006924
3549409,São Joaquim da Barra (SP),2006,80.0,81.44385951257897
3549409,São Joaquim da Barra (SP),2007,100.0,81.93155715650839
3549409,São Joaquim da Barra (SP),2008,100.0,94.4491215824789
3549409,São Joaquim da Barra (SP),2009,100.0,96.64610600602468
3549409,São Joaquim da Barra (SP),2010,100.0,93.08539430665856
3549409,São Joaquim da Barra (SP),2011,100.0,95.48579705781135
3549409,São Joaquim da Barra (SP),2012,80.019,86.53880647355685
3549409,São Joaquim da Barra (SP),2013,90.01,83.96700851291169
3549409,São Joaquim da Barra (SP),2014,80.019,84.73075006698639
3549409,São Joaquim da Barra (SP),2015,80.019,80.82580375818912
3549409,São Joaquim da Barra (SP),2016,80.019,80.92577826481025
3549409,São Joaquim da Barra (SP),2017,80.0,79.84486855410489
3549409,São Joaquim da Barra (SP),2018,80.0,80.61809492229568
3549409,São Joaquim da Barra (SP),2019,72.0,75.80222701944878
3549409,São Joaquim da Barra (SP),2020,72.0,74.1493271324248
3549409,São Joaquim da Barra (SP),2021,65.0,66.90328852332723
3549409,São Joaquim da Barra (SP),2022,72.0,68.48946525088016
3549409,São Joaquim da Barra (SP),2023,72.0,76.90960196302132
3549409,São Joaquim da Barra (SP),2024,80.0,78.55763560397345
3549508,São José da Bela Vista (SP),2001,100.0,98.05768389539195
3549508,São José da Bela Vista (SP),2002,100.0,99.46328664227653
3549508,São José da Bela Vista (SP),2003,100.0,100.48537153878495
3549508,São José da Bela Vista (SP),2004,90.0,91.26836716367684
3549508,São José da Bela Vista (SP),2005,89.406,91.19921722641747
3549508,São José da Bela Vista (SP),2006,90.0,89.4440082689893
3549508,São José da Bela Vista (SP),2007,90.0,94.5142739486036
3549508,São José da Bela Vista (SP),2008,90.0,88.91893452086738
3549508,São José da Bela Vista (SP),2009,90.0,87.67638239339048
3549508,São José da Bela Vista (SP),2010,90.0,95.44732440250613
3549508,São José da Bela Vista (SP),2011,100.0,91.78399005410087
3549508,São José da Bela Vista (SP),2012,100.0,94.00213865403877
3549508,São José da Bela Vista (SP),2013,82.247,89.43279441648501
3549508,São José da Bela Vista (SP),2014,70.0,74.05270026175218
3549508,São José da Bela Vista (SP),2015,70.0,71.75187915730571
3549508,São José da Bela Vista (SP),2016,80.0,75.99685113709725
3549508,São José da Bela Vista (SP),2017,100.0,82.57465666737079
3549508,São José da Bela Vista (SP),2018,100.0,99.01343560082393
3549508,São José da Bela Vista (SP),2019,85.0,89.31709064974198
3549508,São José da Bela Vista (SP),2020,100.0,89.0077253080901
3549508,São José da Bela Vista (SP),2021,90.0,87.76928110097357
3549508,São José da Bela Vista (SP),2022,115.0,84.12942650560437
3549508,São José da Bela Vista (SP),2023,95.0,90.56096573156854
3549508,São José da Bela Vista (SP),2024,110.0,93.71391895572769
3549607,São José do Barreiro (SP),2001,50.0,51.332863175397286
3549607,São José do Barreiro (SP),2002,50.0,50.02177667676766
3549607,São José do Barreiro (SP),2003,50.0,50.44871764291589
3549607,São José do Barreiro (SP),2004,50.0,48.33139105236264
3549607,São José do Barreiro (SP),2005,60.173,55.53792142683706
3549607,São José do Barreiro (SP),2006,60.0,61.013221112053316
3549607,São José do Barreiro (SP),2007,60.0,60.12642096518419
3549607,São José do Barreiro (SP),2008,60.173,66.2416609285992
3549607,São José do Barreiro (SP),2009,60.0,59.344759228146884
3549607,São José do Barreiro (SP),2010,60.0,61.388019546041235
3549607,São José do Barreiro (SP),2011,60.0,62.386429839761014
3549607,São José do Barreiro (SP),2012,60.0,60.48094441702404
3549607,São José do Barreiro (SP),2013,60.0,62.78542188013375
3549607,São José do Barreiro (SP),2014,60.0,59.13951139428625
3549607,São José do Barreiro (SP),2015,60.0,59.086704443070836
3549607,São José do Barreiro (SP),2016,60.0,61.63069284001326
3549607,São José do Barreiro (SP),2017,60.0,62.88842884719926
3549607,São José do Barreiro (SP),2018,60.0,61.853702928372535
3549607,São José do Barreiro (SP),2019,60.0,60.676332657089525
3549607,São José do Barreiro (SP),2020,60.0,61.4238063992211
3549607,São José do Barreiro (SP),2021,75.429,65.86851095543344
3549607,São José do Barreiro (SP),2022,60.0,68.0713428844959
3549607,São José do Barreiro (SP),2023,71.351,67.96633968799257
3549607,São José do Barreiro (SP),2024,60.0,66.48363554096775
3549706,São José do Rio Pardo (SP),2001,60.0,73.2007089755687
3549706,São José do Rio Pardo (SP),2002,80.0,70.59462023232484
3549706,São José do Rio Pardo (SP),2003,75.419,77.01788051480013
3549706,São José do Rio Pardo (SP),2004,75.4,75.80611933305975
3549706,São José do Rio Pardo (SP),2005,74.943,74.91696022092637
3549706,São José do Rio Pardo (SP),2006,94.017,83.46178746681827
3549706,São José do Rio Pardo (SP),2007,90.0,89.09256025132589
3549706,São José do Rio Pardo (SP),2008,90.0,87.36516145867552
3549706,São José do Rio Pardo (SP),2009,90.0,89.92204439611683
3549706,São José do Rio Pardo (SP),2010,79.672,83.3587851313199
3549706,São José do Rio Pardo (SP),2011,80.0,80.6014296728522
3549706,São José do Rio Pardo (SP),2012,98.305,86.90273597787562
3549706,São José do Rio Pardo (SP),2013,98.305,92.87611768648956
3549706,São José do Rio Pardo (SP),2014,98.305,93.9093198632964
3549706,São José do Rio Pardo (SP),2015,100.0,86.93201962954103
3549706,São José do Rio Pardo (SP),2016,100.0,97.21986117375134
3549706,São José do Rio Pardo (SP),2017,70.0,84.20388399784973
3549706,São José do Rio Pardo (SP),2018,70.0,72.3181546666056
3549706,São José do Rio Pardo (SP),2019,80.0,75.41878144801242
3549706,São José do Rio Pardo (SP),2020,83.333,83.13263229948183
3549706,São José do Rio Pardo (SP),2021,80.0,80.07119324950168
3549706,São José do Rio Pardo (SP),2022,75.926,80.10462383113988
3549706,São José do Rio Pardo (SP),2023,80.0,80.59908647675172
3549706,São José do Rio Pardo (SP),2024,113.0,85.86850171017717
3549805,São José do Rio Preto (SP),2001,80.0,74.8657549473532
3549805,São José do Rio Preto (SP),2002,70.0,74.73321776342819
3549805,São José do Rio Preto (SP),2003,70.0,69.55167437404958
3549805,São José do Rio Preto (SP),2004,100.0,81.46145291120773
3549805,São José do Rio Preto (SP),2005,79.463,89.20662319353848
3549805,São José do Rio Preto (SP),2006,80.0,88.57509442634628
3549805,São José do Rio Preto (SP),2007,85.0,83.68733048887985
3549805,São José do Rio Preto (SP),2008,80.0,82.8784181587882
3549805,São José do Rio Preto (SP),2009,90.0,85.65459062260503
3549805,São José do Rio Preto (SP),2010,90.0,89.87851945800759
3549805,São José do Rio Preto (SP),2011,90.0,89.3012897829239
3549805,São José do Rio Preto (SP),2012,80.0,84.58292427605959
3549805,São José do Rio Preto (SP),2013,80.0,80.88274831967544
3549805,São José do Rio Preto (SP),2014,70.0,72.55690314163982
3549805,São José do Rio Preto (SP),2015,80.0,76.46724191959095
3549805,São José do Rio Preto (SP),2016,80.0,86.3142563541574
3549805,São José do Rio Preto (SP),2017,80.0,81.48488728817851
3549805,São José do Rio Preto (SP),2018,100.0,80.04418417267696
3549805,São José do Rio Preto (SP),2019,80.0,85.04632877133737
3549805,São José do Rio Preto (SP),2020,80.0,79.04974300741821
3549805,São José do Rio Preto (SP),2021,80.0,77.94811713590838
3549805,São José do Rio Preto (SP),2022,100.0,88.64214230893438
3549805,São José do Rio Preto (SP),2023,90.0,94.79373722476133
3549805,São José do Rio Preto (SP),2024,90.0,81.49833888386617
3549904,São José dos Campos (SP),2003,30.0,55.696924179141014
3549904,São José dos Campos (SP),2004,30.0,34.43975117668224
3549904,São José dos Campos (SP),2005,29.795,34.873293916248215
3549904,São José dos Campos (SP),2006,30.0,42.87828126665695
3549904,São José dos Campos (SP),2007,30.0,34.806326404179174
3549904,São José dos Campos (SP),2008,30.0,30.538943150389077
3549904,São José dos Campos (SP),2009,30.0,30.837739513789582
3549904,São José dos Campos (SP),2010,30.0,35.06032915428798
3549904,São José dos Campos (SP),2016,50.0,43.32085098419636
3550001,São Luiz do Paraitinga (SP),2005,19.857,47.85894907527193
3550001,São Luiz do Paraitinga (SP),2006,60.0,55.31845528418805
3550001,São Luiz do Paraitinga (SP),2007,70.0,64.40172835298728
3550001,São Luiz do Paraitinga (SP),2008,19.857,54.92100486632815
3550001,São Luiz do Paraitinga (SP),2009,19.857,37.93172244977247
3550001,São Luiz do Paraitinga (SP),2010,60.0,59.47134309919252
3550001,São Luiz do Paraitinga (SP),2011,60.0,60.9769388093164
3550001,São Luiz do Paraitinga (SP),2013,83.333,67.70010645306083
3550001,São Luiz do Paraitinga (SP),2014,60.0,70.77516682698672
3550001,São Luiz do Paraitinga (SP),2016,60.0,60.28583944166946
3550001,São Luiz do Paraitinga (SP),2017,60.0,67.13257922485846
3550001,São Luiz do Paraitinga (SP),2018,60.0,61.426594035755905
3550001,São Luiz do Paraitinga (SP),2019,70.0,64.3232530735237
3550001,São Luiz do Paraitinga (SP),2020,70.0,67.53160278527625
3550001,São Luiz do Paraitinga (SP),2021,75.0,71.62183434282316
3550001,São Luiz do Paraitinga (SP),2022,75.0,69.02950227221635
3550001,São Luiz do Paraitinga (SP),2023,75.0,70.78429753288444
3550001,São Luiz do Paraitinga (SP),2024,60.0,67.54868668847668
3550100,São Manuel (SP),2001,82.173,86.16516298474703
3550100,São Manuel (SP),2002,86.538,83.57139259344025
3550100,São Manuel (SP),2003,90.0,84.44883196879475
3550100,São Manuel (SP),2004,88.775,87.84040219691417
3550100,São Manuel (SP),2005,92.084,89.357978085209
3550100,São Manuel (SP),2006,90.0,87.1312991436953
3550100,São Manuel (SP),2007,90.0,87.58548642268893
3550100,São Manuel (SP),2008,90.0,88.35728508831612
3550100,São Manuel (SP),2009,83.435,88.48804837257903
3550100,São Manuel (SP),2010,92.782,82.07561055822428
3550100,São Manuel (SP),2011,90.0,86.20449823191154
3550100,São Manuel (SP),2012,90.0,85.45625122309653
3550100,São Manuel (SP),2013,80.0,84.46590812214662
3550100,São Manuel (SP),2014,80.0,69.49513193692528
3550100,São Manuel (SP),2015,70.0,75.91268590831629
3550100,São Manuel (SP),2016,70.0,72.74547743362541
3550100,São Manuel (SP),2017,60.0,68.58955273891918
3550100,São Manuel (SP),2018,80.0,74.10595849657287
3550100,São Manuel (SP),2019,79.991,80.0035252453464
3550100,São Manuel (SP),2020,79.991,76.77707815438727
3550100,São Manuel (SP),2021,70.0,73.3906701593962
3550100,São Manuel (SP),2022,79.789,72.34630464995466
3550100,São Manuel (SP),2023,79.847,81.11927834619533
3550100,São Manuel (SP),2024,83.683,76.32139268136032
3550209,São Miguel Arcanjo (SP),2011,79.5,77.64464718560231
3550209,São Miguel Arcanjo (SP),2012,73.0,74.7122411155166
3550308,São Paulo (SP),2014,20.0,19.580633084991394
3550308,São Paulo (SP),2015,20.0,33.795853153971045
3550308,São Paulo (SP),2016,20.0,29.460157439324572
3550308,São Paulo (SP),2017,20.0,35.73898645655734
3550308,São Paulo (SP),2018,20.0,34.30651399374237
3550308,São Paulo (SP),2019,20.0,27.716259700604965
3550308,São Paulo (SP),2020,20.0,28.10158855219782
3550308,São Paulo (SP),2021,20.0,29.596402853077485
3550308,São Paulo (SP),2022,70.0,37.227751138902775
3550308,São Paulo (SP),2023,20.0,56.61781791364426
3550308,São Paulo (SP),2024,20.0,31.682915237873235
3550407,São Pedro (SP),2001,60.0,69.61101268996863
3550407,São Pedro (SP),2002,60.0,64.29245601743399
3550407,São Pedro (SP),2003,60.0,74.67172240107807
3550407,São Pedro (SP),2004,60.0,62.88369023202533
3550407,São Pedro (SP),2005,59.602,67.96150632737208
3550407,São Pedro (SP),2006,60.0,63.49454076529409
3550407,São Pedro (SP),2007,59.602,76.33924742071247
3550407,São Pedro (SP),2008,60.0,64.26263330661472
3550407,São Pedro (SP),2009,60.0,66.25810291397569
3550407,São Pedro (SP),2010,60.0,65.52819704145855
3550407,São Pedro (SP),2011,70.0,68.96761616515431
3550407,São Pedro (SP),2012,60.0,75.59265028216954
3550407,São Pedro (SP),2013,60.0,65.02444114421158
3550407,São Pedro (SP),2014,42.339,66.77135078455738
3550407,São Pedro (SP),2015,54.732,60.31429889709595
3550407,São Pedro (SP),2016,65.0,66.85717684525092
3550407,São Pedro (SP),2017,65.0,66.43004414501881
3550407,São Pedro (SP),2018,67.0,68.80294324508796
3550407,São Pedro (SP),2019,65.0,67.26014779266626
3550407,São Pedro (SP),2020,65.0,66.42062446823503
3550407,São Pedro (SP),2021,60.25,62.51813230951052
3550407,São Pedro (SP),2022,65.0,66.77738182727788
3550407,São Pedro (SP),2023,65.0,68.22231503993315
3550407,São Pedro (SP),2024,65.39,65.42889783265404
3550506,São Pedro do Turvo (SP),2001,75.0,76.02508237184064
3550506,São Pedro do Turvo (SP),2002,75.0,75.95647698265196
3550506,São Pedro do Turvo (SP),2003,75.0,74.27688465463815
3550506,São Pedro do Turvo (SP),2004,75.0,75.04958163630846
3550506,São Pedro do Turvo (SP),2005,74.508,75.92946736166486
3550506,São Pedro do Turvo (SP),2006,75.0,73.9262026356229
3550506,São Pedro do Turvo (SP),2007,80.0,77.29703845242715
3550506,São Pedro do Turvo (SP),2008,80.0,80.3473563965555
3550506,São Pedro do Turvo (SP),2009,80.0,82.83134357536197
3550506,São Pedro do Turvo (SP),2010,80.0,79.21406437806165
3550506,São Pedro do Turvo (SP),2011,80.0,77.84594561434774
3550506,São Pedro do Turvo (SP),2012,85.0,79.43960313114923
3550506,São Pedro do Turvo (SP),2013,85.0,83.28325356144019
3550506,São Pedro do Turvo (SP),2014,85.0,82.59338985752254
3550506,São Pedro do Turvo (SP),2015,85.0,82.20090750187727
3550506,São Pedro do Turvo (SP),2016,85.0,81.20573010755378
3550506,São Pedro do Turvo (SP),2017,70.0,76.14458832079686
3550506,São Pedro do Turvo (SP),2018,72.0,69.69531444062991
3550506,São Pedro do Turvo (SP),2019,80.0,73.4281929547674
3550506,São Pedro do Turvo (SP),2020,78.96,78.43366289811341
3550506,São Pedro do Turvo (SP),2021,83.333,74.54710655618103
3550506,São Pedro do Turvo (SP),2022,82.778,83.28813995937583
3550506,São Pedro do Turvo (SP),2023,82.037,83.31790894785732
3550506,São Pedro do Turvo (SP),2024,80.0,76.10433663442807
3550605,São Roque (SP),2002,60.0,64.41990633205681
3550605,São Roque (SP),2003,60.0,61.81533089079049
3550605,São Roque (SP),2004,60.0,62.150463971244015
3550605,São Roque (SP),2005,59.595,60.334470298705575
3550605,São Roque (SP),2006,59.595,59.78318163080404
3550605,São Roque (SP),2007,59.0,56.80681621411229
3550605,São Roque (SP),2008,59.595,62.25762495280411
3550605,São Roque (SP),2011,100.0,76.61985673734308
3550605,São Roque (SP),2012,90.0,92.08018028438715
3550605,São Roque (SP),2013,100.0,88.0546714666286
3550605,São Roque (SP),2014,100.0,94.3146351935939
3550605,São Roque (SP),2017,100.0,96.94434558071096
3550605,São Roque (SP),2018,100.0,92.53178288666818
3550605,São Roque (SP),2019,83.333,86.23880674064989
3550605,São Roque (SP),2020,83.333,82.34157909784902
3550605,São Roque (SP),2021,83.333,81.26533771823819
3550605,São Roque (SP),2022,88.9,84.26080147718294
3550803,São Sebastião da Grama (SP),2008,90.0,87.06306207305572
3550803,São Sebastião da Grama (SP),2009,90.0,88.77156373409507
3550803,São Sebastião da Grama (SP),2010,70.0,82.04984814006812
3550803,São Sebastião da Grama (SP),2011,70.0,69.77747357254115
3550803,São Sebastião da Grama (SP),2012,70.0,72.36038952540322
3550803,São Sebastião da Grama (SP),2013,70.0,70.59525489172533
3550803,São Sebastião da Grama (SP),2014,70.0,65.88834487472249
3550803,São Sebastião da Grama (SP),2015,69.905,75.02287201259495
3550803,São Sebastião da Grama (SP),2016,69.905,72.08744344536878
3550803,São Sebastião da Grama (SP),2017,69.905,71.75845842320767
3550803,São Sebastião da Grama (SP),2018,69.905,72.05130307015142
3550803,São Sebastião da Grama (SP),2019,75.0,74.1722720286918
3550803,São Sebastião da Grama (SP),2020,70.0,74.5344429325035
3550803,São Sebastião da Grama (SP),2021,67.0,67.6615765006405
3550902,São Simão (SP),2001,75.0,71.1791639338975
3550902,São Simão (SP),2002,75.0,74.09015655953472
3550902,São Simão (SP),2003,75.0,74.70165110241106
3550902,São Simão (SP),2004,75.0,75.73127818963926
3550902,São Simão (SP),2005,77.011,77.70162057807678
3550902,São Simão (SP),2006,75.0,80.96842178079064
3550902,São Simão (SP),2007,80.0,78.0762910282592
3550902,São Simão (SP),2008,80.009,80.99414160268756
3550902,São Simão (SP),2009,80.0,81.27147855667673
3550902,São Simão (SP),2010,79.998,80.26544903757011
3550902,São Simão (SP),2011,79.999,79.13196519629582
3550902,São Simão (SP),2012,70.0,73.34117664235053
3550902,São Simão (SP),2013,80.67,75.1143177801929
3550902,São Simão (SP),2014,74.1,74.52173162812191
3550902,São Simão (SP),2015,70.0,75.76257181975826
3550902,São Simão (SP),2016,70.0,71.91364530758214
3550902,São Simão (SP),2017,70.0,73.96320768369667
3550902,São Simão (SP),2018,70.0,72.43744279462106
3550902,São Simão (SP),2019,70.0,71.8553552855613
3550902,São Simão (SP),2020,70.0,71.1523839526479
3550902,São Simão (SP),2021,70.0,69.09130767344956
3550902,São Simão (SP),2022,70.0,73.35121118848369
3550902,São Simão (SP),2023,70.0,73.19189504303266
3550902,São Simão (SP),2024,70.0,71.05180299080628
3551108,Sarapuí (SP),2011,85.0,85.03926448446575
3551108,Sarapuí (SP),2012,70.0,82.31864272238397
3551108,Sarapuí (SP),2013,81.0,74.47081031745348
3551108,Sarapuí (SP),2014,71.0,74.32697328561716
3551108,Sarapuí (SP),2015,85.0,71.66997159501938
3551108,Sarapuí (SP),2016,85.0,82.72771870515516
3551108,Sarapuí (SP),2017,85.0,82.15512914640439
3551207,Sarutaiá (SP),2003,80.0,77.2485977271526
3551207,Sarutaiá (SP),2004,82.0,80.94340078521536
3551207,Sarutaiá (SP),2005,79.663,78.04537055450436
3551207,Sarutaiá (SP),2006,80.0,79.7777903508917
3551207,Sarutaiá (SP),2007,80.0,83.62251506851513
3551207,Sarutaiá (SP),2008,80.0,80.07436342267937
3551207,Sarutaiá (SP),2009,80.0,79.6305526495175
3551207,Sarutaiá (SP),2010,80.0,79.21397283720145
3551207,Sarutaiá (SP),2011,81.5,78.35107741200915
3551207,Sarutaiá (SP),2012,81.5,80.96697155917087
3551207,Sarutaiá (SP),2013,90.0,86.3326343817578
3551207,Sarutaiá (SP),2014,90.0,91.34521104668929
3551207,Sarutaiá (SP),2015,90.0,88.84211118209215
3551207,Sarutaiá (SP),2016,90.0,88.53521979350425
3551207,Sarutaiá (SP),2017,90.0,89.19427355299811
3551207,Sarutaiá (SP),2018,90.0,88.67315892740908
3551207,Sarutaiá (SP),2019,90.0,87.7469666188271
3551207,Sarutaiá (SP),2020,90.0,87.3170129221001
3551207,Sarutaiá (SP),2021,90.0,87.49221320253987
3551207,Sarutaiá (SP),2022,90.0,87.5423087041485
3551207,Sarutaiá (SP),2023,90.0,88.12304830462688
3551207,Sarutaiá (SP),2024,90.0,87.53469410691169
3551306,Sebastianópolis do Sul (SP),2001,60.0,64.8619606720673
3551306,Sebastianópolis do Sul (SP),2002,80.0,77.21179281224114
3551306,Sebastianópolis do Sul (SP),2003,120.0,91.68874010051793
3551306,Sebastianópolis do Sul (SP),2004,80.0,100.34920334114447
3551306,Sebastianópolis do Sul (SP),2005,99.363,91.41913751774601
3551306,Sebastianópolis do Sul (SP),2006,123.0,108.01897152779222
3551306,Sebastianópolis do Sul (SP),2007,100.0,103.59745976441613
3551306,Sebastianópolis do Sul (SP),2008,100.0,94.62371790357753
3551306,Sebastianópolis do Sul (SP),2009,90.0,89.07125958960971
3551306,Sebastianópolis do Sul (SP),2010,90.0,88.30842565999228
3551306,Sebastianópolis do Sul (SP),2011,90.0,89.01300397813087
3551306,Sebastianópolis do Sul (SP),2012,70.0,85.13248377932636
3551306,Sebastianópolis do Sul (SP),2013,80.0,74.85549835082443
3551306,Sebastianópolis do Sul (SP),2014,60.0,74.4579107148072
3551306,Sebastianópolis do Sul (SP),2015,80.0,74.37400743556975
3551306,Sebastianópolis do Sul (SP),2016,80.0,80.22289403550087
3551306,Sebastianópolis do Sul (SP),2017,80.0,79.97397688709837
3551306,Sebastianópolis do Sul (SP),2018,70.0,74.37140969556215
3551306,Sebastianópolis do Sul (SP),2019,70.0,69.53676022707026
3551306,Sebastianópolis do Sul (SP),2020,70.0,71.96803197238079
3551306,Sebastianópolis do Sul (SP),2021,50.0,64.99648835089667
3551306,Sebastianópolis do Sul (SP),2022,80.0,72.20578097349875
3551306,Sebastianópolis do Sul (SP),2023,80.0,82.25180187972997
3551306,Sebastianópolis do Sul (SP),2024,60.0,74.09017234913831
3551405,Serra Azul (SP),2001,70.0,71.97345778311964
3551405,Serra Azul (SP),2002,70.0,69.18968233186406
3551405,Serra Azul (SP),2003,70.0,70.72641638337628
3551405,Serra Azul (SP),2004,70.0,70.94254567102617
3551405,Serra Azul (SP),2005,69.535,71.29545193675415
3551405,Serra Azul (SP),2006,70.0,71.14142006409764
3551405,Serra Azul (SP),2007,74.828,72.9512327120475
3551405,Serra Azul (SP),2008,70.0,74.27022140129606
3551405,Serra Azul (SP),2009,74.948,72.84045161825279
3551405,Serra Azul (SP),2010,75.0,75.3675693907959
3551405,Serra Azul (SP),2011,75.0,77.16537402458732
3551405,Serra Azul (SP),2012,80.0,77.84879197818776
3551405,Serra Azul (SP),2013,81.397,80.44176107374649
3551405,Serra Azul (SP),2014,74.1,74.53182072033525
3551405,Serra Azul (SP),2015,72.0,73.57897582478827
3551405,Serra Azul (SP),2016,70.0,74.38393015374919
3551405,Serra Azul (SP),2017,79.223,75.15018423420943
3551405,Serra Azul (SP),2018,79.223,82.06832226011892
3551405,Serra Azul (SP),2019,79.223,77.9995051186816
3551405,Serra Azul (SP),2020,79.223,78.76415501378725
3551405,Serra Azul (SP),2021,79.223,77.55858857424522
3551405,Serra Azul (SP),2022,79.223,81.43826777830841
3551405,Serra Azul (SP),2023,79.223,79.78282102668805
3551405,Serra Azul (SP),2024,79.223,80.12319601522988
3551504,Serrana (SP),2001,80.0,77.90794749901237
3551504,Serrana (SP),2002,80.0,81.6560237275267
3551504,Serrana (SP),2003,80.0,80.91270522990683
3551504,Serrana (SP),2004,80.0,80.31148606899727
3551504,Serrana (SP),2005,79.475,81.82436557726788
3551504,Serrana (SP),2006,80.0,82.70073403153692
3551504,Serrana (SP),2007,80.0,80.44275580378323
3551504,Serrana (SP),2008,83.0,81.92719902416046
3551504,Serrana (SP),2009,85.0,86.19202260266431
3551504,Serrana (SP),2010,85.0,83.01574509734841
3551504,Serrana (SP),2011,85.0,84.19070764038298
3551504,Serrana (SP),2012,80.0,80.456281633103
3551504,Serrana (SP),2013,82.0,82.00043927949531
3551504,Serrana (SP),2014,74.1,74.11732253191249
3551504,Serrana (SP),2015,74.0,74.2115866785645
3551504,Serrana (SP),2016,80.0,77.47344325145245
3551504,Serrana (SP),2017,74.0,78.30344435610984
3551504,Serrana (SP),2018,74.0,75.13185385829908
3551504,Serrana (SP),2019,74.0,75.44003683303002
3551504,Serrana (SP),2020,74.0,75.84593322801344
3551504,Serrana (SP),2021,74.0,73.21349506306345
3551504,Serrana (SP),2022,74.0,73.43446810217527
3551504,Serrana (SP),2023,74.0,76.19661165557379
3551504,Serrana (SP),2024,74.0,75.0191962239593
3551603,Serra Negra (SP),2001,60.0,62.95815374604218
3551603,Serra Negra (SP),2002,60.0,63.03844683041957
3551603,Serra Negra (SP),2003,60.0,62.50959857666342
3551603,Serra Negra (SP),2004,100.0,78.43256326099704
3551603,Serra Negra (SP),2005,99.401,96.99425405275828
3551603,Serra Negra (SP),2006,80.0,91.02019823472997
3551603,Serra Negra (SP),2007,100.0,86.51610543613202
3551603,Serra Negra (SP),2008,100.0,100.82663896235722
3551603,Serra Negra (SP),2009,100.0,100.31759338516072
3551603,Serra Negra (SP),2010,52.0,71.76478744127155
3551603,Serra Negra (SP),2011,85.0,84.3360055028692
3551603,Serra Negra (SP),2012,70.0,79.26409073859625
3551603,Serra Negra (SP),2013,70.0,69.82795132660075
3551603,Serra Negra (SP),2014,70.0,65.85916489474033
3551603,Serra Negra (SP),2015,80.0,73.61608412365155
3551603,Serra Negra (SP),2016,80.0,79.6887566291158
3551603,Serra Negra (SP),2017,80.0,79.82883232183148
3551603,Serra Negra (SP),2018,80.0,77.69164027429996
3551603,Serra Negra (SP),2019,80.0,78.31916967326718
3551603,Serra Negra (SP),2020,80.0,78.34378113866434
3551603,Serra Negra (SP),2021,80.0,79.46724925007507
3551603,Serra Negra (SP),2022,80.0,76.30395659454429
3551603,Serra Negra (SP),2023,80.0,76.55099007236002
3551603,Serra Negra (SP),2024,80.0,79.25589141219294
3551702,Sertãozinho (SP),2001,74.764,83.11560241742542
3551702,Sertãozinho (SP),2002,80.0,77.89418264245586
3551702,Sertãozinho (SP),2003,80.0,84.64269931554587
3551702,Sertãozinho (SP),2004,80.0,80.83979933121627
3551702,Sertãozinho (SP),2005,82.148,82.15928284456064
3551702,Sertãozinho (SP),2006,80.0,81.3488542964089
3551702,Sertãozinho (SP),2007,78.125,80.28630962310915
3551702,Sertãozinho (SP),2008,83.0,82.38371448493925
3551702,Sertãozinho (SP),2009,80.0,84.589167259201
3551702,Sertãozinho (SP),2010,80.0,80.00919519803516
3551702,Sertãozinho (SP),2011,79.0,78.3098568886776
3551702,Sertãozinho (SP),2012,79.0,77.32581738901332
3551702,Sertãozinho (SP),2013,79.0,82.05582446194985
3551702,Sertãozinho (SP),2014,55.3,66.76707202744478
3551702,Sertãozinho (SP),2015,79.0,74.79344104324173
3551702,Sertãozinho (SP),2016,80.0,81.13899118062761
3551702,Sertãozinho (SP),2017,85.0,81.90515821320342
3551702,Sertãozinho (SP),2018,85.0,84.46040354076615
3551702,Sertãozinho (SP),2019,85.0,84.9086910283679
3551702,Sertãozinho (SP),2020,85.0,85.09389952470215
3551702,Sertãozinho (SP),2021,85.0,84.32811377323738
3551702,Sertãozinho (SP),2022,85.0,83.8456260504137
3551702,Sertãozinho (SP),2023,85.0,84.83843919458155
3551702,Sertãozinho (SP),2024,82.0,81.69749571280276
3551801,Sete Barras (SP),2018,40.0,44.52349182220557
3551801,Sete Barras (SP),2019,40.0,38.14465016680543
3551801,Sete Barras (SP),2020,40.0,40.089698008547
3551801,Sete Barras (SP),2021,40.0,39.38042756924939
3551801,Sete Barras (SP),2022,40.0,39.26834839302284
3551801,Sete Barras (SP),2023,40.0,39.2784517639852
3551801,Sete Barras (SP),2024,40.0,40.1875029789924
3551900,Severínia (SP),2001,70.0,72.46421832109004
3551900,Severínia (SP),2002,63.653,78.04958193581047
3551900,Severínia (SP),2003,94.0,84.35880541762239
3551900,Severínia (SP),2004,86.0,87.83060504093915
3551900,Severínia (SP),2005,94.368,88.70865473933864
3551900,Severínia (SP),2006,85.0,87.35081409377307
3551900,Severínia (SP),2007,85.0,85.22910412631295
3551900,Severínia (SP),2008,85.0,85.79963113931842
3551900,Severínia (SP),2009,80.0,83.81004716787375
3551900,Severínia (SP),2010,85.0,80.81857782696028
3551900,Severínia (SP),2011,75.0,83.97105633821646
3551900,Severínia (SP),2012,75.0,76.45759792904757
3551900,Severínia (SP),2013,85.0,79.90590009666788
3551900,Severínia (SP),2014,65.0,70.417866306588
3551900,Severínia (SP),2015,73.0,70.74799823096487
3551900,Severínia (SP),2016,80.0,80.811155338146
3551900,Severínia (SP),2017,80.0,81.09310512878909
3551900,Severínia (SP),2018,65.0,79.90442101971972
3551900,Severínia (SP),2019,70.0,71.86770924885474
3551900,Severínia (SP),2020,75.0,76.52123529731848
3551900,Severínia (SP),2021,70.0,70.66517651281902
3551900,Severínia (SP),2022,70.0,78.48465122968642
3551900,Severínia (SP),2023,85.0,83.58734065953955
3551900,Severínia (SP),2024,80.0,75.17486980280835
3552007,Silveiras (SP),2003,50.0,51.26767074970862
3552007,Silveiras (SP),2004,50.0,48.60494611213622
3552007,Silveiras (SP),2005,62.6,56.170376747030744
3552007,Silveiras (SP),2006,60.0,62.65444392100826
3552007,Silveiras (SP),2008,62.6,65.22596190417917
3552007,Silveiras (SP),2009,65.0,63.119785905427925
3552007,Silveiras (SP),2010,65.0,65.57278256223894
3552007,Silveiras (SP),2011,65.0,64.46931984190371
3552007,Silveiras (SP),2012,65.0,65.2209329940615
3552007,Silveiras (SP),2013,65.0,64.59884568174883
3552007,Silveiras (SP),2014,65.0,63.796240611541236
3552007,Silveiras (SP),2015,65.0,64.72487377615441
3552007,Silveiras (SP),2016,65.0,64.9636243682984
3552007,Silveiras (SP),2017,65.0,65.03220829348429
3552007,Silveiras (SP),2018,65.0,65.05565403427127
3552007,Silveiras (SP),2019,65.0,64.84668734343433
3552007,Silveiras (SP),2020,65.0,64.54270589919803
3552007,Silveiras (SP),2021,65.0,64.74084769101732
3552007,Silveiras (SP),2022,65.0,64.26216505297482
3552007,Silveiras (SP),2023,81.25,70.51357105194808
3552007,Silveiras (SP),2024,65.0,75.9107961083361
3552106,Socorro (SP),2001,80.0,76.98273054741065
3552106,Socorro (SP),2002,80.0,79.0900324788984
3552106,Socorro (SP),2003,75.0,72.49594875475323
3552106,Socorro (SP),2004,74.0,68.38695191985207
3552106,Socorro (SP),2005,73.738,68.2237913497379
3552106,Socorro (SP),2006,80.0,71.74689991160936
3552106,Socorro (SP),2007,74.0,70.88707419409512
3552106,Socorro (SP),2008,70.0,66.5924540672626
3552106,Socorro (SP),2009,70.0,68.16430988709229
3552106,Socorro (SP),2010,51.0,61.490189217152135
3552106,Socorro (SP),2011,80.0,59.44258024094249
3552106,Socorro (SP),2012,80.0,73.6102271937244
3552106,Socorro (SP),2013,80.0,73.59825306833444
3552106,Socorro (SP),2014,80.0,77.43956623106777
3552106,Socorro (SP),2015,80.0,80.19622803465936
3552106,Socorro (SP),2016,80.0,79.47369005639739
3552106,Socorro (SP),2017,80.0,78.97973868198363
3552106,Socorro (SP),2018,80.0,81.13174867300067
3552106,Socorro (SP),2019,80.0,80.24530855144175
3552106,Socorro (SP),2020,80.0,81.1576558309515
3552106,Socorro (SP),2021,80.0,78.76491952354593
3552106,Socorro (SP),2022,80.0,76.94829811911033
3552106,Socorro (SP),2023,80.0,79.84188150962171
3552106,Socorro (SP),2024,80.0,80.61962659443316
3552205,Sorocaba (SP),2001,70.0,74.47061165392542
3552205,Sorocaba (SP),2002,80.0,73.73452505469038
3552205,Sorocaba (SP),2003,80.0,75.26689238767327
3552205,Sorocaba (SP),2004,70.0,76.72598007384488
3552205,Sorocaba (SP),2005,79.461,77.21875040133182
3552205,Sorocaba (SP),2006,70.0,88.72006010299096
3552205,Sorocaba (SP),2008,79.461,71.0523597889182
3552205,Sorocaba (SP),2009,50.0,65.41204583294606
3552205,Sorocaba (SP),2010,80.0,64.79395687358472
3552205,Sorocaba (SP),2011,100.0,81.4161099288055
3552205,Sorocaba (SP),2012,100.0,91.58665527516014
3552205,Sorocaba (SP),2013,80.0,87.6641822957489
3552205,Sorocaba (SP),2014,80.0,75.80385381342266
3552205,Sorocaba (SP),2015,100.0,86.75124115324256
3552205,Sorocaba (SP),2016,100.0,90.71117559169988
3552205,Sorocaba (SP),2017,100.0,99.36825046758571
3552205,Sorocaba (SP),2018,100.0,95.8975958479617
3552205,Sorocaba (SP),2019,75.0,84.64569266849017
3552205,Sorocaba (SP),2020,100.0,89.0492189072194
3552205,Sorocaba (SP),2021,100.0,96.32875503791402
3552205,Sorocaba (SP),2022,100.0,98.33458786201223
3552205,Sorocaba (SP),2023,80.0,95.58235447083611
3552205,Sorocaba (SP),2024,70.0,76.30419782238216
3552304,Sud Mennucci (SP),2001,68.0,72.80815092270683
3552304,Sud Mennucci (SP),2002,73.469,73.94151935152445
3552304,Sud Mennucci (SP),2003,89.056,84.34173304749143
3552304,Sud Mennucci (SP),2004,83.204,88.36144739543624
3552304,Sud Mennucci (SP),2005,74.462,77.63336198298431
3552304,Sud Mennucci (SP),2006,90.0,78.99996373500635
3552304,Sud Mennucci (SP),2007,90.0,89.65340536809713
3552304,Sud Mennucci (SP),2008,80.333,85.56843449072791
3552304,Sud Mennucci (SP),2009,73.316,75.6361511017008
3552304,Sud Mennucci (SP),2010,77.0,77.46660994692084
3552304,Sud Mennucci (SP),2011,70.0,75.89564835384937
3552304,Sud Mennucci (SP),2012,66.094,65.35925465975319
3552304,Sud Mennucci (SP),2013,78.231,73.30250609038232
3552304,Sud Mennucci (SP),2014,72.526,73.7247061559795
3552304,Sud Mennucci (SP),2015,64.912,69.46866567437606
3552304,Sud Mennucci (SP),2016,75.0,71.51587173826938
3552304,Sud Mennucci (SP),2017,82.0,80.73432260274856
3552304,Sud Mennucci (SP),2018,82.0,80.87955388133594
3552304,Sud Mennucci (SP),2019,75.0,76.8847801266215
3552304,Sud Mennucci (SP),2020,77.333,74.49971301501456
3552304,Sud Mennucci (SP),2021,60.0,70.10156045765346
3552304,Sud Mennucci (SP),2022,75.0,70.93177504608822
3552304,Sud Mennucci (SP),2023,75.0,77.9592943458217
3552304,Sud Mennucci (SP),2024,67.0,69.18449780240108
3552403,Sumaré (SP),2001,60.0,66.70125276768114
3552403,Sumaré (SP),2002,60.0,65.72092033435376
3552403,Sumaré (SP),2003,60.0,60.98369502417704
3552403,Sumaré (SP),2004,60.0,61.684304747739404
3552403,Sumaré (SP),2005,59.597,60.86570531739865
3552403,Sumaré (SP),2006,85.0,69.40316168145162
3552403,Sumaré (SP),2007,60.0,74.91622386686818
3552403,Sumaré (SP),2008,60.0,61.50566219346746
3552403,Sumaré (SP),2009,60.0,71.15550069361234
3552403,Sumaré (SP),2011,60.0,62.99332896830943
3552403,Sumaré (SP),2012,60.0,62.85754074472733
3552403,Sumaré (SP),2013,90.0,67.31632680394269
3552403,Sumaré (SP),2014,90.0,85.63671517570991
3552403,Sumaré (SP),2015,82.85,86.43146198921715
3552403,Sumaré (SP),2016,90.0,84.77313945779166
3552403,Sumaré (SP),2017,96.552,89.56291006043998
3552403,Sumaré (SP),2018,85.0,91.15603196094703
3552403,Sumaré (SP),2019,85.0,84.65384640318749
3552403,Sumaré (SP),2020,85.0,85.53890021705702
3552403,Sumaré (SP),2021,86.667,83.68857829816379
3552403,Sumaré (SP),2022,148.75,96.31694902148136
3552403,Sumaré (SP),2023,85.556,96.57169010683315
3552403,Sumaré (SP),2024,85.741,82.89765414758455
3552551,Suzanápolis (SP),2001,100.0,93.92231736789135
3552551,Suzanápolis (SP),2002,93.125,91.76255291999884
3552551,Suzanápolis (SP),2003,85.093,76.83741934476843
3552551,Suzanápolis (SP),2004,79.289,79.1199802414114
3552551,Suzanápolis (SP),2005,87.142,79.06753736198729
3552551,Suzanápolis (SP),2006,80.0,81.53186004342876
3552551,Suzanápolis (SP),2008,90.0,85.98123462678306
3552551,Suzanápolis (SP),2009,96.979,92.87125249559281
3552551,Suzanápolis (SP),2010,96.0,92.51753429538272
3552551,Suzanápolis (SP),2011,100.0,98.54959916070038
3552551,Suzanápolis (SP),2012,60.616,78.59933239971144
3552551,Suzanápolis (SP),2013,67.493,71.1869772740415
3552551,Suzanápolis (SP),2014,58.48,66.30137479558654
3552551,Suzanápolis (SP),2015,82.469,79.90396483012823
3552551,Suzanápolis (SP),2016,80.0,81.15565546392806
3552551,Suzanápolis (SP),2017,100.0,85.74131870706574
3552551,Suzanápolis (SP),2018,70.0,86.17221150002777
3552551,Suzanápolis (SP),2019,75.0,68.70900208620695
3552551,Suzanápolis (SP),2020,76.0,76.11076178031689
3552551,Suzanápolis (SP),2021,72.0,70.85914129380342
3552551,Suzanápolis (SP),2022,75.0,72.99383904640547
3552551,Suzanápolis (SP),2023,75.0,77.35980736653337
3552551,Suzanápolis (SP),2024,67.0,69.30057813827366
3552601,Tabapuã (SP),2001,70.0,72.8239150611114
3552601,Tabapuã (SP),2002,85.0,82.54809330010922
3552601,Tabapuã (SP),2003,85.0,85.645701241642
3552601,Tabapuã (SP),2004,85.0,86.03006860090527
3552601,Tabapuã (SP),2005,84.438,84.67012248942883
3552601,Tabapuã (SP),2006,80.0,76.81748416094227
3552601,Tabapuã (SP),2007,85.0,83.29103039160553
3552601,Tabapuã (SP),2008,90.0,86.38988843680355
3552601,Tabapuã (SP),2009,90.0,89.14536526430942
3552601,Tabapuã (SP),2010,90.0,89.8546042655783
3552601,Tabapuã (SP),2011,90.0,81.93542807764204
3552601,Tabapuã (SP),2012,90.0,83.86960295143757
3552601,Tabapuã (SP),2013,90.0,89.16793670992534
3552601,Tabapuã (SP),2014,70.0,74.17366992288842
3552601,Tabapuã (SP),2015,90.0,80.54487993394571
3552601,Tabapuã (SP),2016,90.0,91.04700578588464
3552601,Tabapuã (SP),2017,90.0,88.35984589032454
3552601,Tabapuã (SP),2018,90.0,87.17538875140434
3552601,Tabapuã (SP),2019,85.0,84.74972375682675
3552601,Tabapuã (SP),2020,85.0,84.61183531904163
3552601,Tabapuã (SP),2021,90.0,73.52842500518396
3552601,Tabapuã (SP),2022,90.0,86.83055568766231
3552601,Tabapuã (SP),2023,90.0,90.53399129029633
3552601,Tabapuã (SP),2024,80.0,79.9238286613942
3552700,Tabatinga (SP),2001,85.0,81.81555787182134
3552700,Tabatinga (SP),2002,85.0,84.2351391986859
3552700,Tabatinga (SP),2003,85.0,84.97007168775026
3552700,Tabatinga (SP),2004,85.0,84.51990157780239
3552700,Tabatinga (SP),2005,84.437,84.86747104347694
3552700,Tabatinga (SP),2006,85.0,83.85660658563503
3552700,Tabatinga (SP),2007,85.0,85.53724243941399
3552700,Tabatinga (SP),2008,88.0,85.54925025100987
3552700,Tabatinga (SP),2009,88.0,87.65450778664781
3552700,Tabatinga (SP),2010,90.0,87.74930916986779
3552700,Tabatinga (SP),2011,90.0,88.93974508018086
3552700,Tabatinga (SP),2012,90.0,88.33396192581145
3552700,Tabatinga (SP),2013,90.0,88.96811354387972
3552700,Tabatinga (SP),2014,64.0,67.98028398861229
3552700,Tabatinga (SP),2015,64.0,65.25255468890049
3552700,Tabatinga (SP),2016,88.0,75.53715067902394
3552700,Tabatinga (SP),2017,80.0,82.91227986263563
3552700,Tabatinga (SP),2018,70.0,80.56850728824199
3552700,Tabatinga (SP),2019,69.36,74.36720865567507
3552700,Tabatinga (SP),2020,72.0,75.32020891675995
3552700,Tabatinga (SP),2021,75.0,72.3085298490969
3552700,Tabatinga (SP),2022,72.0,76.53865655185807
3552700,Tabatinga (SP),2023,86.0,83.43742582358796
3552700,Tabatinga (SP),2024,68.604,76.86671772276335
3552908,Taciba (SP),2001,60.0,67.8485312792947
3552908,Taciba (SP),2002,60.0,62.358357748873686
3552908,Taciba (SP),2003,60.0,70.55170700375604
3552908,Taciba (SP),2004,60.0,61.40640273636206
3552908,Taciba (SP),2005,59.605,66.33917834053929
3552908,Taciba (SP),2006,60.0,66.73433586751197
3552908,Taciba (SP),2008,60.0,65.23836735002928
3552908,Taciba (SP),2009,70.0,70.79555652595319
3552908,Taciba (SP),2010,70.0,74.53891465697848
3552908,Taciba (SP),2011,70.0,71.03391376353382
3552908,Taciba (SP),2012,71.6,70.80179710810877
3552908,Taciba (SP),2013,80.0,76.2365787550559
3552908,Taciba (SP),2014,70.0,75.51966160224539
3552908,Taciba (SP),2015,90.0,79.97125565921162
3552908,Taciba (SP),2016,70.0,77.63104213113597
3552908,Taciba (SP),2017,70.0,72.20422570376739
3552908,Taciba (SP),2018,90.0,81.92253620207057
3552908,Taciba (SP),2019,90.0,88.44625251710684
3552908,Taciba (SP),2020,81.111,82.75112047237404
3552908,Taciba (SP),2021,78.064,79.4425433755684
3552908,Taciba (SP),2022,80.864,80.57688560332318
3552908,Taciba (SP),2023,81.332,80.65550724463783
3552908,Taciba (SP),2024,83.811,81.58889648753207
3553005,Taguaí (SP),2003,80.0,72.28894603568638
3553005,Taguaí (SP),2004,82.0,79.25339187106391
3553005,Taguaí (SP),2005,80.23,77.8889027998146
3553005,Taguaí (SP),2006,80.0,76.28236484520725
3553005,Taguaí (SP),2007,80.0,78.01889538906654
3553005,Taguaí (SP),2008,80.0,77.4949441094397
3553005,Taguaí (SP),2009,81.0,78.28652854715381
3553005,Taguaí (SP),2010,80.0,79.70175478650131
3553005,Taguaí (SP),2011,82.0,78.35107741200915
3553005,Taguaí (SP),2012,81.5,81.16263141427353
3553005,Taguaí (SP),2013,85.0,85.94792403095028
3553005,Taguaí (SP),2014,86.0,80.26390510776255
3553104,Taiaçu (SP),2001,95.0,91.97217662824018
3553104,Taiaçu (SP),2002,85.0,86.89417071114511
3553104,Taiaçu (SP),2003,85.0,86.54799897563952
3553104,Taiaçu (SP),2004,99.0,89.35245590204039
3553104,Taiaçu (SP),2005,98.353,95.39358425679106
3553104,Taiaçu (SP),2006,85.0,87.99256145779607
3553104,Taiaçu (SP),2007,85.0,86.05807494441785
3553104,Taiaçu (SP),2008,90.0,87.06472813839727
3553104,Taiaçu (SP),2009,90.0,88.09883853722725
3553104,Taiaçu (SP),2010,90.0,89.7397672859438
3553104,Taiaçu (SP),2011,85.0,85.37856024866156
3553104,Taiaçu (SP),2012,85.0,83.2092828270097
3553104,Taiaçu (SP),2013,85.0,85.09678428831596
3553104,Taiaçu (SP),2014,80.0,72.16084414452784
3553104,Taiaçu (SP),2015,82.0,83.7080987296234
3553104,Taiaçu (SP),2016,83.0,83.62464027701573
3553104,Taiaçu (SP),2017,83.0,82.65067604083488
3553104,Taiaçu (SP),2018,70.0,77.59945960486463
3553104,Taiaçu (SP),2019,75.0,72.92498315440338
3553104,Taiaçu (SP),2020,75.0,75.72343369122426
3553104,Taiaçu (SP),2021,70.0,71.19765379506904
3553104,Taiaçu (SP),2022,85.0,80.5999811369799
3553104,Taiaçu (SP),2023,90.0,87.27658026056496
3553104,Taiaçu (SP),2024,80.0,78.12103187376513
3553203,Taiúva (SP),2001,80.0,73.39171913284744
3553203,Taiúva (SP),2002,80.0,81.54783370138729
3553203,Taiúva (SP),2003,80.0,80.50604085371056
3553203,Taiúva (SP),2004,91.0,86.21261035390569
3553203,Taiúva (SP),2005,92.391,91.64763019744274
3553203,Taiúva (SP),2006,95.0,87.9098490206296
3553203,Taiúva (SP),2007,95.0,93.63435745416291
3553203,Taiúva (SP),2008,95.0,92.8914613387346
3553203,Taiúva (SP),2009,94.0,91.81329562395246
3553203,Taiúva (SP),2010,90.0,90.34422156803626
3553203,Taiúva (SP),2011,85.0,85.44490358151701
3553203,Taiúva (SP),2012,85.0,82.59293091200905
3553203,Taiúva (SP),2013,85.0,84.58382456799492
3553203,Taiúva (SP),2014,75.0,70.78398611786008
3553203,Taiúva (SP),2015,77.0,77.40817170446243
3553203,Taiúva (SP),2016,85.0,84.39288969966452
3553203,Taiúva (SP),2017,85.0,83.82204369287152
3553203,Taiúva (SP),2018,75.0,81.58893727501132
3553203,Taiúva (SP),2019,75.0,75.07319742283774
3553203,Taiúva (SP),2020,75.0,75.76035030738588
3553203,Taiúva (SP),2021,70.0,71.1312825926881
3553203,Taiúva (SP),2022,85.0,80.70145091516106
3553203,Taiúva (SP),2023,90.0,87.27286052808633
3553203,Taiúva (SP),2024,80.0,78.11421008417973
3553302,Tambaú (SP),2001,80.0,80.12977596734922
3553302,Tambaú (SP),2002,80.0,81.18252124000536
3553302,Tambaú (SP),2003,80.0,80.68174113846176
3553302,Tambaú (SP),2004,80.0,80.04126913778933
3553302,Tambaú (SP),2005,77.518,81.15054399164697
3553302,Tambaú (SP),2006,80.0,81.98886339414247
3553302,Tambaú (SP),2007,80.0,80.48487396950182
3553302,Tambaú (SP),2008,80.0,80.99414160268756
3553302,Tambaú (SP),2009,80.0,81.37925357919684
3553302,Tambaú (SP),2010,80.0,80.19860259446341
3553302,Tambaú (SP),2011,80.0,79.25524378495527
3553302,Tambaú (SP),2012,71.4,73.40594171993
3553302,Tambaú (SP),2013,70.0,78.281108966152
3553302,Tambaú (SP),2014,50.0,64.42296200992062
3553302,Tambaú (SP),2015,80.0,75.24287892757245
3553302,Tambaú (SP),2016,80.0,80.69811692001541
3553302,Tambaú (SP),2017,80.0,78.18182719697717
3553302,Tambaú (SP),2018,90.0,82.83339792420834
3553302,Tambaú (SP),2019,90.0,89.15442938157173
3553302,Tambaú (SP),2020,80.0,86.54835306093165
3553302,Tambaú (SP),2021,80.0,77.5370811365979
3553302,Tambaú (SP),2022,84.444,82.30907044037947
3553302,Tambaú (SP),2023,80.0,82.89778322709675
3553302,Tambaú (SP),2024,80.0,80.36859090224092
3553401,Tanabi (SP),2001,80.0,76.43390289498952
3553401,Tanabi (SP),2002,80.0,73.24290230979736
3553401,Tanabi (SP),2003,80.0,78.9526766859157
3553401,Tanabi (SP),2004,70.0,77.46311710041422
3553401,Tanabi (SP),2005,79.463,74.09570081054584
3553401,Tanabi (SP),2006,86.0,91.9766173232302
3553401,Tanabi (SP),2007,90.0,86.28800373286516
3553401,Tanabi (SP),2008,100.0,92.08440729914945
3553401,Tanabi (SP),2009,90.0,92.6473104229762
3553401,Tanabi (SP),2010,90.0,89.3675169109973
3553401,Tanabi (SP),2011,90.0,87.80436371396574
3553401,Tanabi (SP),2012,85.0,87.49399735819003
3553401,Tanabi (SP),2013,80.0,82.41403487890402
3553401,Tanabi (SP),2014,70.0,76.37400778689285
3553401,Tanabi (SP),2015,72.0,73.72554806732957
3553401,Tanabi (SP),2016,80.0,78.8286712181577
3553401,Tanabi (SP),2017,80.0,81.69602329005153
3553401,Tanabi (SP),2018,70.0,74.21302135851289
3553401,Tanabi (SP),2019,70.0,74.27570180722586
3553401,Tanabi (SP),2020,80.0,76.20823247623144
3553401,Tanabi (SP),2021,70.0,74.14522242988954
3553401,Tanabi (SP),2022,80.0,76.10580486009441
3553401,Tanabi (SP),2023,80.0,84.66359790623441
3553401,Tanabi (SP),2024,80.0,79.53691688870414
3553500,Tapiraí (SP),2003,60.0,65.01128537275221
3553500,Tapiraí (SP),2004,60.0,62.055757816905306
3553500,Tapiraí (SP),2005,60.173,57.899831129519846
3553500,Tapiraí (SP),2006,60.173,61.416610849238076
3553500,Tapiraí (SP),2007,60.173,61.22887711616164
3553500,Tapiraí (SP),2008,60.173,62.193603408702394
3553609,Tapiratiba (SP),2001,80.0,78.27837418331337
3553609,Tapiratiba (SP),2002,88.0,82.67587657279059
3553609,Tapiratiba (SP),2003,85.0,87.9344461808249
3553609,Tapiratiba (SP),2004,85.0,86.22580536859809
3553609,Tapiratiba (SP),2005,84.43,85.06801850369658
3553609,Tapiratiba (SP),2006,85.0,86.05158596130512
3553609,Tapiratiba (SP),2007,90.0,87.74190952251152
3553609,Tapiratiba (SP),2008,84.0,87.11213181716
3553609,Tapiratiba (SP),2009,84.0,85.57376991801785
3553609,Tapiratiba (SP),2010,90.0,85.7444785608411
3553609,Tapiratiba (SP),2011,85.0,85.29186867721681
3553609,Tapiratiba (SP),2012,85.0,85.70357440182214
3553609,Tapiratiba (SP),2013,95.2,84.91833555385354
3553609,Tapiratiba (SP),2014,95.2,92.4867703810286
3553609,Tapiratiba (SP),2015,95.2,93.4068558996854
3553609,Tapiratiba (SP),2016,95.2,92.70436847883528
3553609,Tapiratiba (SP),2017,95.2,93.18881202011542
3553609,Tapiratiba (SP),2018,95.2,92.71656179564144
3553609,Tapiratiba (SP),2019,80.0,86.63430064567369
3553609,Tapiratiba (SP),2020,95.2,82.9210080073907
3553609,Tapiratiba (SP),2021,95.2,92.68818494193869
3553609,Tapiratiba (SP),2022,95.2,94.3425436414151
3553609,Tapiratiba (SP),2023,90.0,84.50513530179654
3553609,Tapiratiba (SP),2024,98.688,86.71561838536788
3553658,Taquaral (SP),2001,90.0,90.37033005965532
3553658,Taquaral (SP),2002,90.0,88.74537904820585
3553658,Taquaral (SP),2003,90.0,89.32205539816083
3553658,Taquaral (SP),2004,90.0,89.39015506887237
3553658,Taquaral (SP),2005,89.396,89.62659037574726
3553658,Taquaral (SP),2006,85.0,94.2717737689035
3553658,Taquaral (SP),2007,98.0,88.9957753603268
3553658,Taquaral (SP),2008,9.0,72.4764390297821
3553658,Taquaral (SP),2009,85.0,85.9827265117383
3553658,Taquaral (SP),2010,85.0,84.03689078714172
3553658,Taquaral (SP),2011,80.0,81.61718389843428
3553658,Taquaral (SP),2012,72.034,76.09371229655872
3553658,Taquaral (SP),2013,72.034,75.61054965676065
3553658,Taquaral (SP),2014,72.034,71.82052472195497
3553658,Taquaral (SP),2015,80.0,78.58544668110919
3553658,Taquaral (SP),2016,80.0,85.00820156263464
3553658,Taquaral (SP),2017,80.0,81.5005352062575
3553658,Taquaral (SP),2018,70.0,83.34174655155454
3553658,Taquaral (SP),2019,75.0,76.69575952428198
3553658,Taquaral (SP),2020,75.0,77.80893171778597
3553658,Taquaral (SP),2021,70.0,71.4320452074661
3553658,Taquaral (SP),2022,80.0,78.1369572874788
3553658,Taquaral (SP),2023,80.0,83.47857391918681
3553658,Taquaral (SP),2024,78.0,79.3888571246914
3553708,Taquaritinga (SP),2001,80.0,78.43449347157915
3553708,Taquaritinga (SP),2002,80.0,80.78252261464635
3553708,Taquaritinga (SP),2003,80.0,80.45239422283221
3553708,Taquaritinga (SP),2004,80.0,80.28794024114626
3553708,Taquaritinga (SP),2005,82.145,82.20029430132328
3553708,Taquaritinga (SP),2006,95.0,83.66210571855403
3553708,Taquaritinga (SP),2007,95.0,92.54046509790258
3553708,Taquaritinga (SP),2008,95.0,93.14821442084057
3553708,Taquaritinga (SP),2009,95.0,92.19233143946451
3553708,Taquaritinga (SP),2010,90.0,90.59218675948529
3553708,Taquaritinga (SP),2011,90.0,88.87445444812755
3553708,Taquaritinga (SP),2012,88.0,88.23406060080663
3553708,Taquaritinga (SP),2013,88.0,88.01312673456673
3553708,Taquaritinga (SP),2014,60.2,66.4369296749778
3553708,Taquaritinga (SP),2015,90.0,71.16147884500859
3553708,Taquaritinga (SP),2016,90.0,88.88515454965483
3553708,Taquaritinga (SP),2017,90.0,88.698272979066
3553708,Taquaritinga (SP),2018,89.0,85.62823920540741
3553708,Taquaritinga (SP),2019,90.0,87.98205779359336
3553708,Taquaritinga (SP),2020,87.0,86.5128324378691
3553708,Taquaritinga (SP),2021,79.0,74.80933081303418
3553708,Taquaritinga (SP),2022,81.0,82.62468748536685
3553708,Taquaritinga (SP),2023,90.0,85.35131593845068
3553708,Taquaritinga (SP),2024,82.0,80.96907128137141
3553807,Taquarituba (SP),2001,72.903,65.86335734842939
3553807,Taquarituba (SP),2002,60.0,71.5248143915056
3553807,Taquarituba (SP),2003,60.0,64.50421172814954
3553807,Taquarituba (SP),2004,70.0,67.0190017112332
3553807,Taquarituba (SP),2005,69.53,71.71329796508068
3553807,Taquarituba (SP),2006,70.0,69.61827224072768
3553807,Taquarituba (SP),2007,70.0,73.76528225316449
3553807,Taquarituba (SP),2008,70.0,70.38830115553922
3553807,Taquarituba (SP),2009,70.0,73.85240984916044
3553807,Taquarituba (SP),2010,70.0,71.89366058725832
3553807,Taquarituba (SP),2011,70.0,72.50937821287044
3553807,Taquarituba (SP),2012,70.0,71.65647221375575
3553807,Taquarituba (SP),2013,70.0,68.66730045361611
3553807,Taquarituba (SP),2014,70.0,73.28616247289762
3553807,Taquarituba (SP),2015,130.0,75.89607724776802
3553807,Taquarituba (SP),2016,70.0,103.16340777824954
3553807,Taquarituba (SP),2017,80.0,72.26821067321232
3553807,Taquarituba (SP),2018,70.0,76.2328890001719
3553807,Taquarituba (SP),2019,70.0,71.96565880498632
3553807,Taquarituba (SP),2020,70.0,69.78689755100456
3553807,Taquarituba (SP),2021,70.0,70.07971115279776
3553807,Taquarituba (SP),2022,70.0,73.24707788359488
3553807,Taquarituba (SP),2023,70.0,70.22578598384015
3553807,Taquarituba (SP),2024,10.0,59.66799168066651
3553856,Taquarivaí (SP),2007,75.0,58.76366984948388
3553856,Taquarivaí (SP),2008,30.0,63.89007190066878
3553856,Taquarivaí (SP),2009,30.0,32.91510501180762
3553856,Taquarivaí (SP),2011,40.0,36.48387176296906
3553906,Tarabai (SP),2007,70.0,69.61220407854337
3553906,Tarabai (SP),2008,65.0,70.10757734679062
3553906,Tarabai (SP),2009,80.0,76.38353586104182
3553906,Tarabai (SP),2010,75.0,82.82132150497979
3553906,Tarabai (SP),2011,70.0,73.32447012823856
3553906,Tarabai (SP),2012,70.0,70.9685199927991
3553906,Tarabai (SP),2013,80.0,75.9079547265846
3553906,Tarabai (SP),2014,77.0,77.59291640832853
3553906,Tarabai (SP),2015,80.0,77.1990635983927
3553906,Tarabai (SP),2016,80.0,80.62585831501391
3553906,Tarabai (SP),2017,80.0,78.21988958242204
3553906,Tarabai (SP),2018,80.0,80.63349491896865
3553906,Tarabai (SP),2019,80.0,79.53501932074234
3553906,Tarabai (SP),2020,80.0,79.42033082335293
3553906,Tarabai (SP),2021,80.313,79.56134079930439
3553906,Tarabai (SP),2022,79.953,79.9865684668696
3553906,Tarabai (SP),2023,79.953,81.86510872578565
3553906,Tarabai (SP),2024,79.984,79.98205548779937
3553955,Tarumã (SP),2001,94.0,89.25878536727954
3553955,Tarumã (SP),2002,93.885,88.38927993377348
3553955,Tarumã (SP),2003,86.238,86.59465858963648
3553955,Tarumã (SP),2004,87.0,84.20440775509698
3553955,Tarumã (SP),2005,92.415,87.85154246916049
3553955,Tarumã (SP),2006,93.44,88.74938575871856
3553955,Tarumã (SP),2007,90.0,88.27196860154606
3553955,Tarumã (SP),2008,87.1,86.3331374228243
3553955,Tarumã (SP),2009,96.0,86.65020223581968
3553955,Tarumã (SP),2010,88.35,86.57119154432134
3553955,Tarumã (SP),2011,79.867,79.48246921701772
3553955,Tarumã (SP),2012,82.0,80.85099410138324
3553955,Tarumã (SP),2013,90.0,86.54699998891547
3553955,Tarumã (SP),2014,83.0,78.96501198871697
3553955,Tarumã (SP),2015,90.0,79.68985757979051
3553955,Tarumã (SP),2016,74.0,77.93032839237475
3553955,Tarumã (SP),2017,86.0,84.35163118565039
3553955,Tarumã (SP),2018,93.0,87.06318372433175
3553955,Tarumã (SP),2019,85.0,88.57852538892324
3553955,Tarumã (SP),2020,90.0,86.70110041954004
3553955,Tarumã (SP),2021,87.0,83.44916765021547
3553955,Tarumã (SP),2022,90.0,88.28947886912519
3553955,Tarumã (SP),2023,90.0,89.85088669750726
3553955,Tarumã (SP),2024,93.254,86.41322383159196
3554003,Tatuí (SP),2001,80.0,74.73347917547781
3554003,Tatuí (SP),2002,80.0,80.09511798325934
3554003,Tatuí (SP),2003,80.0,80.6738117263032
3554003,Tatuí (SP),2004,80.0,81.5978468027955
3554003,Tatuí (SP),2005,89.409,80.23425766604653
3554003,Tatuí (SP),2006,80.0,84.40133501949744
3554003,Tatuí (SP),2007,80.0,85.83046313205378
3554003,Tatuí (SP),2008,89.409,88.51821389297325
3554003,Tatuí (SP),2009,100.041,93.15724013177635
3554003,Tatuí (SP),2010,89.0,92.97586120276488
3554003,Tatuí (SP),2011,89.0,84.72055521035756
3554003,Tatuí (SP),2013,80.0,86.88900668186844
3554003,Tatuí (SP),2014,80.0,76.7867180239247
3554003,Tatuí (SP),2015,80.0,84.20959439326381
3554003,Tatuí (SP),2016,31.699,68.52677052637597
3554003,Tatuí (SP),2017,80.0,53.80562793915808
3554003,Tatuí (SP),2018,80.0,79.63146877763039
3554003,Tatuí (SP),2019,80.0,79.9171035049921
3554003,Tatuí (SP),2020,80.0,80.05599200775721
3554003,Tatuí (SP),2021,80.0,73.55525537384833
3554003,Tatuí (SP),2022,80.0,80.6482001351869
3554003,Tatuí (SP),2023,80.0,80.30032986289805
3554003,Tatuí (SP),2024,80.0,79.0488951350675
3554102,Taubaté (SP),2018,15.385,23.444141116237933
3554201,Tejupá (SP),2003,75.0,76.40224746364153
3554201,Tejupá (SP),2004,80.0,75.09553327064324
3554201,Tejupá (SP),2005,79.462,77.84957604904479
3554201,Tejupá (SP),2006,80.0,77.93678702001371
3554201,Tejupá (SP),2007,80.0,81.04862539936221
3554201,Tejupá (SP),2008,80.0,78.70597323600403
3554201,Tejupá (SP),2009,80.0,78.94455606246797
3554201,Tejupá (SP),2010,80.769,79.35096744539067
3554201,Tejupá (SP),2011,80.769,79.04293097430958
3554201,Tejupá (SP),2012,80.5,80.45136638517847
3554201,Tejupá (SP),2013,85.0,81.85409548571019
3554201,Tejupá (SP),2014,74.776,79.65201415152065
3554201,Tejupá (SP),2015,86.0,79.4737224923645
3554201,Tejupá (SP),2016,86.0,85.01778435015143
3554201,Tejupá (SP),2017,86.0,82.33372570996632
3554201,Tejupá (SP),2018,86.0,84.4293764998553
3554201,Tejupá (SP),2019,85.5,86.23360563716679
3554300,Teodoro Sampaio (SP),2001,70.0,70.55434711700131
3554300,Teodoro Sampaio (SP),2002,69.23,71.4556766748077
3554300,Teodoro Sampaio (SP),2003,50.0,65.30455475310985
3554300,Teodoro Sampaio (SP),2004,70.0,68.87175637268734
3554300,Teodoro Sampaio (SP),2005,61.614,67.34356309611306
3554300,Teodoro Sampaio (SP),2006,71.0,69.68145812165034
3554300,Teodoro Sampaio (SP),2007,71.0,73.45683549561274
3554300,Teodoro Sampaio (SP),2008,64.0,73.65849278227168
3554300,Teodoro Sampaio (SP),2009,64.0,67.90251253683662
3554300,Teodoro Sampaio (SP),2010,64.0,70.08424547261698
3554300,Teodoro Sampaio (SP),2011,64.0,71.29731394071268
3554300,Teodoro Sampaio (SP),2012,60.0,65.50868472233077
3554300,Teodoro Sampaio (SP),2013,64.0,67.88376638689967
3554300,Teodoro Sampaio (SP),2014,33.0,59.63560107247622
3554300,Teodoro Sampaio (SP),2015,110.028,59.71662587474332
3554300,Teodoro Sampaio (SP),2016,75.982,77.076148097019
3554300,Teodoro Sampaio (SP),2017,64.0,77.63512377368176
3554300,Teodoro Sampaio (SP),2018,65.346,66.37509687207702
3554300,Teodoro Sampaio (SP),2019,73.538,69.78994594280444
3554300,Teodoro Sampaio (SP),2020,60.0,65.06925518967509
3554300,Teodoro Sampaio (SP),2021,60.0,62.667883994880114
3554300,Teodoro Sampaio (SP),2022,65.221,65.52326191288627
3554300,Teodoro Sampaio (SP),2023,65.0,67.75152899088114
3554300,Teodoro Sampaio (SP),2024,73.992,68.91659878772613
3554409,Terra Roxa (SP),2001,96.969,84.41517122005708
3554409,Terra Roxa (SP),2002,83.87,87.37275246994933
3554409,Terra Roxa (SP),2003,89.0,85.22640047562022
3554409,Terra Roxa (SP),2004,90.0,87.26337005201609
3554409,Terra Roxa (SP),2005,92.417,90.75806406590837
3554409,Terra Roxa (SP),2006,100.0,92.1951488032731
3554409,Terra Roxa (SP),2007,85.0,87.96439039061632
3554409,Terra Roxa (SP),2008,85.0,84.58855012332361
3554409,Terra Roxa (SP),2009,90.0,86.28270485998058
3554409,Terra Roxa (SP),2010,90.0,90.77662263041542
3554409,Terra Roxa (SP),2011,65.0,78.62716559162945
3554409,Terra Roxa (SP),2012,85.0,78.56848041019767
3554409,Terra Roxa (SP),2013,85.0,83.97500358174669
3554409,Terra Roxa (SP),2014,68.0,70.69728645485074
3554409,Terra Roxa (SP),2015,75.0,76.5396895760949
3554409,Terra Roxa (SP),2016,80.0,79.43240189767246
3554409,Terra Roxa (SP),2017,80.0,81.05898878193443
3554409,Terra Roxa (SP),2018,75.0,78.12834178321056
3554409,Terra Roxa (SP),2019,80.0,77.38528629997231
3554409,Terra Roxa (SP),2020,80.0,80.5067441487316
3554409,Terra Roxa (SP),2021,78.0,77.25337820444832
3554409,Terra Roxa (SP),2022,78.0,78.93121301109807
3554409,Terra Roxa (SP),2023,85.0,83.41557044927232
3554409,Terra Roxa (SP),2024,80.0,80.89185080991561
3554508,Tietê (SP),2001,85.714,92.96585862624488
3554508,Tietê (SP),2002,100.0,89.06372423709821
3554508,Tietê (SP),2003,100.0,97.71629161591147
3554508,Tietê (SP),2004,98.0,89.56886920683755
3554508,Tietê (SP),2005,98.899,88.96645283556907
3554508,Tietê (SP),2006,100.0,90.47476393941822
3554508,Tietê (SP),2007,100.0,96.7424273685526
3554508,Tietê (SP),2008,100.0,97.44013609243801
3554508,Tietê (SP),2009,75.0,84.02657357669891
3554508,Tietê (SP),2010,70.588,73.15685521945272
3554508,Tietê (SP),2011,82.192,74.82363000126406
3554508,Tietê (SP),2012,82.0,81.0539587001155
3554508,Tietê (SP),2013,64.412,78.22481500160232
3554508,Tietê (SP),2014,75.0,69.99305711205338
3554508,Tietê (SP),2015,75.0,73.16974380326235
3554508,Tietê (SP),2016,75.0,76.60169398927076
3554508,Tietê (SP),2017,75.0,76.10845471963117
3554508,Tietê (SP),2018,75.0,75.7306794192901
3554508,Tietê (SP),2019,75.0,74.6339264673835
3554508,Tietê (SP),2020,75.0,84.16861152521318
3554508,Tietê (SP),2021,75.0,74.97658313134377
3554508,Tietê (SP),2022,75.0,75.57775977860074
3554508,Tietê (SP),2023,75.0,78.32411864345384
3554508,Tietê (SP),2024,75.0,75.97994341434291
3554607,Timburi (SP),2003,80.0,80.53935972942327
3554607,Timburi (SP),2004,82.0,81.35986889345976
3554607,Timburi (SP),2005,79.578,79.120465252824
3554607,Timburi (SP),2006,92.0,74.19489420389286
3554607,Timburi (SP),2007,80.0,84.6177921702743
3554607,Timburi (SP),2008,80.0,80.72429965866486
3554607,Timburi (SP),2009,80.5,79.80252717105455
3554607,Timburi (SP),2010,80.769,79.14821814105899
3554607,Timburi (SP),2011,80.0,79.08088504913262
3554607,Timburi (SP),2012,80.0,81.61220047334032
3554607,Timburi (SP),2013,86.0,84.31518573589062
3554607,Timburi (SP),2014,86.0,83.46033852413983
3554607,Timburi (SP),2015,80.0,85.52595641218231
3554607,Timburi (SP),2016,80.0,79.99526819778107
3554607,Timburi (SP),2017,80.0,80.56215481503135
3554607,Timburi (SP),2018,80.0,78.43031357558631
3554607,Timburi (SP),2019,80.0,75.92287879495483
3554607,Timburi (SP),2020,80.0,77.53086467334747
3554607,Timburi (SP),2021,80.0,80.60368542346768
3554607,Timburi (SP),2022,80.0,76.45646826958291
3554607,Timburi (SP),2023,75.0,75.91620585958532
3554607,Timburi (SP),2024,75.0,71.13521672252742
3554656,Torre de Pedra (SP),2011,50.0,50.41358395580809
3554656,Torre de Pedra (SP),2016,90.0,56.100040159299034
3554656,Torre de Pedra (SP),2017,90.0,89.62192818868378
3554656,Torre de Pedra (SP),2018,90.0,88.68878264467585
3554656,Torre de Pedra (SP),2019,84.286,86.60678101344314
3554656,Torre de Pedra (SP),2020,84.286,85.2815958557374
3554656,Torre de Pedra (SP),2021,88.143,85.38009073534799
3554656,Torre de Pedra (SP),2022,87.429,87.65605123533534
3554656,Torre de Pedra (SP),2023,86.571,88.07467139862749
3554656,Torre de Pedra (SP),2024,86.0,83.51201265106788
3554706,Torrinha (SP),2001,70.0,72.82903584310145
3554706,Torrinha (SP),2002,80.0,76.39409799841002
3554706,Torrinha (SP),2003,80.0,80.59501657039976
3554706,Torrinha (SP),2004,80.0,80.69765070409794
3554706,Torrinha (SP),2005,79.472,78.94655154822317
3554706,Torrinha (SP),2006,80.0,80.55888399169227
3554706,Torrinha (SP),2007,80.0,81.11228493717843
3554706,Torrinha (SP),2008,85.0,82.08763814717048
3554706,Torrinha (SP),2009,85.0,83.37464607692003
3554706,Torrinha (SP),2010,85.0,84.41065484392875
3554706,Torrinha (SP),2011,85.0,84.49294068608208
3554706,Torrinha (SP),2012,85.0,81.64134935080737
3554706,Torrinha (SP),2013,75.0,84.8397104738103
3554706,Torrinha (SP),2014,80.0,73.47156003361766
3554706,Torrinha (SP),2015,74.0,77.0550047328039
3554706,Torrinha (SP),2016,74.0,76.73825020423645
3554706,Torrinha (SP),2017,70.0,74.86268352850746
3554706,Torrinha (SP),2018,60.0,69.25047014755808
3554706,Torrinha (SP),2019,80.0,74.36784270998913
3554706,Torrinha (SP),2020,75.0,77.93530478708156
3554706,Torrinha (SP),2021,70.0,71.39413193493161
3554706,Torrinha (SP),2022,75.0,72.74006415735873
3554706,Torrinha (SP),2023,63.0,74.19324356986841
3554706,Torrinha (SP),2024,60.0,65.50554145132568
3554755,Trabiju (SP),2001,80.0,74.6699096783138
3554755,Trabiju (SP),2002,71.6,79.87820491081014
3554755,Trabiju (SP),2003,59.0,68.31526515959769
3554755,Trabiju (SP),2004,78.1,73.81049953984716
3554755,Trabiju (SP),2005,77.576,80.4341303608091
3554755,Trabiju (SP),2006,77.576,79.31337034484372
3554755,Trabiju (SP),2007,80.0,81.8431020837341
3554755,Trabiju (SP),2008,80.0,82.61882774939345
3554755,Trabiju (SP),2009,80.0,80.60165650198611
3554755,Trabiju (SP),2010,96.467,86.23559971216302
3554755,Trabiju (SP),2011,96.468,93.55377530732859
3554755,Trabiju (SP),2012,92.0,89.63915235075812
3554755,Trabiju (SP),2013,92.0,86.644461561446
3554755,Trabiju (SP),2014,75.0,83.97692762414013
3554755,Trabiju (SP),2015,80.0,76.84751269721573
3554755,Trabiju (SP),2016,80.0,80.13628302420928
3554755,Trabiju (SP),2017,75.0,78.4553982728358
3554755,Trabiju (SP),2018,75.0,75.42512592549738
3554755,Trabiju (SP),2019,76.667,75.93550093012718
3554755,Trabiju (SP),2020,77.0,77.92255206978017
3554755,Trabiju (SP),2021,78.0,76.36715581721747
3554755,Trabiju (SP),2022,75.0,77.75974766437835
3554755,Trabiju (SP),2023,76.317,77.65521586787284
3554755,Trabiju (SP),2024,65.0,70.76172454130469
3554904,Três Fronteiras (SP),2010,120.0,118.90498486884032
3554904,Três Fronteiras (SP),2011,100.0,107.08672972556613
3554904,Três Fronteiras (SP),2012,70.0,84.3425282727689
3554904,Três Fronteiras (SP),2013,70.0,71.46773122854408
3554904,Três Fronteiras (SP),2014,60.0,66.95227759777859
3554904,Três Fronteiras (SP),2015,80.0,79.93072863341074
3554904,Três Fronteiras (SP),2016,80.0,80.07909174536647
3554904,Três Fronteiras (SP),2017,70.0,77.421226307241
3554904,Três Fronteiras (SP),2018,60.0,67.92715267102685
3554904,Três Fronteiras (SP),2019,80.0,77.24253690730593
3554904,Três Fronteiras (SP),2020,70.0,77.05340367971233
3554904,Três Fronteiras (SP),2021,80.0,72.62683075505052
3554904,Três Fronteiras (SP),2022,80.0,79.71419000807018
3554904,Três Fronteiras (SP),2023,80.0,83.34179983686245
3554904,Três Fronteiras (SP),2024,80.0,78.35075414445338
3555000,Tupã (SP),2005,96.233,87.67531328025602
3555000,Tupã (SP),2006,91.636,86.6715014213403
3555000,Tupã (SP),2007,70.0,87.96532472955832
3555000,Tupã (SP),2008,65.0,71.5252787117864
3555000,Tupã (SP),2009,70.0,72.12267813804122
3555000,Tupã (SP),2010,80.0,77.7064141106735
3555000,Tupã (SP),2011,120.0,77.9378048425063
3555000,Tupã (SP),2012,80.0,76.31551619239096
3555000,Tupã (SP),2013,60.0,71.90060627263101
3555000,Tupã (SP),2014,60.0,65.25160214760199
3555000,Tupã (SP),2015,75.0,71.77640741323644
3555000,Tupã (SP),2016,85.0,79.89623422965842
3555000,Tupã (SP),2017,60.0,73.97953873986066
3555000,Tupã (SP),2018,72.17,73.68173394373316
3555000,Tupã (SP),2019,75.0,73.75075670297421
3555000,Tupã (SP),2020,60.0,69.39388799475509
3555000,Tupã (SP),2021,55.0,62.31717517002444
3555000,Tupã (SP),2022,70.0,69.67106190461328
3555000,Tupã (SP),2023,75.0,76.2773952445225
3555000,Tupã (SP),2024,55.0,61.30135560696247
3555109,Tupi Paulista (SP),2006,90.0,88.27397814009764
3555109,Tupi Paulista (SP),2007,84.262,84.65474720211105
3555109,Tupi Paulista (SP),2008,80.0,83.99673588201398
3555109,Tupi Paulista (SP),2009,80.0,83.97771211727378
3555109,Tupi Paulista (SP),2010,100.0,88.48791535739596
3555109,Tupi Paulista (SP),2011,90.967,93.98465514318183
3555109,Tupi Paulista (SP),2012,78.0,76.07302181961012
3555109,Tupi Paulista (SP),2013,84.345,81.06014902325029
3555109,Tupi Paulista (SP),2014,67.476,69.61238278590159
3555109,Tupi Paulista (SP),2015,81.0,74.79125933156148
3555109,Tupi Paulista (SP),2016,80.0,78.83786061435761
3555109,Tupi Paulista (SP),2017,72.0,73.94853876256707
3555109,Tupi Paulista (SP),2018,70.0,70.21946437842809
3555109,Tupi Paulista (SP),2019,70.0,69.95009075434737
3555109,Tupi Paulista (SP),2020,70.0,69.99028944352109
3555109,Tupi Paulista (SP),2021,60.0,63.882880047639475
3555109,Tupi Paulista (SP),2022,67.0,68.74917685673697
3555109,Tupi Paulista (SP),2023,80.0,76.79571543498705
3555109,Tupi Paulista (SP),2024,65.0,64.5827262105811
3555208,Turiúba (SP),2005,94.625,84.95016250479227
3555208,Turiúba (SP),2006,100.0,96.28077687639818
3555208,Turiúba (SP),2007,120.0,110.15240328541371
3555208,Turiúba (SP),2008,123.96,105.96122150276759
3555208,Turiúba (SP),2009,120.0,109.62679201235613
3555208,Turiúba (SP),2010,120.0,113.40457207894885
3555208,Turiúba (SP),2011,80.415,99.25185993578647
3555208,Turiúba (SP),2012,80.0,80.01339667721237
3555208,Turiúba (SP),2013,77.624,81.29197202853737
3555208,Turiúba (SP),2014,60.0,67.87962606171607
3555208,Turiúba (SP),2015,70.0,71.04898981870109
3555208,Turiúba (SP),2016,94.26,78.10943363920506
3555208,Turiúba (SP),2017,80.0,85.99584280427938
3555208,Turiúba (SP),2018,80.0,77.40623874563141
3555208,Turiúba (SP),2019,65.0,75.50682441729208
3555208,Turiúba (SP),2020,90.0,79.68129407373046
3555208,Turiúba (SP),2021,50.0,72.10809848917384
3555208,Turiúba (SP),2022,70.0,69.83433037008827
3555208,Turiúba (SP),2023,90.0,87.19823104745775
3555208,Turiúba (SP),2024,80.0,80.20353282595873
3555307,Turmalina (SP),2001,80.0,72.57468262290442
3555307,Turmalina (SP),2002,80.0,78.93398548105891
3555307,Turmalina (SP),2003,21.676,62.515817828679474
3555307,Turmalina (SP),2004,80.0,67.45398087459111
3555307,Turmalina (SP),2005,89.651,90.07389548368299
3555307,Turmalina (SP),2006,80.0,86.50137097721192
3555307,Turmalina (SP),2007,78.0,82.52037688091386
3555307,Turmalina (SP),2008,90.0,88.52526277450319
3555307,Turmalina (SP),2009,78.73,94.51301760128807
3555307,Turmalina (SP),2010,80.0,81.48037724677192
3555307,Turmalina (SP),2011,80.0,79.60152607057434
3555307,Turmalina (SP),2012,85.0,82.0126955589944
3555307,Turmalina (SP),2013,70.0,80.19930224766648
3555307,Turmalina (SP),2014,70.0,68.53218281082394
3555307,Turmalina (SP),2015,60.0,70.24101905570951
3555307,Turmalina (SP),2016,60.0,64.60410225796771
3555307,Turmalina (SP),2017,80.0,73.20448529496755
3555307,Turmalina (SP),2018,60.0,74.90973390902766
3555307,Turmalina (SP),2019,75.0,74.6443812113642
3555307,Turmalina (SP),2020,75.0,74.53180201497695
3555307,Turmalina (SP),2021,75.0,73.12973367199464
3555307,Turmalina (SP),2022,73.333,72.80129251229312
3555307,Turmalina (SP),2023,80.02,78.86307092982806
3555307,Turmalina (SP),2024,72.964,77.84458452211183
3555356,Ubarana (SP),2001,80.0,79.77100212278442
3555356,Ubarana (SP),2002,96.952,85.3745988154859
3555356,Ubarana (SP),2003,62.483,92.37555876195427
3555356,Ubarana (SP),2004,100.0,71.00319949211608
3555356,Ubarana (SP),2005,79.739,91.54195754101075
3555356,Ubarana (SP),2006,60.0,83.0811643707635
3555356,Ubarana (SP),2007,80.0,81.68924993334443
3555356,Ubarana (SP),2008,80.0,81.20249520003425
3555356,Ubarana (SP),2009,80.0,82.94715610592208
3555356,Ubarana (SP),2010,80.0,80.43449962895856
3555356,Ubarana (SP),2011,80.0,78.6275555014649
3555356,Ubarana (SP),2012,80.0,80.26662002194074
3555356,Ubarana (SP),2013,80.0,81.53988223417485
3555356,Ubarana (SP),2014,80.0,70.84939706782339
3555356,Ubarana (SP),2015,80.0,80.14176388431606
3555356,Ubarana (SP),2016,90.0,83.37755492799437
3555356,Ubarana (SP),2017,90.0,87.24416031867798
3555356,Ubarana (SP),2018,90.0,79.22758281660555
3555356,Ubarana (SP),2019,90.0,85.0590307733991
3555356,Ubarana (SP),2020,90.0,89.53199171458463
3555356,Ubarana (SP),2021,80.0,72.91179131128959
3555356,Ubarana (SP),2022,80.0,77.82670760135542
3555356,Ubarana (SP),2023,90.0,86.08367794246347
3555356,Ubarana (SP),2024,90.0,84.96969774933724
3555505,Ubirajara (SP),2008,67.198,68.76766723027146
3555505,Ubirajara (SP),2009,68.198,69.92669035810746
3555505,Ubirajara (SP),2010,70.0,69.4541559638942
3555505,Ubirajara (SP),2011,72.0,71.3331296307305
3555505,Ubirajara (SP),2012,72.022,72.30961021277696
3555505,Ubirajara (SP),2013,59.925,69.86988844277404
3555505,Ubirajara (SP),2014,72.0,69.21532684727774
3555505,Ubirajara (SP),2015,52.0,65.46640363050437
3555505,Ubirajara (SP),2016,70.0,62.91107926011488
3555505,Ubirajara (SP),2017,70.0,68.75821494188729
3555604,Uchoa (SP),2001,80.0,77.3065223403802
3555604,Uchoa (SP),2002,70.0,75.47347149870099
3555604,Uchoa (SP),2003,80.0,74.49709371467738
3555604,Uchoa (SP),2004,80.0,83.68728695579642
3555604,Uchoa (SP),2005,79.47,82.81561479752925
3555604,Uchoa (SP),2006,80.0,83.7469248707324
3555604,Uchoa (SP),2007,80.0,81.67858495435523
3555604,Uchoa (SP),2008,75.0,80.83415094006656
3555604,Uchoa (SP),2009,80.0,79.19048186049244
3555604,Uchoa (SP),2010,80.0,79.99417157957286
3555604,Uchoa (SP),2011,80.0,79.27747693735728
3555604,Uchoa (SP),2012,80.0,80.12052339850251
3555604,Uchoa (SP),2013,80.0,80.56662210924533
3555604,Uchoa (SP),2014,70.0,72.04915123935785
3555604,Uchoa (SP),2015,80.0,77.56288119932874
3555604,Uchoa (SP),2016,110.0,84.5248083552371
3555604,Uchoa (SP),2017,110.0,94.93233264427182
3555604,Uchoa (SP),2018,90.0,88.55836346159599
3555604,Uchoa (SP),2019,90.0,84.29102233870643
3555604,Uchoa (SP),2020,80.0,86.2867068809794
3555604,Uchoa (SP),2021,70.0,73.23259885360636
3555604,Uchoa (SP),2022,70.0,78.23481338545045
3555604,Uchoa (SP),2023,90.0,84.31634721725479
3555604,Uchoa (SP),2024,90.0,85.47613120938819
3555703,União Paulista (SP),2001,120.0,97.25796602176061
3555703,União Paulista (SP),2002,73.846,89.47683716745756
3555703,União Paulista (SP),2003,120.0,82.36184877517314
3555703,União Paulista (SP),2004,104.0,100.46066837260364
3555703,União Paulista (SP),2005,99.357,95.72701042679819
3555703,União Paulista (SP),2006,120.0,110.62005346879629
3555703,União Paulista (SP),2007,90.0,103.43872209072875
3555703,União Paulista (SP),2008,90.0,89.1537653178785
3555703,União Paulista (SP),2009,90.0,88.41561203918485
3555703,União Paulista (SP),2010,90.0,89.51942590570967
3555703,União Paulista (SP),2011,90.0,89.45770215378758
3555703,União Paulista (SP),2012,90.0,83.97097641659708
3555703,União Paulista (SP),2013,110.0,94.03292816727911
3555703,União Paulista (SP),2014,80.0,82.49778206792578
3555703,União Paulista (SP),2015,100.0,84.1108834757306
3555703,União Paulista (SP),2016,100.0,96.83132524247394
3555703,União Paulista (SP),2017,100.0,98.89418140170997
3555703,União Paulista (SP),2018,100.0,96.55235049188997
3555703,União Paulista (SP),2019,80.0,86.60881483201523
3555703,União Paulista (SP),2020,80.0,81.4135310931698
3555703,União Paulista (SP),2021,90.0,80.48937584472
3555703,União Paulista (SP),2022,80.0,85.02622737973996
3555703,União Paulista (SP),2023,100.0,86.94487220260304
3555703,União Paulista (SP),2024,100.0,93.62399271022541
3555802,Urânia (SP),2007,90.0,81.75441863664359
3555802,Urânia (SP),2008,90.0,88.1861514107688
3555802,Urânia (SP),2009,114.0,102.03506454699846
3555802,Urânia (SP),2010,113.0,98.79775996070468
3555802,Urânia (SP),2011,80.0,94.54977562156363
3555802,Urânia (SP),2012,92.0,82.96711386650246
3555802,Urânia (SP),2013,100.0,91.5677471415466
3555802,Urânia (SP),2014,80.0,88.03378885216632
3555802,Urânia (SP),2015,100.0,87.4865627695417
3555802,Urânia (SP),2016,120.0,104.94917692379262
3555802,Urânia (SP),2017,120.0,106.22861399612928
3555802,Urânia (SP),2018,120.0,113.45344171080399
3555802,Urânia (SP),2019,110.0,100.66181576215449
3555802,Urânia (SP),2020,110.0,100.73087116057552
3555802,Urânia (SP),2021,80.0,88.17930802873514
3555802,Urânia (SP),2022,80.0,80.5144002287034
3555802,Urânia (SP),2023,100.0,83.34769130368132
3555802,Urânia (SP),2024,98.413,95.4557041524309
3555901,Uru (SP),2007,50.0,72.47693839729305
3555901,Uru (SP),2008,50.0,58.66410635618995
3555901,Uru (SP),2009,120.0,86.17898597188233
3555901,Uru (SP),2010,119.992,111.66146726075766
3555901,Uru (SP),2011,119.993,115.06354635586749
3555901,Uru (SP),2013,120.049,109.80439391254008
3555901,Uru (SP),2014,99.972,100.68840561002881
3555901,Uru (SP),2015,120.0,104.07218246173859
3555901,Uru (SP),2016,120.013,107.10095340507416
3555901,Uru (SP),2017,120.0,110.83781342524843
3555901,Uru (SP),2018,110.0,107.60512747547838
3555901,Uru (SP),2019,75.0,95.18261120294302
3555901,Uru (SP),2020,75.0,73.7853941117087
3555901,Uru (SP),2021,90.0,75.3224379084249
3555901,Uru (SP),2022,90.0,88.92730874399344
3555901,Uru (SP),2023,90.0,90.12246891726842
3555901,Uru (SP),2024,90.0,84.8361207127178
3556008,Urupês (SP),2001,70.0,75.54233368852674
3556008,Urupês (SP),2002,82.418,79.84716937067553
3556008,Urupês (SP),2003,80.0,81.0700531468014
3556008,Urupês (SP),2004,76.722,83.30215178427962
3556008,Urupês (SP),2005,79.469,82.75646296100484
3556008,Urupês (SP),2006,80.0,84.67355559744333
3556008,Urupês (SP),2007,80.0,81.33012860527958
3556008,Urupês (SP),2008,80.0,81.8628841045574
3556008,Urupês (SP),2009,80.0,82.72287631773504
3556008,Urupês (SP),2010,80.0,80.01335355743869
3556008,Urupês (SP),2011,80.0,79.61146928687603
3556008,Urupês (SP),2012,80.0,79.96523789981671
3556008,Urupês (SP),2013,80.0,80.94763668392214
3556008,Urupês (SP),2014,72.0,73.00094029968183
3556008,Urupês (SP),2015,80.0,77.89135111128171
3556008,Urupês (SP),2016,90.0,84.75857424394003
3556008,Urupês (SP),2017,90.0,89.27048916173523
3556008,Urupês (SP),2018,80.0,85.5011871175148
3556008,Urupês (SP),2019,70.0,72.15032195926406
3556008,Urupês (SP),2020,80.0,76.84025928951044
3556008,Urupês (SP),2021,68.0,72.99499258182097
3556008,Urupês (SP),2022,90.0,79.8166735319104
3556008,Urupês (SP),2023,90.0,91.89502406790353
3556008,Urupês (SP),2024,80.0,85.98816867686516
3556107,Valentim Gentil (SP),2002,50.0,70.19535096394812
3556107,Valentim Gentil (SP),2003,50.0,55.472818617007995
3556107,Valentim Gentil (SP),2004,50.0,52.895956838001865
3556107,Valentim Gentil (SP),2006,50.0,57.37519552891554
3556107,Valentim Gentil (SP),2008,110.0,80.65682684459983
3556107,Valentim Gentil (SP),2009,90.0,89.75276300267628
3556107,Valentim Gentil (SP),2010,78.809,86.74973991298327
3556107,Valentim Gentil (SP),2011,78.151,75.13630814669118
3556107,Valentim Gentil (SP),2013,90.0,82.96013547248853
3556107,Valentim Gentil (SP),2014,90.0,84.37193598782545
3556107,Valentim Gentil (SP),2015,90.0,89.79768892861748
3556107,Valentim Gentil (SP),2016,70.0,80.30455120894665
3556107,Valentim Gentil (SP),2017,68.0,72.38706883093762
3556107,Valentim Gentil (SP),2018,65.0,66.88136858130446
3556107,Valentim Gentil (SP),2019,73.0,70.47667844544833
3556107,Valentim Gentil (SP),2020,70.0,70.60383022857384
3556107,Valentim Gentil (SP),2021,70.0,67.80708957518871
3556107,Valentim Gentil (SP),2022,68.0,73.41561056257058
3556107,Valentim Gentil (SP),2023,80.0,78.62310757707918
3556107,Valentim Gentil (SP),2024,75.0,75.95681788220247
3556305,Valparaíso (SP),2001,86.086,85.98506451900356
3556305,Valparaíso (SP),2002,80.6,79.39354000024896
3556305,Valparaíso (SP),2003,90.0,82.25158313514747
3556305,Valparaíso (SP),2004,81.458,86.60715457515326
3556305,Valparaíso (SP),2005,72.0,78.63777886304274
3556305,Valparaíso (SP),2006,80.0,78.58106748143233
3556305,Valparaíso (SP),2007,69.999,83.51102458964345
3556305,Valparaíso (SP),2008,80.0,77.22774085169067
3556305,Valparaíso (SP),2009,72.0,83.045087585468
3556305,Valparaíso (SP),2010,72.0,75.96434248403033
3556305,Valparaíso (SP),2011,72.0,76.6109027601355
3556305,Valparaíso (SP),2012,72.0,72.75080055948087
3556305,Valparaíso (SP),2013,80.0,75.04979292963667
3556305,Valparaíso (SP),2014,62.0,65.46913549801694
3556305,Valparaíso (SP),2015,75.0,76.71966058300158
3556305,Valparaíso (SP),2016,82.382,75.24832239783736
3556305,Valparaíso (SP),2017,84.0,83.12526060830183
3556305,Valparaíso (SP),2018,82.0,78.06569406135529
3556305,Valparaíso (SP),2019,82.0,77.83778790362192
3556305,Valparaíso (SP),2020,82.0,80.68672052185738
3556305,Valparaíso (SP),2021,70.0,74.24174524647407
3556305,Valparaíso (SP),2022,70.0,71.00977177545082
3556305,Valparaíso (SP),2023,69.514,74.68735028230886
3556305,Valparaíso (SP),2024,80.0,73.5341686842379
3556354,Vargem (SP),2003,50.0,50.68285121604785
3556354,Vargem (SP),2004,50.0,49.585330462759465
3556354,Vargem (SP),2005,44.714,48.01592614377287
3556354,Vargem (SP),2006,80.0,58.89213619200242
3556354,Vargem (SP),2007,45.0,67.41141094249619
3556354,Vargem (SP),2008,45.0,45.95635634886639
3556354,Vargem (SP),2009,45.0,43.99203372116771
3556354,Vargem (SP),2010,50.0,54.39388507519195
3556354,Vargem (SP),2011,50.0,53.223854857503596
3556354,Vargem (SP),2012,80.0,63.802081632631264
3556404,Vargem Grande do Sul (SP),2001,90.0,87.2580882038503
3556404,Vargem Grande do Sul (SP),2002,87.0,86.56647901395304
3556404,Vargem Grande do Sul (SP),2003,80.586,87.32265992960818
3556404,Vargem Grande do Sul (SP),2004,81.0,80.15877248190894
3556404,Vargem Grande do Sul (SP),2005,81.45,81.73910324157346
3556404,Vargem Grande do Sul (SP),2006,85.0,84.15754367941845
3556404,Vargem Grande do Sul (SP),2007,90.0,87.54916855983731
3556404,Vargem Grande do Sul (SP),2008,85.0,88.79566060994959
3556404,Vargem Grande do Sul (SP),2009,90.001,87.01896549333168
3556404,Vargem Grande do Sul (SP),2010,100.0,95.42980099574089
3556404,Vargem Grande do Sul (SP),2011,76.65,86.26095090072617
3556404,Vargem Grande do Sul (SP),2012,90.0,82.63587413730993
3556404,Vargem Grande do Sul (SP),2013,90.138,91.33702170472687
3556404,Vargem Grande do Sul (SP),2014,89.988,86.74566575361052
3556404,Vargem Grande do Sul (SP),2015,75.278,88.65122149888366
3556404,Vargem Grande do Sul (SP),2016,119.995,77.04068583981064
3556404,Vargem Grande do Sul (SP),2017,120.0,111.46620194113146
3556404,Vargem Grande do Sul (SP),2018,120.0,110.77926681497792
3556404,Vargem Grande do Sul (SP),2019,90.0,101.2852954045928
3556404,Vargem Grande do Sul (SP),2020,75.0,84.38688092942631
3556404,Vargem Grande do Sul (SP),2021,106.665,82.19175671534458
3556404,Vargem Grande do Sul (SP),2022,102.222,97.78100812323497
3556404,Vargem Grande do Sul (SP),2023,100.0,96.80435697487245
3556404,Vargem Grande do Sul (SP),2024,92.0,88.92512953322192
3556503,Várzea Paulista (SP),2003,50.0,52.07097859347598
3556503,Várzea Paulista (SP),2004,50.0,51.1517527406205
3556503,Várzea Paulista (SP),2005,52.0,51.041934108849475
3556503,Várzea Paulista (SP),2006,50.0,53.688643433594194
3556503,Várzea Paulista (SP),2007,50.0,51.635550856129974
3556503,Várzea Paulista (SP),2008,50.0,50.95813720035523
3556503,Várzea Paulista (SP),2010,80.0,61.1463918334582
3556800,Viradouro (SP),2001,90.322,91.63877764096468
3556800,Viradouro (SP),2002,84.615,87.55934953079738
3556800,Viradouro (SP),2003,90.383,86.29558560999756
3556800,Viradouro (SP),2004,91.0,89.31197944063439
3556800,Viradouro (SP),2005,93.442,91.48047707093988
3556800,Viradouro (SP),2006,90.0,91.85520419274701
3556800,Viradouro (SP),2007,90.0,89.63787114590644
3556800,Viradouro (SP),2008,85.0,87.88919415837704
3556800,Viradouro (SP),2009,86.0,86.30981152664725
3556800,Viradouro (SP),2010,80.0,82.13352080269529
3556800,Viradouro (SP),2011,65.0,75.10209156029609
3556800,Viradouro (SP),2012,80.0,78.49694441019766
3556800,Viradouro (SP),2013,80.0,81.2876911452986
3556800,Viradouro (SP),2014,64.0,68.60663477589077
3556800,Viradouro (SP),2015,75.0,73.76518718032959
3556800,Viradouro (SP),2016,80.0,79.43240189767246
3556800,Viradouro (SP),2017,80.0,81.06922687717253
3556800,Viradouro (SP),2018,75.0,78.12834178321056
3556800,Viradouro (SP),2019,80.0,77.38528629997231
3556800,Viradouro (SP),2020,80.0,80.51507952373161
3556800,Viradouro (SP),2021,78.0,77.31580322230546
3556800,Viradouro (SP),2022,78.0,78.9083446678441
3556800,Viradouro (SP),2023,85.0,83.38692597308186
3556800,Viradouro (SP),2024,80.0,80.84819968708011
3556909,Vista Alegre do Alto (SP),2001,100.0,91.83708791106474
3556909,Vista Alegre do Alto (SP),2002,102.857,96.13812524499119
3556909,Vista Alegre do Alto (SP),2003,100.0,98.22991618050328
3556909,Vista Alegre do Alto (SP),2004,90.0,92.88323333978339
3556909,Vista Alegre do Alto (SP),2005,89.396,89.73429488848582
3556909,Vista Alegre do Alto (SP),2006,76.5,84.41489914774634
3556909,Vista Alegre do Alto (SP),2007,76.0,82.03011145475402
3556909,Vista Alegre do Alto (SP),2008,89.761,86.01543533195148
3556909,Vista Alegre do Alto (SP),2009,80.0,87.12408620767602
3556909,Vista Alegre do Alto (SP),2010,80.0,81.22884163697849
3556909,Vista Alegre do Alto (SP),2011,80.0,79.75580775718325
3556909,Vista Alegre do Alto (SP),2012,90.0,80.7675204942576
3556909,Vista Alegre do Alto (SP),2013,100.0,91.22944123728253
3556909,Vista Alegre do Alto (SP),2014,82.0,80.8807837266369
3556909,Vista Alegre do Alto (SP),2015,99.54,86.81090967659534
3556909,Vista Alegre do Alto (SP),2016,96.0,95.86000129555435
3556909,Vista Alegre do Alto (SP),2017,90.0,89.31419564195559
3556909,Vista Alegre do Alto (SP),2018,95.0,87.99591535020154
3556909,Vista Alegre do Alto (SP),2019,90.0,90.13941535927344
3556909,Vista Alegre do Alto (SP),2020,87.0,90.44793984545699
3556909,Vista Alegre do Alto (SP),2021,75.0,70.47892162426461
3556909,Vista Alegre do Alto (SP),2022,88.0,79.62729953024429
3556909,Vista Alegre do Alto (SP),2023,86.0,88.35551476236581
3556909,Vista Alegre do Alto (SP),2024,86.0,79.20694309698068
3556958,Vitória Brasil (SP),2003,58.344,67.54645898181334
3556958,Vitória Brasil (SP),2004,80.0,78.37997361724385
3556958,Vitória Brasil (SP),2005,99.328,92.47023463909622
3556958,Vitória Brasil (SP),2006,140.0,111.97755366377993
3556958,Vitória Brasil (SP),2007,119.259,110.90483413247948
3556958,Vitória Brasil (SP),2008,90.0,89.06039977150624
3556958,Vitória Brasil (SP),2009,86.19,94.63974941946988
3556958,Vitória Brasil (SP),2010,125.0,99.09603867236929
3556958,Vitória Brasil (SP),2011,110.0,105.80998757424521
3556958,Vitória Brasil (SP),2012,95.0,84.24070618775666
3556958,Vitória Brasil (SP),2013,95.0,88.59874103366371
3556958,Vitória Brasil (SP),2014,90.0,84.07499446131438
3556958,Vitória Brasil (SP),2015,100.0,93.26790722091515
3556958,Vitória Brasil (SP),2016,100.0,104.08294577678727
3556958,Vitória Brasil (SP),2017,100.0,98.87822833084003
3556958,Vitória Brasil (SP),2018,100.0,100.54057180304864
3556958,Vitória Brasil (SP),2019,85.0,91.95906402296428
3556958,Vitória Brasil (SP),2020,100.0,87.26107675715134
3556958,Vitória Brasil (SP),2021,80.0,90.80130514715835
3556958,Vitória Brasil (SP),2022,80.0,79.55705815744709
3556958,Vitória Brasil (SP),2023,88.333,86.43830535026923
3556958,Vitória Brasil (SP),2024,85.472,81.27938507190034
3557006,Votorantim (SP),2002,70.0,72.74405185652846
3557006,Votorantim (SP),2003,70.0,70.03760173635273
3557006,Votorantim (SP),2004,70.0,68.25228907112107
3557006,Votorantim (SP),2005,69.531,75.1144558640081
3557006,Votorantim (SP),2006,80.0,71.90469705305692
3557006,Votorantim (SP),2007,69.0,73.75360370361115
3557006,Votorantim (SP),2008,69.531,68.97414704767102
3557105,Votuporanga (SP),2005,71.799,82.5096578875799
3557105,Votuporanga (SP),2006,90.0,82.02728830848493
3557105,Votuporanga (SP),2007,90.0,88.4426069341935
3557105,Votuporanga (SP),2008,90.0,89.15222183941516
3557105,Votuporanga (SP),2009,90.0,89.75289385666024
3557105,Votuporanga (SP),2010,86.931,88.25453751423525
3557105,Votuporanga (SP),2011,50.0,79.58643774432515
3557105,Votuporanga (SP),2012,90.0,66.59130298343322
3557105,Votuporanga (SP),2013,77.332,83.57277873609526
3557105,Votuporanga (SP),2014,70.0,73.17444669700082
3557105,Votuporanga (SP),2015,70.0,72.66245232053865
3557105,Votuporanga (SP),2016,70.0,75.52574813049608
3557105,Votuporanga (SP),2017,75.0,74.24401719317376
3557105,Votuporanga (SP),2018,75.0,75.10086933476089
3557105,Votuporanga (SP),2019,70.0,69.82046907913609
3557105,Votuporanga (SP),2020,70.0,71.87701897111816
3557105,Votuporanga (SP),2021,70.0,67.54050365926885
3557105,Votuporanga (SP),2022,70.0,72.38740114213294
3557105,Votuporanga (SP),2023,70.0,77.89692653464503
3557105,Votuporanga (SP),2024,70.0,71.47751010515941
3557154,Zacarias (SP),2005,99.329,96.0100171487433
3557154,Zacarias (SP),2006,120.0,107.38237468498289
3557154,Zacarias (SP),2007,120.0,107.6682099222722
3557154,Zacarias (SP),2008,122.663,106.87229463782367
3557154,Zacarias (SP),2009,120.0,110.97844265188326
3557154,Zacarias (SP),2010,100.0,110.3183440972777
3557154,Zacarias (SP),2011,88.24,85.72827880185295
3557154,Zacarias (SP),2012,88.0,82.99254672234852
3557154,Zacarias (SP),2013,83.016,85.6792395549868
3557154,Zacarias (SP),2014,70.0,69.74329192083029
3557154,Zacarias (SP),2015,80.0,75.72833220013493
3557154,Zacarias (SP),2016,80.0,82.08335222529273
3557154,Zacarias (SP),2017,80.0,79.9196684483219
3557154,Zacarias (SP),2018,80.0,77.58245003898226
3557154,Zacarias (SP),2019,80.0,76.22547473440557
3557154,Zacarias (SP),2020,80.0,79.80522754573745
3557154,Zacarias (SP),2021,80.0,78.7864407446187
3557154,Zacarias (SP),2022,80.0,78.41693488805923
3557154,Zacarias (SP),2023,100.0,87.78500720477093
3557154,Zacarias (SP),2024,80.0,87.4469822104613
3557204,Chavantes (SP),2001,80.0,84.81917930175383
3557204,Chavantes (SP),2002,70.0,76.83520387191962
3557204,Chavantes (SP),2003,70.0,71.86683413198509
3557204,Chavantes (SP),2004,70.0,71.63667512294893
3557204,Chavantes (SP),2005,79.474,76.16761333978617
3557204,Chavantes (SP),2006,80.0,79.11434926689542
3557204,Chavantes (SP),2007,79.45,84.3571451609433
3557204,Chavantes (SP),2008,80.0,80.0558903495202
3557204,Chavantes (SP),2009,80.0,80.27950699039233
3557204,Chavantes (SP),2010,80.0,79.56784469138672
3557204,Chavantes (SP),2011,80.0,79.570321961493
3557204,Chavantes (SP),2012,80.0,79.65481219737794
3557204,Chavantes (SP),2013,80.0,82.30963660721473
3557204,Chavantes (SP),2014,80.0,80.10426983295059
3557204,Chavantes (SP),2015,75.0,77.95272483866333
3557204,Chavantes (SP),2016,100.0,83.270854187148
3557204,Chavantes (SP),2017,90.0,90.71159100608622
3557204,Chavantes (SP),2018,85.0,86.31672226225939
3557204,Chavantes (SP),2019,80.0,83.05257157577374
3557204,Chavantes (SP),2020,78.96,78.83042727965785
3557204,Chavantes (SP),2021,85.0,80.24289612273837
3557204,Chavantes (SP),2022,83.333,84.84591613107904
3557204,Chavantes (SP),2023,82.778,82.79298987027646
3557204,Chavantes (SP),2024,75.0,77.73350842642772
3557303,Estiva Gerbi (SP),2001,80.0,79.21798704157521
3557303,Estiva Gerbi (SP),2002,80.0,79.93825336494048
3557303,Estiva Gerbi (SP),2003,80.0,79.78715349369276
3557303,Estiva Gerbi (SP),2004,80.0,80.92773468244266
3557303,Estiva Gerbi (SP),2005,79.463,80.97626542760082
3557303,Estiva Gerbi (SP),2006,80.0,81.60512656197159
3557303,Estiva Gerbi (SP),2007,67.0,84.67752077474637
3557303,Estiva Gerbi (SP),2008,67.0,71.79398283314902
3557303,Estiva Gerbi (SP),2009,67.0,73.6210507833774
3557303,Estiva Gerbi (SP),2010,80.0,75.10089745915054
3557303,Estiva Gerbi (SP),2011,80.0,79.74249133549225
3557303,Estiva Gerbi (SP),2012,80.0,80.4659623239998
3557303,Estiva Gerbi (SP),2013,85.0,80.90524244832642
3557303,Estiva Gerbi (SP),2014,72.25,73.47878229462202
3557303,Estiva Gerbi (SP),2015,70.0,71.51448591078575
3557303,Estiva Gerbi (SP),2016,90.0,77.20029970009297
3557303,Estiva Gerbi (SP),2017,90.0,87.28056176418382
3557303,Estiva Gerbi (SP),2018,45.0,77.95524414980542
3557303,Estiva Gerbi (SP),2019,77.5,70.79123717467134
3557303,Estiva Gerbi (SP),2020,100.0,88.48123466283816
3557303,Estiva Gerbi (SP),2021,70.0,88.23817997670383
3557303,Estiva Gerbi (SP),2022,100.0,81.33256052277902
3557303,Estiva Gerbi (SP),2023,85.0,96.4906310293663
3557303,Estiva Gerbi (SP),2024,79.05,79.14561282435616
